2026-04-27 17:51:48  INFO     root  日志初始化完成 → logs (保留 30 天, 级别 INFO)
2026-04-27 17:51:48  INFO     root  日志初始化完成 → logs (保留 30 天, 级别 INFO)
2026-04-27 17:51:48  INFO     root  日志初始化完成 → logs (保留 30 天, 级别 INFO)
2026-04-27 17:51:48  INFO     uvicorn.error  Started server process [77724]
2026-04-27 17:51:48  INFO     uvicorn.error  Waiting for application startup.
2026-04-27 17:51:48  INFO     uvicorn.error  Application startup complete.
2026-04-27 17:51:48  INFO     uvicorn.error  Uvicorn running on http://0.0.0.0:8100 (Press CTRL+C to quit)
2026-04-27 17:52:49  INFO     uvicorn.access  127.0.0.1:58096 - "GET /play HTTP/1.1" 200
2026-04-27 17:52:49  INFO     uvicorn.access  127.0.0.1:58096 - "GET /static/css/play.css?v=1777283508 HTTP/1.1" 200
2026-04-27 17:52:49  INFO     uvicorn.access  127.0.0.1:59497 - "GET /static/js/play.js?v=1777283508 HTTP/1.1" 200
2026-04-27 17:52:49  INFO     uvicorn.access  127.0.0.1:59497 - "GET /static/css/common.css HTTP/1.1" 304
2026-04-27 17:52:49  INFO     uvicorn.access  127.0.0.1:58096 - "GET /static/js/common.js HTTP/1.1" 304
2026-04-27 17:52:49  INFO     uvicorn.access  127.0.0.1:58096 - "GET /api/announcement?page=play HTTP/1.1" 200
error: failed to open file `/root/.cache/uv/sdists-v9/.git`: Read-only file system (os error 30)
error: Failed to query Python interpreter at `/sd/root_data/huitu/.venv/bin/python3`
  Caused by: Permission denied (os error 13)
2026-05-27 00:55:05  INFO     root  日志初始化完成 → logs (保留 30 天, 级别 INFO)
2026-05-27 00:55:05  INFO     root  日志初始化完成 → logs (保留 30 天, 级别 INFO)
/sd/root_data/huitu/app/main.py:93: DeprecationWarning: 
        on_event is deprecated, use lifespan event handlers instead.

        Read more about it in the
        [FastAPI docs for Lifespan Events](https://fastapi.tiangolo.com/advanced/events/).
        
  @app.on_event("startup")
2026-05-27 00:55:05  INFO     root  日志初始化完成 → logs (保留 30 天, 级别 INFO)
2026-05-27 00:55:05  INFO     root  日志初始化完成 → logs (保留 30 天, 级别 INFO)
2026-05-27 00:55:05  INFO     uvicorn.error  Started server process [12]
2026-05-27 00:55:05  INFO     uvicorn.error  Started server process [12]
2026-05-27 00:55:05  INFO     uvicorn.error  Waiting for application startup.
2026-05-27 00:55:05  INFO     uvicorn.error  Waiting for application startup.
2026-05-27 00:55:05  ERROR    uvicorn.error  Traceback (most recent call last):
  File "/sd/root_data/huitu/app/database.py", line 34, in _get_mysql
    import aiomysql
ModuleNotFoundError: No module named 'aiomysql'

During handling of the above exception, another exception occurred:

Traceback (most recent call last):
  File "/sd/root_data/huitu/.venv/lib/python3.12/site-packages/starlette/routing.py", line 638, in lifespan
    async with self.lifespan_context(app) as maybe_state:
  File "/usr/lib/python3.12/contextlib.py", line 210, in __aenter__
    return await anext(self.gen)
           ^^^^^^^^^^^^^^^^^^^^^
  File "/sd/root_data/huitu/.venv/lib/python3.12/site-packages/fastapi/routing.py", line 216, in merged_lifespan
    async with original_context(app) as maybe_original_state:
  File "/usr/lib/python3.12/contextlib.py", line 210, in __aenter__
    return await anext(self.gen)
           ^^^^^^^^^^^^^^^^^^^^^
  File "/sd/root_data/huitu/.venv/lib/python3.12/site-packages/fastapi/routing.py", line 216, in merged_lifespan
    async with original_context(app) as maybe_original_state:
  File "/usr/lib/python3.12/contextlib.py", line 210, in __aenter__
    return await anext(self.gen)
           ^^^^^^^^^^^^^^^^^^^^^
  File "/sd/root_data/huitu/.venv/lib/python3.12/site-packages/fastapi/routing.py", line 216, in merged_lifespan
    async with original_context(app) as maybe_original_state:
  File "/usr/lib/python3.12/contextlib.py", line 210, in __aenter__
    return await anext(self.gen)
           ^^^^^^^^^^^^^^^^^^^^^
  File "/sd/root_data/huitu/.venv/lib/python3.12/site-packages/fastapi/routing.py", line 216, in merged_lifespan
    async with original_context(app) as maybe_original_state:
  File "/usr/lib/python3.12/contextlib.py", line 210, in __aenter__
    return await anext(self.gen)
           ^^^^^^^^^^^^^^^^^^^^^
  File "/sd/root_data/huitu/.venv/lib/python3.12/site-packages/fastapi/routing.py", line 216, in merged_lifespan
    async with original_context(app) as maybe_original_state:
  File "/sd/root_data/huitu/.venv/lib/python3.12/site-packages/fastapi/routing.py", line 241, in __aenter__
    await self._router._startup()
  File "/sd/root_data/huitu/.venv/lib/python3.12/site-packages/fastapi/routing.py", line 4884, in _startup
    await handler()
  File "/sd/root_data/huitu/app/main.py", line 95, in startup
    await init_db()
  File "/sd/root_data/huitu/app/database.py", line 311, in init_db
    db = await get_db()
         ^^^^^^^^^^^^^^
  File "/sd/root_data/huitu/app/database.py", line 21, in get_db
    return await _get_mysql()
           ^^^^^^^^^^^^^^^^^^
  File "/sd/root_data/huitu/app/database.py", line 36, in _get_mysql
    raise RuntimeError(
RuntimeError: 配置了 database.type=mysql 但未安装 aiomysql。请运行: uv pip install aiomysql  或  uv sync --extra mysql

2026-05-27 00:55:05  ERROR    uvicorn.error  Traceback (most recent call last):
  File "/sd/root_data/huitu/app/database.py", line 34, in _get_mysql
    import aiomysql
ModuleNotFoundError: No module named 'aiomysql'

During handling of the above exception, another exception occurred:

Traceback (most recent call last):
  File "/sd/root_data/huitu/.venv/lib/python3.12/site-packages/starlette/routing.py", line 638, in lifespan
    async with self.lifespan_context(app) as maybe_state:
  File "/usr/lib/python3.12/contextlib.py", line 210, in __aenter__
    return await anext(self.gen)
           ^^^^^^^^^^^^^^^^^^^^^
  File "/sd/root_data/huitu/.venv/lib/python3.12/site-packages/fastapi/routing.py", line 216, in merged_lifespan
    async with original_context(app) as maybe_original_state:
  File "/usr/lib/python3.12/contextlib.py", line 210, in __aenter__
    return await anext(self.gen)
           ^^^^^^^^^^^^^^^^^^^^^
  File "/sd/root_data/huitu/.venv/lib/python3.12/site-packages/fastapi/routing.py", line 216, in merged_lifespan
    async with original_context(app) as maybe_original_state:
  File "/usr/lib/python3.12/contextlib.py", line 210, in __aenter__
    return await anext(self.gen)
           ^^^^^^^^^^^^^^^^^^^^^
  File "/sd/root_data/huitu/.venv/lib/python3.12/site-packages/fastapi/routing.py", line 216, in merged_lifespan
    async with original_context(app) as maybe_original_state:
  File "/usr/lib/python3.12/contextlib.py", line 210, in __aenter__
    return await anext(self.gen)
           ^^^^^^^^^^^^^^^^^^^^^
  File "/sd/root_data/huitu/.venv/lib/python3.12/site-packages/fastapi/routing.py", line 216, in merged_lifespan
    async with original_context(app) as maybe_original_state:
  File "/usr/lib/python3.12/contextlib.py", line 210, in __aenter__
    return await anext(self.gen)
           ^^^^^^^^^^^^^^^^^^^^^
  File "/sd/root_data/huitu/.venv/lib/python3.12/site-packages/fastapi/routing.py", line 216, in merged_lifespan
    async with original_context(app) as maybe_original_state:
  File "/sd/root_data/huitu/.venv/lib/python3.12/site-packages/fastapi/routing.py", line 241, in __aenter__
    await self._router._startup()
  File "/sd/root_data/huitu/.venv/lib/python3.12/site-packages/fastapi/routing.py", line 4884, in _startup
    await handler()
  File "/sd/root_data/huitu/app/main.py", line 95, in startup
    await init_db()
  File "/sd/root_data/huitu/app/database.py", line 311, in init_db
    db = await get_db()
         ^^^^^^^^^^^^^^
  File "/sd/root_data/huitu/app/database.py", line 21, in get_db
    return await _get_mysql()
           ^^^^^^^^^^^^^^^^^^
  File "/sd/root_data/huitu/app/database.py", line 36, in _get_mysql
    raise RuntimeError(
RuntimeError: 配置了 database.type=mysql 但未安装 aiomysql。请运行: uv pip install aiomysql  或  uv sync --extra mysql

2026-05-27 00:55:05  ERROR    uvicorn.error  Application startup failed. Exiting.
2026-05-27 00:55:05  ERROR    uvicorn.error  Application startup failed. Exiting.
2026-05-27 00:55:26  INFO     root  日志初始化完成 → logs (保留 30 天, 级别 INFO)
2026-05-27 00:55:26  INFO     root  日志初始化完成 → logs (保留 30 天, 级别 INFO)
/sd/root_data/huitu/app/main.py:93: DeprecationWarning: 
        on_event is deprecated, use lifespan event handlers instead.

        Read more about it in the
        [FastAPI docs for Lifespan Events](https://fastapi.tiangolo.com/advanced/events/).
        
  @app.on_event("startup")
2026-05-27 00:55:26  INFO     root  日志初始化完成 → logs (保留 30 天, 级别 INFO)
2026-05-27 00:55:26  INFO     root  日志初始化完成 → logs (保留 30 天, 级别 INFO)
2026-05-27 00:55:26  INFO     uvicorn.error  Started server process [12]
2026-05-27 00:55:26  INFO     uvicorn.error  Started server process [12]
2026-05-27 00:55:26  INFO     uvicorn.error  Waiting for application startup.
2026-05-27 00:55:26  INFO     uvicorn.error  Waiting for application startup.
2026-05-27 00:55:26  ERROR    uvicorn.error  Traceback (most recent call last):
  File "/sd/root_data/huitu/.venv/lib/python3.12/site-packages/aiomysql/connection.py", line 527, in _connect
    self._reader, self._writer = await \
                                 ^^^^^^^
  File "/usr/lib/python3.12/asyncio/tasks.py", line 520, in wait_for
    return await fut
           ^^^^^^^^^
  File "/sd/root_data/huitu/.venv/lib/python3.12/site-packages/aiomysql/connection.py", line 87, in _open_connection
    transport, _ = await loop.create_connection(
                   ^^^^^^^^^^^^^^^^^^^^^^^^^^^^^
  File "uvloop/loop.pyx", line 2043, in create_connection
  File "uvloop/loop.pyx", line 2019, in uvloop.loop.Loop.create_connection
  File "uvloop/handles/tcp.pyx", line 182, in uvloop.loop.TCPTransport.connect
  File "uvloop/handles/tcp.pyx", line 204, in uvloop.loop._TCPConnectRequest.connect
PermissionError: [Errno 1] Operation not permitted

The above exception was the direct cause of the following exception:

Traceback (most recent call last):
  File "/sd/root_data/huitu/.venv/lib/python3.12/site-packages/starlette/routing.py", line 638, in lifespan
    async with self.lifespan_context(app) as maybe_state:
  File "/usr/lib/python3.12/contextlib.py", line 210, in __aenter__
    return await anext(self.gen)
           ^^^^^^^^^^^^^^^^^^^^^
  File "/sd/root_data/huitu/.venv/lib/python3.12/site-packages/fastapi/routing.py", line 216, in merged_lifespan
    async with original_context(app) as maybe_original_state:
  File "/usr/lib/python3.12/contextlib.py", line 210, in __aenter__
    return await anext(self.gen)
           ^^^^^^^^^^^^^^^^^^^^^
  File "/sd/root_data/huitu/.venv/lib/python3.12/site-packages/fastapi/routing.py", line 216, in merged_lifespan
    async with original_context(app) as maybe_original_state:
  File "/usr/lib/python3.12/contextlib.py", line 210, in __aenter__
    return await anext(self.gen)
           ^^^^^^^^^^^^^^^^^^^^^
  File "/sd/root_data/huitu/.venv/lib/python3.12/site-packages/fastapi/routing.py", line 216, in merged_lifespan
    async with original_context(app) as maybe_original_state:
  File "/usr/lib/python3.12/contextlib.py", line 210, in __aenter__
    return await anext(self.gen)
           ^^^^^^^^^^^^^^^^^^^^^
  File "/sd/root_data/huitu/.venv/lib/python3.12/site-packages/fastapi/routing.py", line 216, in merged_lifespan
    async with original_context(app) as maybe_original_state:
  File "/usr/lib/python3.12/contextlib.py", line 210, in __aenter__
    return await anext(self.gen)
           ^^^^^^^^^^^^^^^^^^^^^
  File "/sd/root_data/huitu/.venv/lib/python3.12/site-packages/fastapi/routing.py", line 216, in merged_lifespan
    async with original_context(app) as maybe_original_state:
  File "/sd/root_data/huitu/.venv/lib/python3.12/site-packages/fastapi/routing.py", line 241, in __aenter__
    await self._router._startup()
  File "/sd/root_data/huitu/.venv/lib/python3.12/site-packages/fastapi/routing.py", line 4884, in _startup
    await handler()
  File "/sd/root_data/huitu/app/main.py", line 95, in startup
    await init_db()
  File "/sd/root_data/huitu/app/database.py", line 311, in init_db
    db = await get_db()
         ^^^^^^^^^^^^^^
  File "/sd/root_data/huitu/app/database.py", line 21, in get_db
    return await _get_mysql()
           ^^^^^^^^^^^^^^^^^^
  File "/sd/root_data/huitu/app/database.py", line 40, in _get_mysql
    conn = await aiomysql.connect(
           ^^^^^^^^^^^^^^^^^^^^^^^
  File "/sd/root_data/huitu/.venv/lib/python3.12/site-packages/aiomysql/connection.py", line 74, in _connect
    await conn._connect()
  File "/sd/root_data/huitu/.venv/lib/python3.12/site-packages/aiomysql/connection.py", line 563, in _connect
    raise OperationalError(
pymysql.err.OperationalError: (2003, "Can't connect to MySQL server on '127.0.0.1'")

2026-05-27 00:55:26  ERROR    uvicorn.error  Traceback (most recent call last):
  File "/sd/root_data/huitu/.venv/lib/python3.12/site-packages/aiomysql/connection.py", line 527, in _connect
    self._reader, self._writer = await \
                                 ^^^^^^^
  File "/usr/lib/python3.12/asyncio/tasks.py", line 520, in wait_for
    return await fut
           ^^^^^^^^^
  File "/sd/root_data/huitu/.venv/lib/python3.12/site-packages/aiomysql/connection.py", line 87, in _open_connection
    transport, _ = await loop.create_connection(
                   ^^^^^^^^^^^^^^^^^^^^^^^^^^^^^
  File "uvloop/loop.pyx", line 2043, in create_connection
  File "uvloop/loop.pyx", line 2019, in uvloop.loop.Loop.create_connection
  File "uvloop/handles/tcp.pyx", line 182, in uvloop.loop.TCPTransport.connect
  File "uvloop/handles/tcp.pyx", line 204, in uvloop.loop._TCPConnectRequest.connect
PermissionError: [Errno 1] Operation not permitted

The above exception was the direct cause of the following exception:

Traceback (most recent call last):
  File "/sd/root_data/huitu/.venv/lib/python3.12/site-packages/starlette/routing.py", line 638, in lifespan
    async with self.lifespan_context(app) as maybe_state:
  File "/usr/lib/python3.12/contextlib.py", line 210, in __aenter__
    return await anext(self.gen)
           ^^^^^^^^^^^^^^^^^^^^^
  File "/sd/root_data/huitu/.venv/lib/python3.12/site-packages/fastapi/routing.py", line 216, in merged_lifespan
    async with original_context(app) as maybe_original_state:
  File "/usr/lib/python3.12/contextlib.py", line 210, in __aenter__
    return await anext(self.gen)
           ^^^^^^^^^^^^^^^^^^^^^
  File "/sd/root_data/huitu/.venv/lib/python3.12/site-packages/fastapi/routing.py", line 216, in merged_lifespan
    async with original_context(app) as maybe_original_state:
  File "/usr/lib/python3.12/contextlib.py", line 210, in __aenter__
    return await anext(self.gen)
           ^^^^^^^^^^^^^^^^^^^^^
  File "/sd/root_data/huitu/.venv/lib/python3.12/site-packages/fastapi/routing.py", line 216, in merged_lifespan
    async with original_context(app) as maybe_original_state:
  File "/usr/lib/python3.12/contextlib.py", line 210, in __aenter__
    return await anext(self.gen)
           ^^^^^^^^^^^^^^^^^^^^^
  File "/sd/root_data/huitu/.venv/lib/python3.12/site-packages/fastapi/routing.py", line 216, in merged_lifespan
    async with original_context(app) as maybe_original_state:
  File "/usr/lib/python3.12/contextlib.py", line 210, in __aenter__
    return await anext(self.gen)
           ^^^^^^^^^^^^^^^^^^^^^
  File "/sd/root_data/huitu/.venv/lib/python3.12/site-packages/fastapi/routing.py", line 216, in merged_lifespan
    async with original_context(app) as maybe_original_state:
  File "/sd/root_data/huitu/.venv/lib/python3.12/site-packages/fastapi/routing.py", line 241, in __aenter__
    await self._router._startup()
  File "/sd/root_data/huitu/.venv/lib/python3.12/site-packages/fastapi/routing.py", line 4884, in _startup
    await handler()
  File "/sd/root_data/huitu/app/main.py", line 95, in startup
    await init_db()
  File "/sd/root_data/huitu/app/database.py", line 311, in init_db
    db = await get_db()
         ^^^^^^^^^^^^^^
  File "/sd/root_data/huitu/app/database.py", line 21, in get_db
    return await _get_mysql()
           ^^^^^^^^^^^^^^^^^^
  File "/sd/root_data/huitu/app/database.py", line 40, in _get_mysql
    conn = await aiomysql.connect(
           ^^^^^^^^^^^^^^^^^^^^^^^
  File "/sd/root_data/huitu/.venv/lib/python3.12/site-packages/aiomysql/connection.py", line 74, in _connect
    await conn._connect()
  File "/sd/root_data/huitu/.venv/lib/python3.12/site-packages/aiomysql/connection.py", line 563, in _connect
    raise OperationalError(
pymysql.err.OperationalError: (2003, "Can't connect to MySQL server on '127.0.0.1'")

2026-05-27 00:55:26  ERROR    uvicorn.error  Application startup failed. Exiting.
2026-05-27 00:55:26  ERROR    uvicorn.error  Application startup failed. Exiting.
2026-05-27 00:55:39  INFO     root  日志初始化完成 → logs (保留 30 天, 级别 INFO)
2026-05-27 00:55:39  INFO     root  日志初始化完成 → logs (保留 30 天, 级别 INFO)
/sd/root_data/huitu/app/main.py:93: DeprecationWarning: 
        on_event is deprecated, use lifespan event handlers instead.

        Read more about it in the
        [FastAPI docs for Lifespan Events](https://fastapi.tiangolo.com/advanced/events/).
        
  @app.on_event("startup")
2026-05-27 00:55:39  INFO     root  日志初始化完成 → logs (保留 30 天, 级别 INFO)
2026-05-27 00:55:39  INFO     root  日志初始化完成 → logs (保留 30 天, 级别 INFO)
2026-05-27 00:55:39  INFO     uvicorn.error  Started server process [1839781]
2026-05-27 00:55:39  INFO     uvicorn.error  Started server process [1839781]
2026-05-27 00:55:39  INFO     uvicorn.error  Waiting for application startup.
2026-05-27 00:55:39  INFO     uvicorn.error  Waiting for application startup.
2026-05-27 00:55:39  ERROR    uvicorn.error  Traceback (most recent call last):
  File "/sd/root_data/huitu/.venv/lib/python3.12/site-packages/aiomysql/connection.py", line 527, in _connect
    self._reader, self._writer = await \
                                 ^^^^^^^
  File "/usr/lib/python3.12/asyncio/tasks.py", line 520, in wait_for
    return await fut
           ^^^^^^^^^
  File "/sd/root_data/huitu/.venv/lib/python3.12/site-packages/aiomysql/connection.py", line 87, in _open_connection
    transport, _ = await loop.create_connection(
                   ^^^^^^^^^^^^^^^^^^^^^^^^^^^^^
  File "uvloop/loop.pyx", line 2043, in create_connection
  File "uvloop/loop.pyx", line 2020, in uvloop.loop.Loop.create_connection
ConnectionRefusedError: [Errno 111] Connection refused

The above exception was the direct cause of the following exception:

Traceback (most recent call last):
  File "/sd/root_data/huitu/.venv/lib/python3.12/site-packages/starlette/routing.py", line 638, in lifespan
    async with self.lifespan_context(app) as maybe_state:
  File "/usr/lib/python3.12/contextlib.py", line 210, in __aenter__
    return await anext(self.gen)
           ^^^^^^^^^^^^^^^^^^^^^
  File "/sd/root_data/huitu/.venv/lib/python3.12/site-packages/fastapi/routing.py", line 216, in merged_lifespan
    async with original_context(app) as maybe_original_state:
  File "/usr/lib/python3.12/contextlib.py", line 210, in __aenter__
    return await anext(self.gen)
           ^^^^^^^^^^^^^^^^^^^^^
  File "/sd/root_data/huitu/.venv/lib/python3.12/site-packages/fastapi/routing.py", line 216, in merged_lifespan
    async with original_context(app) as maybe_original_state:
  File "/usr/lib/python3.12/contextlib.py", line 210, in __aenter__
    return await anext(self.gen)
           ^^^^^^^^^^^^^^^^^^^^^
  File "/sd/root_data/huitu/.venv/lib/python3.12/site-packages/fastapi/routing.py", line 216, in merged_lifespan
    async with original_context(app) as maybe_original_state:
  File "/usr/lib/python3.12/contextlib.py", line 210, in __aenter__
    return await anext(self.gen)
           ^^^^^^^^^^^^^^^^^^^^^
  File "/sd/root_data/huitu/.venv/lib/python3.12/site-packages/fastapi/routing.py", line 216, in merged_lifespan
    async with original_context(app) as maybe_original_state:
  File "/usr/lib/python3.12/contextlib.py", line 210, in __aenter__
    return await anext(self.gen)
           ^^^^^^^^^^^^^^^^^^^^^
  File "/sd/root_data/huitu/.venv/lib/python3.12/site-packages/fastapi/routing.py", line 216, in merged_lifespan
    async with original_context(app) as maybe_original_state:
  File "/sd/root_data/huitu/.venv/lib/python3.12/site-packages/fastapi/routing.py", line 241, in __aenter__
    await self._router._startup()
  File "/sd/root_data/huitu/.venv/lib/python3.12/site-packages/fastapi/routing.py", line 4884, in _startup
    await handler()
  File "/sd/root_data/huitu/app/main.py", line 95, in startup
    await init_db()
  File "/sd/root_data/huitu/app/database.py", line 311, in init_db
    db = await get_db()
         ^^^^^^^^^^^^^^
  File "/sd/root_data/huitu/app/database.py", line 21, in get_db
    return await _get_mysql()
           ^^^^^^^^^^^^^^^^^^
  File "/sd/root_data/huitu/app/database.py", line 40, in _get_mysql
    conn = await aiomysql.connect(
           ^^^^^^^^^^^^^^^^^^^^^^^
  File "/sd/root_data/huitu/.venv/lib/python3.12/site-packages/aiomysql/connection.py", line 74, in _connect
    await conn._connect()
  File "/sd/root_data/huitu/.venv/lib/python3.12/site-packages/aiomysql/connection.py", line 563, in _connect
    raise OperationalError(
pymysql.err.OperationalError: (2003, "Can't connect to MySQL server on '127.0.0.1'")

2026-05-27 00:55:39  ERROR    uvicorn.error  Traceback (most recent call last):
  File "/sd/root_data/huitu/.venv/lib/python3.12/site-packages/aiomysql/connection.py", line 527, in _connect
    self._reader, self._writer = await \
                                 ^^^^^^^
  File "/usr/lib/python3.12/asyncio/tasks.py", line 520, in wait_for
    return await fut
           ^^^^^^^^^
  File "/sd/root_data/huitu/.venv/lib/python3.12/site-packages/aiomysql/connection.py", line 87, in _open_connection
    transport, _ = await loop.create_connection(
                   ^^^^^^^^^^^^^^^^^^^^^^^^^^^^^
  File "uvloop/loop.pyx", line 2043, in create_connection
  File "uvloop/loop.pyx", line 2020, in uvloop.loop.Loop.create_connection
ConnectionRefusedError: [Errno 111] Connection refused

The above exception was the direct cause of the following exception:

Traceback (most recent call last):
  File "/sd/root_data/huitu/.venv/lib/python3.12/site-packages/starlette/routing.py", line 638, in lifespan
    async with self.lifespan_context(app) as maybe_state:
  File "/usr/lib/python3.12/contextlib.py", line 210, in __aenter__
    return await anext(self.gen)
           ^^^^^^^^^^^^^^^^^^^^^
  File "/sd/root_data/huitu/.venv/lib/python3.12/site-packages/fastapi/routing.py", line 216, in merged_lifespan
    async with original_context(app) as maybe_original_state:
  File "/usr/lib/python3.12/contextlib.py", line 210, in __aenter__
    return await anext(self.gen)
           ^^^^^^^^^^^^^^^^^^^^^
  File "/sd/root_data/huitu/.venv/lib/python3.12/site-packages/fastapi/routing.py", line 216, in merged_lifespan
    async with original_context(app) as maybe_original_state:
  File "/usr/lib/python3.12/contextlib.py", line 210, in __aenter__
    return await anext(self.gen)
           ^^^^^^^^^^^^^^^^^^^^^
  File "/sd/root_data/huitu/.venv/lib/python3.12/site-packages/fastapi/routing.py", line 216, in merged_lifespan
    async with original_context(app) as maybe_original_state:
  File "/usr/lib/python3.12/contextlib.py", line 210, in __aenter__
    return await anext(self.gen)
           ^^^^^^^^^^^^^^^^^^^^^
  File "/sd/root_data/huitu/.venv/lib/python3.12/site-packages/fastapi/routing.py", line 216, in merged_lifespan
    async with original_context(app) as maybe_original_state:
  File "/usr/lib/python3.12/contextlib.py", line 210, in __aenter__
    return await anext(self.gen)
           ^^^^^^^^^^^^^^^^^^^^^
  File "/sd/root_data/huitu/.venv/lib/python3.12/site-packages/fastapi/routing.py", line 216, in merged_lifespan
    async with original_context(app) as maybe_original_state:
  File "/sd/root_data/huitu/.venv/lib/python3.12/site-packages/fastapi/routing.py", line 241, in __aenter__
    await self._router._startup()
  File "/sd/root_data/huitu/.venv/lib/python3.12/site-packages/fastapi/routing.py", line 4884, in _startup
    await handler()
  File "/sd/root_data/huitu/app/main.py", line 95, in startup
    await init_db()
  File "/sd/root_data/huitu/app/database.py", line 311, in init_db
    db = await get_db()
         ^^^^^^^^^^^^^^
  File "/sd/root_data/huitu/app/database.py", line 21, in get_db
    return await _get_mysql()
           ^^^^^^^^^^^^^^^^^^
  File "/sd/root_data/huitu/app/database.py", line 40, in _get_mysql
    conn = await aiomysql.connect(
           ^^^^^^^^^^^^^^^^^^^^^^^
  File "/sd/root_data/huitu/.venv/lib/python3.12/site-packages/aiomysql/connection.py", line 74, in _connect
    await conn._connect()
  File "/sd/root_data/huitu/.venv/lib/python3.12/site-packages/aiomysql/connection.py", line 563, in _connect
    raise OperationalError(
pymysql.err.OperationalError: (2003, "Can't connect to MySQL server on '127.0.0.1'")

2026-05-27 00:55:39  ERROR    uvicorn.error  Application startup failed. Exiting.
2026-05-27 00:55:39  ERROR    uvicorn.error  Application startup failed. Exiting.
2026-05-27 00:56:09  INFO     root  日志初始化完成 → logs (保留 30 天, 级别 INFO)
2026-05-27 00:56:09  INFO     root  日志初始化完成 → logs (保留 30 天, 级别 INFO)
/sd/root_data/huitu/app/main.py:93: DeprecationWarning: 
        on_event is deprecated, use lifespan event handlers instead.

        Read more about it in the
        [FastAPI docs for Lifespan Events](https://fastapi.tiangolo.com/advanced/events/).
        
  @app.on_event("startup")
2026-05-27 00:56:09  INFO     root  日志初始化完成 → logs (保留 30 天, 级别 INFO)
2026-05-27 00:56:09  INFO     root  日志初始化完成 → logs (保留 30 天, 级别 INFO)
2026-05-27 00:56:09  INFO     uvicorn.error  Started server process [12]
2026-05-27 00:56:09  INFO     uvicorn.error  Started server process [12]
2026-05-27 00:56:09  INFO     uvicorn.error  Waiting for application startup.
2026-05-27 00:56:09  INFO     uvicorn.error  Waiting for application startup.
2026-05-27 00:56:09  INFO     uvicorn.error  Application startup complete.
2026-05-27 00:56:09  INFO     uvicorn.error  Application startup complete.
2026-05-27 00:56:09  INFO     uvicorn.error  Uvicorn running on http://0.0.0.0:8100 (Press CTRL+C to quit)
2026-05-27 00:56:09  INFO     uvicorn.error  Uvicorn running on http://0.0.0.0:8100 (Press CTRL+C to quit)
error: failed to open file `/root/.cache/uv/sdists-v9/.git`: Read-only file system (os error 30)
2026-05-27 00:57:10  INFO     root  日志初始化完成 → logs (保留 30 天, 级别 INFO)
2026-05-27 00:57:10  INFO     root  日志初始化完成 → logs (保留 30 天, 级别 INFO)
/sd/root_data/huitu/app/main.py:93: DeprecationWarning: 
        on_event is deprecated, use lifespan event handlers instead.

        Read more about it in the
        [FastAPI docs for Lifespan Events](https://fastapi.tiangolo.com/advanced/events/).
        
  @app.on_event("startup")
2026-05-27 00:57:10  INFO     root  日志初始化完成 → logs (保留 30 天, 级别 INFO)
2026-05-27 00:57:10  INFO     root  日志初始化完成 → logs (保留 30 天, 级别 INFO)
2026-05-27 00:57:10  INFO     uvicorn.error  Started server process [1841897]
2026-05-27 00:57:10  INFO     uvicorn.error  Started server process [1841897]
2026-05-27 00:57:10  INFO     uvicorn.error  Waiting for application startup.
2026-05-27 00:57:10  INFO     uvicorn.error  Waiting for application startup.
2026-05-27 00:57:10  INFO     uvicorn.error  Application startup complete.
2026-05-27 00:57:10  INFO     uvicorn.error  Application startup complete.
2026-05-27 00:57:10  INFO     uvicorn.error  Uvicorn running on http://0.0.0.0:8100 (Press CTRL+C to quit)
2026-05-27 00:57:10  INFO     uvicorn.error  Uvicorn running on http://0.0.0.0:8100 (Press CTRL+C to quit)
2026-05-27 00:58:24  INFO     root  日志初始化完成 → logs (保留 30 天, 级别 INFO)
2026-05-27 00:58:24  INFO     root  日志初始化完成 → logs (保留 30 天, 级别 INFO)
2026-05-27 00:58:24  INFO     uvicorn.error  Started server process [1843571]
2026-05-27 00:58:24  INFO     uvicorn.error  Waiting for application startup.
2026-05-27 00:58:24  INFO     uvicorn.error  Application startup complete.
2026-05-27 00:58:24  INFO     uvicorn.error  Uvicorn running on http://0.0.0.0:8100 (Press CTRL+C to quit)
2026-05-27 00:58:38  INFO     uvicorn.access  192.168.100.8:50730 - "GET / HTTP/1.1" 200
2026-05-27 00:58:38  INFO     uvicorn.access  192.168.100.8:50730 - "GET /static/css/common.css HTTP/1.1" 200
2026-05-27 00:58:38  INFO     uvicorn.access  192.168.100.8:50746 - "GET /static/css/home.css HTTP/1.1" 200
2026-05-27 00:58:38  INFO     uvicorn.access  192.168.100.8:50756 - "GET /static/js/common.js HTTP/1.1" 200
2026-05-27 00:58:38  INFO     uvicorn.access  192.168.100.8:50756 - "GET /api/announcement?page=home HTTP/1.1" 200
2026-05-27 00:58:43  INFO     uvicorn.access  192.168.100.8:50756 - "GET /play HTTP/1.1" 200
2026-05-27 00:58:43  INFO     uvicorn.access  192.168.100.8:50756 - "GET /static/css/play.css?v=1779814704 HTTP/1.1" 200
2026-05-27 00:58:43  INFO     uvicorn.access  192.168.100.8:50762 - "GET /static/js/play.js?v=1779814704 HTTP/1.1" 200
2026-05-27 00:58:44  INFO     uvicorn.access  192.168.100.8:50756 - "GET /api/announcement?page=play HTTP/1.1" 200
2026-05-27 00:58:47  INFO     uvicorn.access  127.0.0.1:47654 - "GET /play HTTP/1.1" 200
2026-05-27 00:58:47  INFO     uvicorn.access  127.0.0.1:47658 - "GET / HTTP/1.1" 200
2026-05-27 00:59:22  INFO     uvicorn.access  192.168.100.8:48738 - "POST /auth/login HTTP/1.1" 200
2026-05-27 00:59:29  INFO     uvicorn.access  192.168.100.8:37126 - "POST /auth/login HTTP/1.1" 200
2026-05-27 01:10:44  INFO     uvicorn.access  192.168.100.8:46266 - "GET / HTTP/1.1" 200
2026-05-27 01:10:44  INFO     uvicorn.access  192.168.100.8:46266 - "GET /api/announcement?page=home HTTP/1.1" 200
2026-05-27 01:10:47  INFO     uvicorn.access  192.168.100.8:46266 - "GET /play HTTP/1.1" 200
2026-05-27 01:10:48  INFO     uvicorn.access  192.168.100.8:46266 - "GET /api/announcement?page=play HTTP/1.1" 200
2026-05-27 01:20:02  INFO     uvicorn.error  Shutting down
2026-05-27 01:20:02  INFO     uvicorn.error  Waiting for application shutdown.
2026-05-27 01:20:02  INFO     uvicorn.error  Application shutdown complete.
2026-05-27 01:20:02  INFO     uvicorn.error  Finished server process [1843571]
2026-05-27 01:20:03  INFO     root  日志初始化完成 → logs (保留 30 天, 级别 INFO)
2026-05-27 01:20:03  INFO     root  日志初始化完成 → logs (保留 30 天, 级别 INFO)
2026-05-27 01:20:03  INFO     uvicorn.error  Started server process [1870489]
2026-05-27 01:20:03  INFO     uvicorn.error  Waiting for application startup.
2026-05-27 01:20:03  INFO     uvicorn.error  Application startup complete.
2026-05-27 01:20:03  INFO     uvicorn.error  Uvicorn running on http://0.0.0.0:8100 (Press CTRL+C to quit)
2026-05-27 01:20:12  INFO     uvicorn.access  127.0.0.1:50458 - "GET /play HTTP/1.1" 200
2026-05-27 01:20:12  INFO     uvicorn.access  127.0.0.1:50474 - "GET /docs HTTP/1.1" 200
2026-05-27 01:20:23  INFO     uvicorn.access  127.0.0.1:55214 - "GET /static/js/play.js HTTP/1.1" 200
2026-05-27 01:21:11  INFO     uvicorn.access  127.0.0.1:37750 - "GET /static/js/play.js HTTP/1.1" 200
2026-05-27 01:21:48  INFO     uvicorn.access  192.168.100.8:42910 - "GET /play HTTP/1.1" 200
2026-05-27 01:21:49  INFO     uvicorn.access  192.168.100.8:42910 - "GET /static/js/play.js?v=1779816003 HTTP/1.1" 200
2026-05-27 01:21:49  INFO     uvicorn.access  192.168.100.8:42916 - "GET /static/css/play.css?v=1779816003 HTTP/1.1" 200
2026-05-27 01:21:49  INFO     uvicorn.access  192.168.100.8:42916 - "GET /api/announcement?page=play HTTP/1.1" 200
2026-05-27 01:47:41  INFO     uvicorn.error  Shutting down
2026-05-27 01:47:41  INFO     uvicorn.error  Waiting for application shutdown.
2026-05-27 01:47:41  INFO     uvicorn.error  Application shutdown complete.
2026-05-27 01:47:41  INFO     uvicorn.error  Finished server process [1870489]
2026-05-27 01:47:42  INFO     root  日志初始化完成 → logs (保留 30 天, 级别 INFO)
2026-05-27 01:47:42  INFO     root  日志初始化完成 → logs (保留 30 天, 级别 INFO)
2026-05-27 01:47:42  INFO     uvicorn.error  Started server process [1903233]
2026-05-27 01:47:42  INFO     uvicorn.error  Waiting for application startup.
2026-05-27 01:47:42  INFO     uvicorn.error  Application startup complete.
2026-05-27 01:47:42  INFO     uvicorn.error  Uvicorn running on http://0.0.0.0:8100 (Press CTRL+C to quit)
2026-05-27 01:48:25  INFO     uvicorn.access  127.0.0.1:55752 - "GET /gallery HTTP/1.1" 200
2026-05-27 01:48:25  INFO     uvicorn.access  127.0.0.1:55752 - "GET /static/css/common.css HTTP/1.1" 200
2026-05-27 01:48:25  INFO     uvicorn.access  127.0.0.1:55764 - "GET /static/js/gallery.js?v=1779817662 HTTP/1.1" 200
2026-05-27 01:48:25  INFO     uvicorn.access  127.0.0.1:55756 - "GET /static/css/gallery.css?v=1779817662 HTTP/1.1" 200
2026-05-27 01:48:25  INFO     uvicorn.access  127.0.0.1:55762 - "GET /static/js/common.js HTTP/1.1" 200
2026-05-27 01:48:25  INFO     uvicorn.access  127.0.0.1:55764 - "GET /api/announcement?page=gallery HTTP/1.1" 200
2026-05-27 01:48:25  INFO     uvicorn.access  127.0.0.1:55764 - "GET /api/gallery/liked?fingerprint=a4f863c HTTP/1.1" 200
2026-05-27 01:48:25  INFO     uvicorn.access  127.0.0.1:55764 - "GET /api/gallery/images?page=1&sort=likes HTTP/1.1" 200
2026-05-27 01:48:25  INFO     uvicorn.access  127.0.0.1:55752 - "GET /api/gallery/avatar/IMG_8559.png HTTP/1.1" 200
2026-05-27 01:48:25  INFO     uvicorn.access  127.0.0.1:55764 - "GET /api/gallery/avatar/IMG_8583.png HTTP/1.1" 200
2026-05-27 01:48:25  INFO     uvicorn.access  127.0.0.1:55756 - "GET /api/gallery/avatar/IMG_8573.png HTTP/1.1" 200
2026-05-27 01:48:25  INFO     uvicorn.access  127.0.0.1:55764 - "GET /api/gallery/file/986cdcecf0c74d2a8f2cf466d256f571.png HTTP/1.1" 200
2026-05-27 01:48:25  INFO     uvicorn.access  127.0.0.1:55756 - "GET /api/gallery/file/37d454d6345f4598adad248a1cee27ec.png HTTP/1.1" 200
2026-05-27 01:48:25  INFO     uvicorn.access  127.0.0.1:55752 - "GET /api/gallery/file/bf1dbff67dff4d7db4ef59412e21711d.png HTTP/1.1" 200
2026-05-27 01:48:25  INFO     uvicorn.access  127.0.0.1:55770 - "GET /api/gallery/file/7c6b2273213140cfb21f044c6ef0f314.png HTTP/1.1" 200
2026-05-27 01:48:25  INFO     uvicorn.access  127.0.0.1:55762 - "GET /api/gallery/file/2727a3ff196d42aeb4e57fe65583694b.png HTTP/1.1" 200
2026-05-27 01:48:26  INFO     uvicorn.access  127.0.0.1:55762 - "GET /api/gallery/images?page=1&sort=newest HTTP/1.1" 200
2026-05-27 01:48:27  INFO     uvicorn.access  127.0.0.1:55762 - "GET /api/gallery/search?q=%E7%8C%AB&scope=all&page=1 HTTP/1.1" 200
2026-05-27 01:48:28  INFO     uvicorn.access  127.0.0.1:55762 - "GET /play HTTP/1.1" 200
2026-05-27 01:48:28  INFO     uvicorn.access  127.0.0.1:55764 - "GET /static/js/play.js?v=1779817662 HTTP/1.1" 200
2026-05-27 01:48:28  INFO     uvicorn.access  127.0.0.1:55762 - "GET /static/css/play.css?v=1779817662 HTTP/1.1" 200
2026-05-27 01:48:29  INFO     uvicorn.access  127.0.0.1:55764 - "GET /api/announcement?page=play HTTP/1.1" 200
2026-05-27 01:48:30  INFO     uvicorn.access  127.0.0.1:55786 - "GET /gallery HTTP/1.1" 200
2026-05-27 01:48:30  INFO     uvicorn.access  127.0.0.1:55786 - "GET /static/css/common.css HTTP/1.1" 200
2026-05-27 01:48:30  INFO     uvicorn.access  127.0.0.1:55800 - "GET /static/js/common.js HTTP/1.1" 200
2026-05-27 01:48:30  INFO     uvicorn.access  127.0.0.1:55798 - "GET /static/css/gallery.css?v=1779817662 HTTP/1.1" 200
2026-05-27 01:48:30  INFO     uvicorn.access  127.0.0.1:55810 - "GET /static/js/gallery.js?v=1779817662 HTTP/1.1" 200
2026-05-27 01:48:30  INFO     uvicorn.access  127.0.0.1:55810 - "GET /api/announcement?page=gallery HTTP/1.1" 200
2026-05-27 01:48:30  INFO     uvicorn.access  127.0.0.1:55810 - "GET /api/gallery/liked?fingerprint=5f71af8a HTTP/1.1" 200
2026-05-27 01:48:30  INFO     uvicorn.access  127.0.0.1:55810 - "GET /api/gallery/images?page=1&sort=likes HTTP/1.1" 200
2026-05-27 01:48:30  INFO     uvicorn.access  127.0.0.1:55798 - "GET /api/gallery/avatar/IMG_8559.png HTTP/1.1" 200
2026-05-27 01:48:30  INFO     uvicorn.access  127.0.0.1:55810 - "GET /api/gallery/avatar/IMG_8583.png HTTP/1.1" 200
2026-05-27 01:48:30  INFO     uvicorn.access  127.0.0.1:55786 - "GET /api/gallery/avatar/IMG_8573.png HTTP/1.1" 200
2026-05-27 01:48:30  INFO     uvicorn.access  127.0.0.1:55810 - "GET /api/gallery/file/986cdcecf0c74d2a8f2cf466d256f571.png HTTP/1.1" 200
2026-05-27 01:48:30  INFO     uvicorn.access  127.0.0.1:55818 - "GET /api/gallery/file/7c6b2273213140cfb21f044c6ef0f314.png HTTP/1.1" 200
2026-05-27 01:48:30  INFO     uvicorn.access  127.0.0.1:55786 - "GET /api/gallery/file/37d454d6345f4598adad248a1cee27ec.png HTTP/1.1" 200
2026-05-27 01:48:30  INFO     uvicorn.access  127.0.0.1:55800 - "GET /api/gallery/file/2727a3ff196d42aeb4e57fe65583694b.png HTTP/1.1" 200
2026-05-27 01:48:30  INFO     uvicorn.access  127.0.0.1:55798 - "GET /api/gallery/file/bf1dbff67dff4d7db4ef59412e21711d.png HTTP/1.1" 200
2026-05-27 01:48:31  INFO     uvicorn.access  127.0.0.1:55810 - "GET /play HTTP/1.1" 200
2026-05-27 01:48:31  INFO     uvicorn.access  127.0.0.1:55810 - "GET /static/css/play.css?v=1779817662 HTTP/1.1" 200
2026-05-27 01:48:31  INFO     uvicorn.access  127.0.0.1:55800 - "GET /static/js/play.js?v=1779817662 HTTP/1.1" 200
2026-05-27 01:48:31  INFO     uvicorn.access  127.0.0.1:55800 - "GET /api/announcement?page=play HTTP/1.1" 200
2026-05-27 01:49:11  INFO     uvicorn.access  127.0.0.1:40128 - "GET /gallery HTTP/1.1" 200
2026-05-27 01:49:11  INFO     uvicorn.access  127.0.0.1:40128 - "GET /static/css/common.css HTTP/1.1" 200
2026-05-27 01:49:11  INFO     uvicorn.access  127.0.0.1:40140 - "GET /static/css/gallery.css?v=1779817662 HTTP/1.1" 200
2026-05-27 01:49:11  INFO     uvicorn.access  127.0.0.1:40148 - "GET /static/js/common.js HTTP/1.1" 200
2026-05-27 01:49:11  INFO     uvicorn.access  127.0.0.1:40164 - "GET /static/js/gallery.js?v=1779817662 HTTP/1.1" 200
2026-05-27 01:49:11  INFO     uvicorn.access  127.0.0.1:40164 - "GET /api/announcement?page=gallery HTTP/1.1" 200
2026-05-27 01:49:11  INFO     uvicorn.access  127.0.0.1:40164 - "GET /api/gallery/liked?fingerprint=a4f863c HTTP/1.1" 200
2026-05-27 01:49:11  INFO     uvicorn.access  127.0.0.1:40164 - "GET /api/gallery/images?page=1&sort=likes HTTP/1.1" 200
2026-05-27 01:49:11  INFO     uvicorn.access  127.0.0.1:40164 - "GET /api/gallery/avatar/IMG_8583.png HTTP/1.1" 200
2026-05-27 01:49:11  INFO     uvicorn.access  127.0.0.1:40140 - "GET /api/gallery/avatar/IMG_8573.png HTTP/1.1" 200
2026-05-27 01:49:11  INFO     uvicorn.access  127.0.0.1:40148 - "GET /api/gallery/avatar/IMG_8559.png HTTP/1.1" 200
2026-05-27 01:49:11  INFO     uvicorn.access  127.0.0.1:40140 - "GET /api/gallery/file/37d454d6345f4598adad248a1cee27ec.png HTTP/1.1" 200
2026-05-27 01:49:11  INFO     uvicorn.access  127.0.0.1:40128 - "GET /api/gallery/file/2727a3ff196d42aeb4e57fe65583694b.png HTTP/1.1" 200
2026-05-27 01:49:11  INFO     uvicorn.access  127.0.0.1:40148 - "GET /api/gallery/file/bf1dbff67dff4d7db4ef59412e21711d.png HTTP/1.1" 200
2026-05-27 01:49:11  INFO     uvicorn.access  127.0.0.1:40164 - "GET /api/gallery/file/986cdcecf0c74d2a8f2cf466d256f571.png HTTP/1.1" 200
2026-05-27 01:49:11  INFO     uvicorn.access  127.0.0.1:40166 - "GET /api/gallery/file/7c6b2273213140cfb21f044c6ef0f314.png HTTP/1.1" 200
2026-05-27 01:49:35  INFO     uvicorn.access  127.0.0.1:55140 - "GET /gallery HTTP/1.1" 200
2026-05-27 01:49:35  INFO     uvicorn.access  127.0.0.1:55140 - "GET /static/css/common.css HTTP/1.1" 200
2026-05-27 01:49:35  INFO     uvicorn.access  127.0.0.1:55150 - "GET /static/css/gallery.css?v=1779817662 HTTP/1.1" 200
2026-05-27 01:49:35  INFO     uvicorn.access  127.0.0.1:55164 - "GET /static/js/gallery.js?v=1779817662 HTTP/1.1" 200
2026-05-27 01:49:35  INFO     uvicorn.access  127.0.0.1:55154 - "GET /static/js/common.js HTTP/1.1" 200
2026-05-27 01:49:35  INFO     uvicorn.access  127.0.0.1:55154 - "GET /api/announcement?page=gallery HTTP/1.1" 200
2026-05-27 01:49:35  INFO     uvicorn.access  127.0.0.1:55154 - "GET /api/gallery/liked?fingerprint=a4f863c HTTP/1.1" 200
2026-05-27 01:49:35  INFO     uvicorn.access  127.0.0.1:55154 - "GET /api/gallery/images?page=1&sort=likes HTTP/1.1" 200
2026-05-27 01:49:35  INFO     uvicorn.access  127.0.0.1:55154 - "GET /api/gallery/avatar/IMG_8583.png HTTP/1.1" 200
2026-05-27 01:49:35  INFO     uvicorn.access  127.0.0.1:55150 - "GET /api/gallery/avatar/IMG_8573.png HTTP/1.1" 200
2026-05-27 01:49:35  INFO     uvicorn.access  127.0.0.1:55164 - "GET /api/gallery/avatar/IMG_8559.png HTTP/1.1" 200
2026-05-27 01:49:35  INFO     uvicorn.access  127.0.0.1:55164 - "GET /api/gallery/file/bf1dbff67dff4d7db4ef59412e21711d.png HTTP/1.1" 200
2026-05-27 01:49:35  INFO     uvicorn.access  127.0.0.1:55140 - "GET /api/gallery/file/2727a3ff196d42aeb4e57fe65583694b.png HTTP/1.1" 200
2026-05-27 01:49:35  INFO     uvicorn.access  127.0.0.1:55154 - "GET /api/gallery/file/37d454d6345f4598adad248a1cee27ec.png HTTP/1.1" 200
2026-05-27 01:49:35  INFO     uvicorn.access  127.0.0.1:55150 - "GET /api/gallery/file/986cdcecf0c74d2a8f2cf466d256f571.png HTTP/1.1" 200
2026-05-27 01:49:35  INFO     uvicorn.access  127.0.0.1:55170 - "GET /api/gallery/file/7c6b2273213140cfb21f044c6ef0f314.png HTTP/1.1" 200
2026-05-27 01:50:17  INFO     uvicorn.access  127.0.0.1:37200 - "GET /play HTTP/1.1" 200
2026-05-27 01:50:18  INFO     uvicorn.access  127.0.0.1:37200 - "GET /static/css/common.css HTTP/1.1" 200
2026-05-27 01:50:18  INFO     uvicorn.access  127.0.0.1:37208 - "GET /static/css/play.css?v=1779817662 HTTP/1.1" 200
2026-05-27 01:50:18  INFO     uvicorn.access  127.0.0.1:37218 - "GET /static/js/common.js HTTP/1.1" 200
2026-05-27 01:50:18  INFO     uvicorn.access  127.0.0.1:37232 - "GET /static/js/play.js?v=1779817662 HTTP/1.1" 200
2026-05-27 01:50:18  INFO     uvicorn.access  127.0.0.1:37232 - "GET /api/announcement?page=play HTTP/1.1" 200
2026-05-27 01:50:59  INFO     uvicorn.access  192.168.100.8:50076 - "GET /play HTTP/1.1" 200
2026-05-27 01:50:59  INFO     uvicorn.access  192.168.100.8:50076 - "GET /static/js/play.js?v=1779817662 HTTP/1.1" 200
2026-05-27 01:51:00  INFO     uvicorn.access  192.168.100.8:50080 - "GET /static/css/play.css?v=1779817662 HTTP/1.1" 200
2026-05-27 01:51:00  INFO     uvicorn.access  192.168.100.8:50080 - "GET /api/announcement?page=play HTTP/1.1" 200
2026-05-27 01:51:13  INFO     uvicorn.access  192.168.100.8:40726 - "GET / HTTP/1.1" 200
2026-05-27 01:51:13  INFO     uvicorn.access  192.168.100.8:40726 - "GET /api/announcement?page=home HTTP/1.1" 200
2026-05-27 01:51:14  INFO     uvicorn.access  192.168.100.8:40726 - "GET /gallery HTTP/1.1" 200
2026-05-27 01:51:15  INFO     uvicorn.access  192.168.100.8:40726 - "GET /static/js/gallery.js?v=1779817662 HTTP/1.1" 200
2026-05-27 01:51:15  INFO     uvicorn.access  192.168.100.8:40738 - "GET /static/css/gallery.css?v=1779817662 HTTP/1.1" 200
2026-05-27 01:51:15  INFO     uvicorn.access  192.168.100.8:40738 - "GET /api/announcement?page=gallery HTTP/1.1" 200
2026-05-27 01:51:15  INFO     uvicorn.access  192.168.100.8:40726 - "POST /auth/verify HTTP/1.1" 200
2026-05-27 01:51:16  INFO     uvicorn.access  192.168.100.8:40726 - "GET /api/gallery/liked?fingerprint=21190006 HTTP/1.1" 200
2026-05-27 01:51:16  INFO     uvicorn.access  192.168.100.8:40726 - "GET /api/gallery/images?page=1&sort=likes HTTP/1.1" 200
2026-05-27 01:51:16  INFO     uvicorn.access  192.168.100.8:40738 - "GET /api/gallery/avatar/IMG_8559.png HTTP/1.1" 200
2026-05-27 01:51:16  INFO     uvicorn.access  192.168.100.8:40726 - "GET /api/gallery/avatar/IMG_8583.png HTTP/1.1" 200
2026-05-27 01:51:16  INFO     uvicorn.access  192.168.100.8:40744 - "GET /api/gallery/avatar/IMG_8573.png HTTP/1.1" 200
2026-05-27 01:51:16  INFO     uvicorn.access  192.168.100.8:40758 - "GET /api/gallery/file/37d454d6345f4598adad248a1cee27ec.png HTTP/1.1" 200
2026-05-27 01:51:16  INFO     uvicorn.access  192.168.100.8:40770 - "GET /api/gallery/file/bf1dbff67dff4d7db4ef59412e21711d.png HTTP/1.1" 200
2026-05-27 01:51:16  INFO     uvicorn.access  192.168.100.8:40780 - "GET /api/gallery/file/986cdcecf0c74d2a8f2cf466d256f571.png HTTP/1.1" 200
2026-05-27 01:51:23  INFO     uvicorn.access  192.168.100.8:47186 - "GET /api/gallery/file/2727a3ff196d42aeb4e57fe65583694b.png HTTP/1.1" 200
2026-05-27 01:51:23  INFO     uvicorn.access  192.168.100.8:47190 - "GET /api/gallery/file/7c6b2273213140cfb21f044c6ef0f314.png HTTP/1.1" 200
2026-05-27 01:51:25  INFO     uvicorn.access  192.168.100.8:47196 - "GET /api/gallery/comments/2?sort=newest HTTP/1.1" 200
2026-05-27 01:51:25  INFO     uvicorn.access  192.168.100.8:47196 - "GET /api/gallery/avatar/IMG_8578.png HTTP/1.1" 200
2026-05-27 01:51:35  INFO     uvicorn.access  192.168.100.8:38116 - "GET /api/gallery/comments/5?sort=newest HTTP/1.1" 200
2026-05-27 01:51:45  INFO     uvicorn.access  192.168.100.8:52946 - "GET / HTTP/1.1" 200
2026-05-27 01:51:45  INFO     uvicorn.access  192.168.100.8:52946 - "GET /api/announcement?page=home HTTP/1.1" 200
2026-05-27 01:51:47  INFO     uvicorn.access  192.168.100.8:52946 - "GET /play HTTP/1.1" 200
2026-05-27 01:51:47  INFO     uvicorn.access  192.168.100.8:47538 - "GET /static/css/play.css?v=1779817662 HTTP/1.1" 200
2026-05-27 01:51:48  INFO     uvicorn.access  192.168.100.8:47538 - "GET /api/announcement?page=play HTTP/1.1" 200
2026-05-27 01:52:08  INFO     uvicorn.access  192.168.100.8:45138 - "GET /play HTTP/1.1" 200
2026-05-27 01:52:09  INFO     uvicorn.access  192.168.100.8:45154 - "GET /static/css/play.css?v=1779817662 HTTP/1.1" 304
2026-05-27 01:52:09  INFO     uvicorn.error  Shutting down
2026-05-27 01:52:09  INFO     uvicorn.error  Waiting for application shutdown.
2026-05-27 01:52:09  INFO     uvicorn.error  Application shutdown complete.
2026-05-27 01:52:09  INFO     uvicorn.error  Finished server process [1903233]
2026-05-27 01:52:10  INFO     root  日志初始化完成 → logs (保留 30 天, 级别 INFO)
2026-05-27 01:52:10  INFO     root  日志初始化完成 → logs (保留 30 天, 级别 INFO)
2026-05-27 01:52:10  INFO     uvicorn.error  Started server process [1909270]
2026-05-27 01:52:10  INFO     uvicorn.error  Waiting for application startup.
2026-05-27 01:52:10  INFO     uvicorn.error  Application startup complete.
2026-05-27 01:52:10  INFO     uvicorn.error  Uvicorn running on http://0.0.0.0:8100 (Press CTRL+C to quit)
2026-05-27 01:52:12  INFO     uvicorn.access  192.168.100.8:45160 - "GET /play HTTP/1.1" 200
2026-05-27 01:52:13  INFO     uvicorn.access  192.168.100.8:45160 - "GET /static/js/play.js?v=1779817930 HTTP/1.1" 200
2026-05-27 01:52:13  INFO     uvicorn.access  192.168.100.8:45162 - "GET /static/css/play.css?v=1779817930 HTTP/1.1" 200
2026-05-27 01:52:13  INFO     uvicorn.access  192.168.100.8:45162 - "GET /api/announcement?page=play HTTP/1.1" 200
2026-05-27 01:53:08  INFO     uvicorn.access  127.0.0.1:33292 - "GET /gallery HTTP/1.1" 200
2026-05-27 01:53:08  INFO     uvicorn.access  127.0.0.1:33292 - "GET /static/css/common.css HTTP/1.1" 200
2026-05-27 01:53:08  INFO     uvicorn.access  127.0.0.1:33294 - "GET /static/css/gallery.css?v=1779817930 HTTP/1.1" 200
2026-05-27 01:53:08  INFO     uvicorn.access  127.0.0.1:33300 - "GET /static/js/common.js HTTP/1.1" 200
2026-05-27 01:53:08  INFO     uvicorn.access  127.0.0.1:33310 - "GET /static/js/gallery.js?v=1779817930 HTTP/1.1" 200
2026-05-27 01:53:08  INFO     uvicorn.access  127.0.0.1:33300 - "GET /api/announcement?page=gallery HTTP/1.1" 200
2026-05-27 01:53:08  INFO     uvicorn.access  127.0.0.1:33300 - "GET /api/gallery/liked?fingerprint=a4f863c HTTP/1.1" 200
2026-05-27 01:53:08  INFO     uvicorn.access  127.0.0.1:33300 - "GET /api/gallery/images?page=1&sort=likes HTTP/1.1" 200
2026-05-27 01:53:08  INFO     uvicorn.access  127.0.0.1:33310 - "GET /api/gallery/avatar/IMG_8559.png HTTP/1.1" 200
2026-05-27 01:53:08  INFO     uvicorn.access  127.0.0.1:33300 - "GET /api/gallery/avatar/IMG_8583.png HTTP/1.1" 200
2026-05-27 01:53:08  INFO     uvicorn.access  127.0.0.1:33294 - "GET /api/gallery/avatar/IMG_8573.png HTTP/1.1" 200
2026-05-27 01:53:08  INFO     uvicorn.access  127.0.0.1:33310 - "GET /api/gallery/file/986cdcecf0c74d2a8f2cf466d256f571.png HTTP/1.1" 200
2026-05-27 01:53:08  INFO     uvicorn.access  127.0.0.1:33292 - "GET /api/gallery/file/2727a3ff196d42aeb4e57fe65583694b.png HTTP/1.1" 200
2026-05-27 01:53:08  INFO     uvicorn.access  127.0.0.1:33294 - "GET /api/gallery/file/37d454d6345f4598adad248a1cee27ec.png HTTP/1.1" 200
2026-05-27 01:53:08  INFO     uvicorn.access  127.0.0.1:33300 - "GET /api/gallery/file/bf1dbff67dff4d7db4ef59412e21711d.png HTTP/1.1" 200
2026-05-27 01:53:08  INFO     uvicorn.access  127.0.0.1:33314 - "GET /api/gallery/file/7c6b2273213140cfb21f044c6ef0f314.png HTTP/1.1" 200
2026-05-27 01:53:10  INFO     uvicorn.access  127.0.0.1:33310 - "GET /api/gallery/images?page=1&sort=newest HTTP/1.1" 200
2026-05-27 01:53:11  INFO     uvicorn.access  127.0.0.1:33310 - "GET /api/gallery/search?q=%E7%8C%AB&scope=all&page=1 HTTP/1.1" 200
2026-05-27 01:53:12  INFO     uvicorn.access  127.0.0.1:33310 - "GET /play HTTP/1.1" 200
2026-05-27 01:53:12  INFO     uvicorn.access  127.0.0.1:33300 - "GET /static/js/play.js?v=1779817930 HTTP/1.1" 200
2026-05-27 01:53:12  INFO     uvicorn.access  127.0.0.1:33310 - "GET /static/css/play.css?v=1779817930 HTTP/1.1" 200
2026-05-27 01:53:12  INFO     uvicorn.access  127.0.0.1:33310 - "GET /api/announcement?page=play HTTP/1.1" 200
2026-05-27 01:53:13  INFO     uvicorn.access  127.0.0.1:37314 - "GET /gallery HTTP/1.1" 200
2026-05-27 01:53:13  INFO     uvicorn.access  127.0.0.1:37326 - "GET /static/css/gallery.css?v=1779817930 HTTP/1.1" 200
2026-05-27 01:53:13  INFO     uvicorn.access  127.0.0.1:37352 - "GET /static/js/gallery.js?v=1779817930 HTTP/1.1" 200
2026-05-27 01:53:13  INFO     uvicorn.access  127.0.0.1:37338 - "GET /static/js/common.js HTTP/1.1" 200
2026-05-27 01:53:13  INFO     uvicorn.access  127.0.0.1:37314 - "GET /static/css/common.css HTTP/1.1" 200
2026-05-27 01:53:13  INFO     uvicorn.access  127.0.0.1:37338 - "GET /api/announcement?page=gallery HTTP/1.1" 200
2026-05-27 01:53:13  INFO     uvicorn.access  127.0.0.1:37338 - "GET /api/gallery/liked?fingerprint=5f71af8a HTTP/1.1" 200
2026-05-27 01:53:13  INFO     uvicorn.access  127.0.0.1:37338 - "GET /api/gallery/images?page=1&sort=likes HTTP/1.1" 200
2026-05-27 01:53:13  INFO     uvicorn.access  127.0.0.1:37314 - "GET /api/gallery/avatar/IMG_8559.png HTTP/1.1" 200
2026-05-27 01:53:13  INFO     uvicorn.access  127.0.0.1:37338 - "GET /api/gallery/avatar/IMG_8583.png HTTP/1.1" 200
2026-05-27 01:53:13  INFO     uvicorn.access  127.0.0.1:37352 - "GET /api/gallery/avatar/IMG_8573.png HTTP/1.1" 200
2026-05-27 01:53:13  INFO     uvicorn.access  127.0.0.1:37358 - "GET /api/gallery/file/7c6b2273213140cfb21f044c6ef0f314.png HTTP/1.1" 200
2026-05-27 01:53:13  INFO     uvicorn.access  127.0.0.1:37326 - "GET /api/gallery/file/2727a3ff196d42aeb4e57fe65583694b.png HTTP/1.1" 200
2026-05-27 01:53:13  INFO     uvicorn.access  127.0.0.1:37352 - "GET /api/gallery/file/bf1dbff67dff4d7db4ef59412e21711d.png HTTP/1.1" 200
2026-05-27 01:53:13  INFO     uvicorn.access  127.0.0.1:37314 - "GET /api/gallery/file/37d454d6345f4598adad248a1cee27ec.png HTTP/1.1" 200
2026-05-27 01:53:13  INFO     uvicorn.access  127.0.0.1:37338 - "GET /api/gallery/file/986cdcecf0c74d2a8f2cf466d256f571.png HTTP/1.1" 200
2026-05-27 01:53:14  INFO     uvicorn.access  127.0.0.1:37338 - "GET /play HTTP/1.1" 200
2026-05-27 01:53:14  INFO     uvicorn.access  127.0.0.1:37338 - "GET /static/css/play.css?v=1779817930 HTTP/1.1" 200
2026-05-27 01:53:14  INFO     uvicorn.access  127.0.0.1:37314 - "GET /static/js/play.js?v=1779817930 HTTP/1.1" 200
2026-05-27 01:53:14  INFO     uvicorn.access  127.0.0.1:37314 - "GET /api/announcement?page=play HTTP/1.1" 200
2026-05-27 01:53:21  INFO     uvicorn.access  192.168.100.8:45434 - "GET /play HTTP/1.1" 200
2026-05-27 01:53:22  INFO     uvicorn.access  192.168.100.8:45446 - "GET /static/css/play.css?v=1779817930 HTTP/1.1" 304
2026-05-27 01:53:22  INFO     uvicorn.access  192.168.100.8:45446 - "GET /api/announcement?page=play HTTP/1.1" 200
2026-05-27 01:53:25  INFO     uvicorn.access  192.168.100.8:45446 - "GET /gallery HTTP/1.1" 200
2026-05-27 01:53:26  INFO     uvicorn.access  192.168.100.8:45434 - "GET /static/css/gallery.css?v=1779817930 HTTP/1.1" 200
2026-05-27 01:53:26  INFO     uvicorn.access  192.168.100.8:45446 - "GET /static/js/gallery.js?v=1779817930 HTTP/1.1" 200
2026-05-27 01:53:26  INFO     uvicorn.access  192.168.100.8:45434 - "GET /api/announcement?page=gallery HTTP/1.1" 200
2026-05-27 01:53:26  INFO     uvicorn.access  192.168.100.8:45446 - "POST /auth/verify HTTP/1.1" 200
2026-05-27 01:53:26  INFO     uvicorn.access  192.168.100.8:45446 - "GET /api/gallery/liked?fingerprint=21190006 HTTP/1.1" 200
2026-05-27 01:53:26  INFO     uvicorn.access  192.168.100.8:45446 - "GET /api/gallery/images?page=1&sort=likes HTTP/1.1" 200
2026-05-27 01:53:29  INFO     uvicorn.access  192.168.100.8:45446 - "GET /play HTTP/1.1" 200
2026-05-27 01:53:30  INFO     uvicorn.access  192.168.100.8:45446 - "GET /api/announcement?page=play HTTP/1.1" 200
2026-05-27 01:53:40  INFO     uvicorn.access  192.168.100.8:33494 - "POST /auth/verify HTTP/1.1" 200
2026-05-27 01:54:16  INFO     uvicorn.access  192.168.100.8:44180 - "GET /play HTTP/1.1" 200
2026-05-27 01:54:16  INFO     uvicorn.access  192.168.100.8:44184 - "GET /static/css/play.css?v=1779817930 HTTP/1.1" 304
2026-05-27 01:54:16  INFO     uvicorn.access  192.168.100.8:44184 - "GET /api/announcement?page=play HTTP/1.1" 200
2026-05-27 01:54:35  INFO     uvicorn.access  192.168.100.8:46696 - "GET /gallery HTTP/1.1" 200
2026-05-27 01:54:35  INFO     uvicorn.access  192.168.100.8:46710 - "GET /static/css/gallery.css?v=1779817930 HTTP/1.1" 304
2026-05-27 01:54:35  INFO     uvicorn.access  192.168.100.8:46710 - "GET /api/announcement?page=gallery HTTP/1.1" 200
2026-05-27 01:54:35  INFO     uvicorn.access  192.168.100.8:46696 - "POST /auth/verify HTTP/1.1" 200
2026-05-27 01:54:36  INFO     uvicorn.access  192.168.100.8:46696 - "GET /api/gallery/liked?fingerprint=21190006 HTTP/1.1" 200
2026-05-27 01:54:36  INFO     uvicorn.access  192.168.100.8:46696 - "GET /api/gallery/images?page=1&sort=likes HTTP/1.1" 200
2026-05-27 01:54:39  INFO     uvicorn.access  192.168.100.8:46696 - "GET /gallery HTTP/1.1" 200
2026-05-27 01:54:39  INFO     uvicorn.access  192.168.100.8:46710 - "GET /static/js/gallery.js?v=1779817930 HTTP/1.1" 304
2026-05-27 01:54:39  INFO     uvicorn.access  192.168.100.8:46696 - "GET /api/announcement?page=gallery HTTP/1.1" 200
2026-05-27 01:54:39  INFO     uvicorn.access  192.168.100.8:46696 - "POST /auth/verify HTTP/1.1" 200
2026-05-27 01:54:40  INFO     uvicorn.access  192.168.100.8:46696 - "GET /api/gallery/liked?fingerprint=21190006 HTTP/1.1" 200
2026-05-27 01:54:40  INFO     uvicorn.access  192.168.100.8:46696 - "GET /api/gallery/images?page=1&sort=likes HTTP/1.1" 200
2026-05-27 01:54:43  INFO     uvicorn.access  192.168.100.8:46696 - "GET /api/gallery/profile HTTP/1.1" 200
2026-05-27 01:54:43  INFO     uvicorn.access  192.168.100.8:46696 - "GET /api/gallery/my HTTP/1.1" 200
2026-05-27 01:54:52  INFO     uvicorn.access  192.168.100.8:48614 - "GET / HTTP/1.1" 200
2026-05-27 01:54:53  INFO     uvicorn.access  192.168.100.8:48614 - "GET /api/announcement?page=home HTTP/1.1" 200
2026-05-27 01:55:41  INFO     uvicorn.access  127.0.0.1:40496 - "GET /gallery HTTP/1.1" 200
2026-05-27 01:55:41  INFO     uvicorn.access  127.0.0.1:40496 - "GET /static/css/common.css HTTP/1.1" 200
2026-05-27 01:55:41  INFO     uvicorn.access  127.0.0.1:40502 - "GET /static/css/gallery.css?v=1779817930 HTTP/1.1" 200
2026-05-27 01:55:41  INFO     uvicorn.access  127.0.0.1:40522 - "GET /static/js/gallery.js?v=1779817930 HTTP/1.1" 200
2026-05-27 01:55:41  INFO     uvicorn.access  127.0.0.1:40512 - "GET /static/js/common.js HTTP/1.1" 200
2026-05-27 01:55:41  INFO     uvicorn.access  127.0.0.1:40512 - "GET /api/announcement?page=gallery HTTP/1.1" 200
2026-05-27 01:55:41  INFO     uvicorn.access  127.0.0.1:40512 - "GET /api/gallery/liked?fingerprint=a4f863c HTTP/1.1" 200
2026-05-27 01:55:41  INFO     uvicorn.access  127.0.0.1:40512 - "GET /api/gallery/images?page=1&sort=likes HTTP/1.1" 200
2026-05-27 01:55:41  INFO     uvicorn.access  127.0.0.1:40496 - "GET /api/gallery/avatar/IMG_8573.png HTTP/1.1" 200
2026-05-27 01:55:41  INFO     uvicorn.access  127.0.0.1:40512 - "GET /api/gallery/avatar/IMG_8583.png HTTP/1.1" 200
2026-05-27 01:55:41  INFO     uvicorn.access  127.0.0.1:40522 - "GET /api/gallery/avatar/IMG_8559.png HTTP/1.1" 200
2026-05-27 01:55:41  INFO     uvicorn.access  127.0.0.1:40512 - "GET /api/gallery/file/986cdcecf0c74d2a8f2cf466d256f571.png HTTP/1.1" 200
2026-05-27 01:55:41  INFO     uvicorn.access  127.0.0.1:40502 - "GET /api/gallery/file/2727a3ff196d42aeb4e57fe65583694b.png HTTP/1.1" 200
2026-05-27 01:55:41  INFO     uvicorn.access  127.0.0.1:40522 - "GET /api/gallery/file/bf1dbff67dff4d7db4ef59412e21711d.png HTTP/1.1" 200
2026-05-27 01:55:41  INFO     uvicorn.access  127.0.0.1:40496 - "GET /api/gallery/file/37d454d6345f4598adad248a1cee27ec.png HTTP/1.1" 200
2026-05-27 01:55:41  INFO     uvicorn.access  127.0.0.1:40532 - "GET /api/gallery/file/7c6b2273213140cfb21f044c6ef0f314.png HTTP/1.1" 200
2026-05-27 01:55:42  INFO     uvicorn.access  127.0.0.1:40512 - "GET /api/gallery/images?page=1&sort=newest HTTP/1.1" 200
2026-05-27 01:55:43  INFO     uvicorn.access  127.0.0.1:40512 - "GET /api/gallery/search?q=%E7%8C%AB&scope=all&page=1 HTTP/1.1" 200
2026-05-27 01:55:44  INFO     uvicorn.access  127.0.0.1:40512 - "GET /play HTTP/1.1" 200
2026-05-27 01:55:44  INFO     uvicorn.access  127.0.0.1:40522 - "GET /static/js/play.js?v=1779817930 HTTP/1.1" 200
2026-05-27 01:55:44  INFO     uvicorn.access  127.0.0.1:40512 - "GET /static/css/play.css?v=1779817930 HTTP/1.1" 200
2026-05-27 01:55:44  INFO     uvicorn.access  127.0.0.1:40522 - "GET /api/announcement?page=play HTTP/1.1" 200
2026-05-27 01:55:46  INFO     uvicorn.access  127.0.0.1:40544 - "GET /gallery HTTP/1.1" 200
2026-05-27 01:55:46  INFO     uvicorn.access  127.0.0.1:40544 - "GET /static/css/common.css HTTP/1.1" 200
2026-05-27 01:55:46  INFO     uvicorn.access  127.0.0.1:40548 - "GET /static/css/gallery.css?v=1779817930 HTTP/1.1" 200
2026-05-27 01:55:46  INFO     uvicorn.access  127.0.0.1:40572 - "GET /static/js/gallery.js?v=1779817930 HTTP/1.1" 200
2026-05-27 01:55:46  INFO     uvicorn.access  127.0.0.1:40560 - "GET /static/js/common.js HTTP/1.1" 200
2026-05-27 01:55:46  INFO     uvicorn.access  127.0.0.1:40572 - "GET /api/announcement?page=gallery HTTP/1.1" 200
2026-05-27 01:55:46  INFO     uvicorn.access  127.0.0.1:40572 - "GET /api/gallery/liked?fingerprint=5f71af8a HTTP/1.1" 200
2026-05-27 01:55:46  INFO     uvicorn.access  127.0.0.1:40572 - "GET /api/gallery/images?page=1&sort=likes HTTP/1.1" 200
2026-05-27 01:55:46  INFO     uvicorn.access  127.0.0.1:40548 - "GET /api/gallery/avatar/IMG_8559.png HTTP/1.1" 200
2026-05-27 01:55:46  INFO     uvicorn.access  127.0.0.1:40572 - "GET /api/gallery/avatar/IMG_8583.png HTTP/1.1" 200
2026-05-27 01:55:46  INFO     uvicorn.access  127.0.0.1:40560 - "GET /api/gallery/avatar/IMG_8573.png HTTP/1.1" 200
2026-05-27 01:55:46  INFO     uvicorn.access  127.0.0.1:40574 - "GET /api/gallery/file/7c6b2273213140cfb21f044c6ef0f314.png HTTP/1.1" 200
2026-05-27 01:55:46  INFO     uvicorn.access  127.0.0.1:40548 - "GET /api/gallery/file/37d454d6345f4598adad248a1cee27ec.png HTTP/1.1" 200
2026-05-27 01:55:46  INFO     uvicorn.access  127.0.0.1:40560 - "GET /api/gallery/file/986cdcecf0c74d2a8f2cf466d256f571.png HTTP/1.1" 200
2026-05-27 01:55:46  INFO     uvicorn.access  127.0.0.1:40572 - "GET /api/gallery/file/bf1dbff67dff4d7db4ef59412e21711d.png HTTP/1.1" 200
2026-05-27 01:55:46  INFO     uvicorn.access  127.0.0.1:40544 - "GET /api/gallery/file/2727a3ff196d42aeb4e57fe65583694b.png HTTP/1.1" 200
2026-05-27 01:55:47  INFO     uvicorn.access  127.0.0.1:40544 - "GET /play HTTP/1.1" 200
2026-05-27 01:55:47  INFO     uvicorn.access  127.0.0.1:40572 - "GET /static/js/play.js?v=1779817930 HTTP/1.1" 200
2026-05-27 01:55:47  INFO     uvicorn.access  127.0.0.1:40544 - "GET /static/css/play.css?v=1779817930 HTTP/1.1" 200
2026-05-27 01:55:47  INFO     uvicorn.access  127.0.0.1:40572 - "GET /api/announcement?page=play HTTP/1.1" 200
2026-05-27 01:56:01  INFO     uvicorn.access  127.0.0.1:34990 - "GET /gallery HTTP/1.1" 200
2026-05-27 01:56:01  INFO     uvicorn.access  127.0.0.1:34990 - "GET /static/css/common.css HTTP/1.1" 200
2026-05-27 01:56:01  INFO     uvicorn.access  127.0.0.1:34998 - "GET /static/css/gallery.css?v=1779817930 HTTP/1.1" 200
2026-05-27 01:56:01  INFO     uvicorn.access  127.0.0.1:35004 - "GET /static/js/common.js HTTP/1.1" 200
2026-05-27 01:56:01  INFO     uvicorn.access  127.0.0.1:35012 - "GET /static/js/gallery.js?v=1779817930 HTTP/1.1" 200
2026-05-27 01:56:01  INFO     uvicorn.access  127.0.0.1:35012 - "GET /api/announcement?page=gallery HTTP/1.1" 200
2026-05-27 01:56:01  INFO     uvicorn.access  127.0.0.1:35012 - "GET /api/gallery/liked?fingerprint=a4f863c HTTP/1.1" 200
2026-05-27 01:56:01  INFO     uvicorn.access  127.0.0.1:35012 - "GET /api/gallery/images?page=1&sort=likes HTTP/1.1" 200
2026-05-27 01:56:01  INFO     uvicorn.access  127.0.0.1:35004 - "GET /api/gallery/avatar/IMG_8559.png HTTP/1.1" 200
2026-05-27 01:56:01  INFO     uvicorn.access  127.0.0.1:35012 - "GET /api/gallery/avatar/IMG_8583.png HTTP/1.1" 200
2026-05-27 01:56:01  INFO     uvicorn.access  127.0.0.1:34990 - "GET /api/gallery/avatar/IMG_8573.png HTTP/1.1" 200
2026-05-27 01:56:01  INFO     uvicorn.access  127.0.0.1:34998 - "GET /api/gallery/file/2727a3ff196d42aeb4e57fe65583694b.png HTTP/1.1" 200
2026-05-27 01:56:01  INFO     uvicorn.access  127.0.0.1:35014 - "GET /api/gallery/file/7c6b2273213140cfb21f044c6ef0f314.png HTTP/1.1" 200
2026-05-27 01:56:01  INFO     uvicorn.access  127.0.0.1:34990 - "GET /api/gallery/file/bf1dbff67dff4d7db4ef59412e21711d.png HTTP/1.1" 200
2026-05-27 01:56:01  INFO     uvicorn.access  127.0.0.1:35004 - "GET /api/gallery/file/37d454d6345f4598adad248a1cee27ec.png HTTP/1.1" 200
2026-05-27 01:56:01  INFO     uvicorn.access  127.0.0.1:35012 - "GET /api/gallery/file/986cdcecf0c74d2a8f2cf466d256f571.png HTTP/1.1" 200
2026-05-27 01:56:02  INFO     uvicorn.access  127.0.0.1:35012 - "GET /api/gallery/images?page=1&sort=newest HTTP/1.1" 200
2026-05-27 01:56:04  INFO     uvicorn.access  127.0.0.1:35012 - "GET /api/gallery/search?q=%E7%8C%AB&scope=all&page=1 HTTP/1.1" 200
2026-05-27 01:56:05  INFO     uvicorn.access  127.0.0.1:35012 - "GET /play HTTP/1.1" 200
2026-05-27 01:56:05  INFO     uvicorn.access  127.0.0.1:34990 - "GET /static/js/play.js?v=1779817930 HTTP/1.1" 200
2026-05-27 01:56:05  INFO     uvicorn.access  127.0.0.1:35012 - "GET /static/css/play.css?v=1779817930 HTTP/1.1" 200
2026-05-27 01:56:05  INFO     uvicorn.access  127.0.0.1:34990 - "GET /api/announcement?page=play HTTP/1.1" 200
2026-05-27 01:56:06  INFO     uvicorn.access  127.0.0.1:35028 - "GET /gallery HTTP/1.1" 200
2026-05-27 01:56:06  INFO     uvicorn.access  127.0.0.1:35028 - "GET /static/css/common.css HTTP/1.1" 200
2026-05-27 01:56:06  INFO     uvicorn.access  127.0.0.1:35052 - "GET /static/js/common.js HTTP/1.1" 200
2026-05-27 01:56:06  INFO     uvicorn.access  127.0.0.1:35058 - "GET /static/js/gallery.js?v=1779817930 HTTP/1.1" 200
2026-05-27 01:56:06  INFO     uvicorn.access  127.0.0.1:35038 - "GET /static/css/gallery.css?v=1779817930 HTTP/1.1" 200
2026-05-27 01:56:06  INFO     uvicorn.access  127.0.0.1:35058 - "GET /api/announcement?page=gallery HTTP/1.1" 200
2026-05-27 01:56:06  INFO     uvicorn.access  127.0.0.1:35058 - "GET /api/gallery/liked?fingerprint=5f71af8a HTTP/1.1" 200
2026-05-27 01:56:06  INFO     uvicorn.access  127.0.0.1:35058 - "GET /api/gallery/images?page=1&sort=likes HTTP/1.1" 200
2026-05-27 01:56:06  INFO     uvicorn.access  127.0.0.1:35052 - "GET /api/gallery/avatar/IMG_8559.png HTTP/1.1" 200
2026-05-27 01:56:06  INFO     uvicorn.access  127.0.0.1:35058 - "GET /api/gallery/avatar/IMG_8583.png HTTP/1.1" 200
2026-05-27 01:56:06  INFO     uvicorn.access  127.0.0.1:35038 - "GET /api/gallery/avatar/IMG_8573.png HTTP/1.1" 200
2026-05-27 01:56:06  INFO     uvicorn.access  127.0.0.1:35058 - "GET /api/gallery/file/986cdcecf0c74d2a8f2cf466d256f571.png HTTP/1.1" 200
2026-05-27 01:56:06  INFO     uvicorn.access  127.0.0.1:35038 - "GET /api/gallery/file/37d454d6345f4598adad248a1cee27ec.png HTTP/1.1" 200
2026-05-27 01:56:06  INFO     uvicorn.access  127.0.0.1:35064 - "GET /api/gallery/file/7c6b2273213140cfb21f044c6ef0f314.png HTTP/1.1" 200
2026-05-27 01:56:06  INFO     uvicorn.access  127.0.0.1:35052 - "GET /api/gallery/file/bf1dbff67dff4d7db4ef59412e21711d.png HTTP/1.1" 200
2026-05-27 01:56:06  INFO     uvicorn.access  127.0.0.1:35028 - "GET /api/gallery/file/2727a3ff196d42aeb4e57fe65583694b.png HTTP/1.1" 200
2026-05-27 01:56:07  INFO     uvicorn.access  127.0.0.1:35058 - "GET /play HTTP/1.1" 200
2026-05-27 01:56:07  INFO     uvicorn.access  127.0.0.1:35028 - "GET /static/js/play.js?v=1779817930 HTTP/1.1" 200
2026-05-27 01:56:07  INFO     uvicorn.access  127.0.0.1:35058 - "GET /static/css/play.css?v=1779817930 HTTP/1.1" 200
2026-05-27 01:56:07  INFO     uvicorn.access  127.0.0.1:35058 - "GET /api/announcement?page=play HTTP/1.1" 200
2026-05-27 01:57:15  INFO     uvicorn.access  127.0.0.1:58864 - "GET /gallery HTTP/1.1" 200
2026-05-27 01:57:15  INFO     uvicorn.access  127.0.0.1:58864 - "GET /static/css/common.css HTTP/1.1" 200
2026-05-27 01:57:15  INFO     uvicorn.access  127.0.0.1:58872 - "GET /static/css/gallery.css?v=1779817930 HTTP/1.1" 200
2026-05-27 01:57:15  INFO     uvicorn.access  127.0.0.1:58886 - "GET /static/js/common.js HTTP/1.1" 200
2026-05-27 01:57:15  INFO     uvicorn.access  127.0.0.1:58888 - "GET /static/js/gallery.js?v=1779817930 HTTP/1.1" 200
2026-05-27 01:57:15  INFO     uvicorn.access  127.0.0.1:58888 - "GET /api/announcement?page=gallery HTTP/1.1" 200
2026-05-27 01:57:15  INFO     uvicorn.access  127.0.0.1:58888 - "GET /api/gallery/liked?fingerprint=a4f863c HTTP/1.1" 200
2026-05-27 01:57:15  INFO     uvicorn.access  127.0.0.1:58888 - "GET /api/gallery/images?page=1&sort=likes HTTP/1.1" 200
2026-05-27 01:57:15  INFO     uvicorn.access  127.0.0.1:58888 - "GET /api/gallery/avatar/IMG_8583.png HTTP/1.1" 200
2026-05-27 01:57:15  INFO     uvicorn.access  127.0.0.1:58872 - "GET /api/gallery/avatar/IMG_8559.png HTTP/1.1" 200
2026-05-27 01:57:15  INFO     uvicorn.access  127.0.0.1:58864 - "GET /api/gallery/avatar/IMG_8573.png HTTP/1.1" 200
2026-05-27 01:57:15  INFO     uvicorn.access  127.0.0.1:58888 - "GET /api/gallery/file/986cdcecf0c74d2a8f2cf466d256f571.png HTTP/1.1" 200
2026-05-27 01:57:15  INFO     uvicorn.access  127.0.0.1:58872 - "GET /api/gallery/file/bf1dbff67dff4d7db4ef59412e21711d.png HTTP/1.1" 200
2026-05-27 01:57:15  INFO     uvicorn.access  127.0.0.1:58864 - "GET /api/gallery/file/37d454d6345f4598adad248a1cee27ec.png HTTP/1.1" 200
2026-05-27 01:57:15  INFO     uvicorn.access  127.0.0.1:58886 - "GET /api/gallery/file/2727a3ff196d42aeb4e57fe65583694b.png HTTP/1.1" 200
2026-05-27 01:57:15  INFO     uvicorn.access  127.0.0.1:58900 - "GET /api/gallery/file/7c6b2273213140cfb21f044c6ef0f314.png HTTP/1.1" 200
2026-05-27 01:57:16  INFO     uvicorn.access  127.0.0.1:58872 - "GET /api/gallery/images?page=1&sort=newest HTTP/1.1" 200
2026-05-27 01:57:17  INFO     uvicorn.access  127.0.0.1:58872 - "GET /api/gallery/search?q=%E7%8C%AB&scope=all&page=1 HTTP/1.1" 200
2026-05-27 01:57:18  INFO     uvicorn.access  127.0.0.1:58872 - "GET /play HTTP/1.1" 200
2026-05-27 01:57:18  INFO     uvicorn.access  127.0.0.1:58872 - "GET /static/css/play.css?v=1779817930 HTTP/1.1" 200
2026-05-27 01:57:18  INFO     uvicorn.access  127.0.0.1:58888 - "GET /static/js/play.js?v=1779817930 HTTP/1.1" 200
2026-05-27 01:57:18  INFO     uvicorn.access  127.0.0.1:58888 - "GET /api/announcement?page=play HTTP/1.1" 200
2026-05-27 01:57:20  INFO     uvicorn.access  127.0.0.1:58906 - "GET /gallery HTTP/1.1" 200
2026-05-27 01:57:20  INFO     uvicorn.access  127.0.0.1:58906 - "GET /static/css/common.css HTTP/1.1" 200
2026-05-27 01:57:20  INFO     uvicorn.access  127.0.0.1:58926 - "GET /static/js/common.js HTTP/1.1" 200
2026-05-27 01:57:20  INFO     uvicorn.access  127.0.0.1:58934 - "GET /static/js/gallery.js?v=1779817930 HTTP/1.1" 200
2026-05-27 01:57:20  INFO     uvicorn.access  127.0.0.1:58914 - "GET /static/css/gallery.css?v=1779817930 HTTP/1.1" 200
2026-05-27 01:57:20  INFO     uvicorn.access  127.0.0.1:58914 - "GET /api/announcement?page=gallery HTTP/1.1" 200
2026-05-27 01:57:20  INFO     uvicorn.access  127.0.0.1:58914 - "GET /api/gallery/liked?fingerprint=5f71af8a HTTP/1.1" 200
2026-05-27 01:57:20  INFO     uvicorn.access  127.0.0.1:58914 - "GET /api/gallery/images?page=1&sort=likes HTTP/1.1" 200
2026-05-27 01:57:20  INFO     uvicorn.access  127.0.0.1:58926 - "GET /api/gallery/avatar/IMG_8573.png HTTP/1.1" 200
2026-05-27 01:57:20  INFO     uvicorn.access  127.0.0.1:58914 - "GET /api/gallery/avatar/IMG_8583.png HTTP/1.1" 200
2026-05-27 01:57:20  INFO     uvicorn.access  127.0.0.1:58934 - "GET /api/gallery/avatar/IMG_8559.png HTTP/1.1" 200
2026-05-27 01:57:20  INFO     uvicorn.access  127.0.0.1:58906 - "GET /api/gallery/file/2727a3ff196d42aeb4e57fe65583694b.png HTTP/1.1" 200
2026-05-27 01:57:20  INFO     uvicorn.access  127.0.0.1:58914 - "GET /api/gallery/file/986cdcecf0c74d2a8f2cf466d256f571.png HTTP/1.1" 200
2026-05-27 01:57:20  INFO     uvicorn.access  127.0.0.1:58926 - "GET /api/gallery/file/37d454d6345f4598adad248a1cee27ec.png HTTP/1.1" 200
2026-05-27 01:57:20  INFO     uvicorn.access  127.0.0.1:58934 - "GET /api/gallery/file/bf1dbff67dff4d7db4ef59412e21711d.png HTTP/1.1" 200
2026-05-27 01:57:20  INFO     uvicorn.access  127.0.0.1:58950 - "GET /api/gallery/file/7c6b2273213140cfb21f044c6ef0f314.png HTTP/1.1" 200
2026-05-27 01:57:21  INFO     uvicorn.access  127.0.0.1:58914 - "GET /play HTTP/1.1" 200
2026-05-27 01:57:21  INFO     uvicorn.access  127.0.0.1:58914 - "GET /static/css/play.css?v=1779817930 HTTP/1.1" 200
2026-05-27 01:57:21  INFO     uvicorn.access  127.0.0.1:58906 - "GET /static/js/play.js?v=1779817930 HTTP/1.1" 200
2026-05-27 01:57:21  INFO     uvicorn.access  127.0.0.1:58914 - "GET /api/announcement?page=play HTTP/1.1" 200
2026-05-27 01:57:23  INFO     uvicorn.access  192.168.100.8:47054 - "GET / HTTP/1.1" 200
2026-05-27 01:57:23  INFO     uvicorn.access  192.168.100.8:47054 - "GET /api/announcement?page=home HTTP/1.1" 200
2026-05-27 01:57:26  INFO     uvicorn.access  192.168.100.8:47054 - "GET /play HTTP/1.1" 200
2026-05-27 01:57:26  INFO     uvicorn.access  192.168.100.8:47054 - "GET /static/js/play.js?v=1779817930 HTTP/1.1" 304
2026-05-27 01:57:26  INFO     uvicorn.access  192.168.100.8:47064 - "GET /static/css/play.css?v=1779817930 HTTP/1.1" 200
2026-05-27 01:57:27  INFO     uvicorn.access  192.168.100.8:47064 - "GET /api/announcement?page=play HTTP/1.1" 200
2026-05-27 01:57:40  INFO     uvicorn.access  127.0.0.1:45038 - "GET /gallery HTTP/1.1" 200
2026-05-27 01:57:40  INFO     uvicorn.access  127.0.0.1:45038 - "GET /static/css/common.css HTTP/1.1" 200
2026-05-27 01:57:40  INFO     uvicorn.access  127.0.0.1:45040 - "GET /static/css/gallery.css?v=1779817930 HTTP/1.1" 200
2026-05-27 01:57:40  INFO     uvicorn.access  127.0.0.1:45068 - "GET /static/js/gallery.js?v=1779817930 HTTP/1.1" 200
2026-05-27 01:57:40  INFO     uvicorn.access  127.0.0.1:45054 - "GET /static/js/common.js HTTP/1.1" 200
2026-05-27 01:57:40  INFO     uvicorn.access  127.0.0.1:45068 - "GET /api/announcement?page=gallery HTTP/1.1" 200
2026-05-27 01:57:40  INFO     uvicorn.access  127.0.0.1:45068 - "GET /api/gallery/liked?fingerprint=a4f863c HTTP/1.1" 200
2026-05-27 01:57:40  INFO     uvicorn.access  127.0.0.1:45068 - "GET /api/gallery/images?page=1&sort=likes HTTP/1.1" 200
2026-05-27 01:57:40  INFO     uvicorn.access  127.0.0.1:45068 - "GET /api/gallery/avatar/IMG_8583.png HTTP/1.1" 200
2026-05-27 01:57:40  INFO     uvicorn.access  127.0.0.1:45040 - "GET /api/gallery/avatar/IMG_8573.png HTTP/1.1" 200
2026-05-27 01:57:40  INFO     uvicorn.access  127.0.0.1:45054 - "GET /api/gallery/avatar/IMG_8559.png HTTP/1.1" 200
2026-05-27 01:57:40  INFO     uvicorn.access  127.0.0.1:45068 - "GET /api/gallery/file/bf1dbff67dff4d7db4ef59412e21711d.png HTTP/1.1" 200
2026-05-27 01:57:40  INFO     uvicorn.access  127.0.0.1:45040 - "GET /api/gallery/file/986cdcecf0c74d2a8f2cf466d256f571.png HTTP/1.1" 200
2026-05-27 01:57:40  INFO     uvicorn.access  127.0.0.1:45054 - "GET /api/gallery/file/37d454d6345f4598adad248a1cee27ec.png HTTP/1.1" 200
2026-05-27 01:57:40  INFO     uvicorn.access  127.0.0.1:45038 - "GET /api/gallery/file/2727a3ff196d42aeb4e57fe65583694b.png HTTP/1.1" 200
2026-05-27 01:57:40  INFO     uvicorn.access  127.0.0.1:45078 - "GET /api/gallery/file/7c6b2273213140cfb21f044c6ef0f314.png HTTP/1.1" 200
2026-05-27 01:57:41  INFO     uvicorn.access  127.0.0.1:45040 - "GET /api/gallery/images?page=1&sort=newest HTTP/1.1" 200
2026-05-27 01:57:43  INFO     uvicorn.access  127.0.0.1:45040 - "GET /api/gallery/search?q=%E7%8C%AB&scope=all&page=1 HTTP/1.1" 200
2026-05-27 01:57:44  INFO     uvicorn.access  127.0.0.1:45040 - "GET /play HTTP/1.1" 200
2026-05-27 01:57:44  INFO     uvicorn.access  127.0.0.1:45038 - "GET /static/js/play.js?v=1779817930 HTTP/1.1" 200
2026-05-27 01:57:44  INFO     uvicorn.access  127.0.0.1:45040 - "GET /static/css/play.css?v=1779817930 HTTP/1.1" 200
2026-05-27 01:57:44  INFO     uvicorn.access  127.0.0.1:45038 - "GET /api/announcement?page=play HTTP/1.1" 200
2026-05-27 01:57:45  INFO     uvicorn.access  127.0.0.1:36712 - "GET /gallery HTTP/1.1" 200
2026-05-27 01:57:45  INFO     uvicorn.access  127.0.0.1:36712 - "GET /static/css/common.css HTTP/1.1" 200
2026-05-27 01:57:45  INFO     uvicorn.access  127.0.0.1:36728 - "GET /static/css/gallery.css?v=1779817930 HTTP/1.1" 200
2026-05-27 01:57:45  INFO     uvicorn.access  127.0.0.1:36742 - "GET /static/js/gallery.js?v=1779817930 HTTP/1.1" 200
2026-05-27 01:57:45  INFO     uvicorn.access  127.0.0.1:36732 - "GET /static/js/common.js HTTP/1.1" 200
2026-05-27 01:57:45  INFO     uvicorn.access  127.0.0.1:36742 - "GET /api/announcement?page=gallery HTTP/1.1" 200
2026-05-27 01:57:45  INFO     uvicorn.access  127.0.0.1:36742 - "GET /api/gallery/liked?fingerprint=5f71af8a HTTP/1.1" 200
2026-05-27 01:57:45  INFO     uvicorn.access  127.0.0.1:36742 - "GET /api/gallery/images?page=1&sort=likes HTTP/1.1" 200
2026-05-27 01:57:45  INFO     uvicorn.access  127.0.0.1:36742 - "GET /api/gallery/avatar/IMG_8583.png HTTP/1.1" 200
2026-05-27 01:57:45  INFO     uvicorn.access  127.0.0.1:36732 - "GET /api/gallery/avatar/IMG_8559.png HTTP/1.1" 200
2026-05-27 01:57:45  INFO     uvicorn.access  127.0.0.1:36728 - "GET /api/gallery/avatar/IMG_8573.png HTTP/1.1" 200
2026-05-27 01:57:45  INFO     uvicorn.access  127.0.0.1:36728 - "GET /api/gallery/file/bf1dbff67dff4d7db4ef59412e21711d.png HTTP/1.1" 200
2026-05-27 01:57:45  INFO     uvicorn.access  127.0.0.1:36742 - "GET /api/gallery/file/986cdcecf0c74d2a8f2cf466d256f571.png HTTP/1.1" 200
2026-05-27 01:57:45  INFO     uvicorn.access  127.0.0.1:36712 - "GET /api/gallery/file/2727a3ff196d42aeb4e57fe65583694b.png HTTP/1.1" 200
2026-05-27 01:57:45  INFO     uvicorn.access  127.0.0.1:36754 - "GET /api/gallery/file/7c6b2273213140cfb21f044c6ef0f314.png HTTP/1.1" 200
2026-05-27 01:57:45  INFO     uvicorn.access  127.0.0.1:36732 - "GET /api/gallery/file/37d454d6345f4598adad248a1cee27ec.png HTTP/1.1" 200
2026-05-27 01:57:46  INFO     uvicorn.access  127.0.0.1:36728 - "GET /play HTTP/1.1" 200
2026-05-27 01:57:46  INFO     uvicorn.access  127.0.0.1:36728 - "GET /static/css/play.css?v=1779817930 HTTP/1.1" 200
2026-05-27 01:57:46  INFO     uvicorn.access  127.0.0.1:36742 - "GET /static/js/play.js?v=1779817930 HTTP/1.1" 200
2026-05-27 01:57:46  INFO     uvicorn.access  127.0.0.1:36742 - "GET /api/announcement?page=play HTTP/1.1" 200
2026-05-27 01:57:47  INFO     uvicorn.access  127.0.0.1:36768 - "GET /play HTTP/1.1" 200
2026-05-27 01:57:47  INFO     uvicorn.access  127.0.0.1:36768 - "GET /static/css/common.css HTTP/1.1" 200
2026-05-27 01:57:47  INFO     uvicorn.access  127.0.0.1:36790 - "GET /static/js/common.js HTTP/1.1" 200
2026-05-27 01:57:47  INFO     uvicorn.access  127.0.0.1:36800 - "GET /static/js/play.js?v=1779817930 HTTP/1.1" 200
2026-05-27 01:57:47  INFO     uvicorn.access  127.0.0.1:36774 - "GET /static/css/play.css?v=1779817930 HTTP/1.1" 200
2026-05-27 01:57:47  INFO     uvicorn.access  127.0.0.1:36800 - "GET /api/announcement?page=play HTTP/1.1" 200
2026-05-27 01:57:58  INFO     uvicorn.error  Shutting down
2026-05-27 01:57:59  INFO     uvicorn.error  Waiting for application shutdown.
2026-05-27 01:57:59  INFO     uvicorn.error  Application shutdown complete.
2026-05-27 01:57:59  INFO     uvicorn.error  Finished server process [1909270]
2026-05-27 01:57:59  INFO     root  日志初始化完成 → logs (保留 30 天, 级别 INFO)
2026-05-27 01:57:59  INFO     root  日志初始化完成 → logs (保留 30 天, 级别 INFO)
2026-05-27 01:57:59  INFO     uvicorn.error  Started server process [1917541]
2026-05-27 01:57:59  INFO     uvicorn.error  Waiting for application startup.
2026-05-27 01:57:59  INFO     uvicorn.error  Application startup complete.
2026-05-27 01:57:59  INFO     uvicorn.error  Uvicorn running on http://0.0.0.0:8100 (Press CTRL+C to quit)
2026-05-27 01:58:09  INFO     uvicorn.access  192.168.100.8:50292 - "GET /play HTTP/1.1" 200
2026-05-27 01:58:10  INFO     uvicorn.access  192.168.100.8:50292 - "GET /static/js/play.js?v=1779818279 HTTP/1.1" 200
2026-05-27 01:58:10  INFO     uvicorn.access  127.0.0.1:59482 - "GET /gallery HTTP/1.1" 200
2026-05-27 01:58:10  INFO     uvicorn.access  127.0.0.1:59482 - "GET /static/css/common.css HTTP/1.1" 200
2026-05-27 01:58:10  INFO     uvicorn.access  127.0.0.1:59486 - "GET /static/css/gallery.css?v=1779818279 HTTP/1.1" 200
2026-05-27 01:58:10  INFO     uvicorn.access  127.0.0.1:59502 - "GET /static/js/common.js HTTP/1.1" 200
2026-05-27 01:58:10  INFO     uvicorn.access  127.0.0.1:59512 - "GET /static/js/gallery.js?v=1779818279 HTTP/1.1" 200
2026-05-27 01:58:10  INFO     uvicorn.access  127.0.0.1:59512 - "GET /api/announcement?page=gallery HTTP/1.1" 200
2026-05-27 01:58:10  INFO     uvicorn.access  127.0.0.1:59512 - "GET /api/gallery/liked?fingerprint=a4f863c HTTP/1.1" 200
2026-05-27 01:58:10  INFO     uvicorn.access  127.0.0.1:59512 - "GET /api/gallery/images?page=1&sort=likes HTTP/1.1" 200
2026-05-27 01:58:10  INFO     uvicorn.access  192.168.100.8:50296 - "GET /static/css/play.css?v=1779818279 HTTP/1.1" 200
2026-05-27 01:58:10  INFO     uvicorn.access  127.0.0.1:59512 - "GET /api/gallery/avatar/IMG_8583.png HTTP/1.1" 200
2026-05-27 01:58:10  INFO     uvicorn.access  127.0.0.1:59482 - "GET /api/gallery/avatar/IMG_8559.png HTTP/1.1" 200
2026-05-27 01:58:10  INFO     uvicorn.access  127.0.0.1:59502 - "GET /api/gallery/avatar/IMG_8573.png HTTP/1.1" 200
2026-05-27 01:58:10  INFO     uvicorn.access  127.0.0.1:59482 - "GET /api/gallery/file/bf1dbff67dff4d7db4ef59412e21711d.png HTTP/1.1" 200
2026-05-27 01:58:10  INFO     uvicorn.access  127.0.0.1:59486 - "GET /api/gallery/file/2727a3ff196d42aeb4e57fe65583694b.png HTTP/1.1" 200
2026-05-27 01:58:10  INFO     uvicorn.access  127.0.0.1:59512 - "GET /api/gallery/file/986cdcecf0c74d2a8f2cf466d256f571.png HTTP/1.1" 200
2026-05-27 01:58:10  INFO     uvicorn.access  127.0.0.1:59502 - "GET /api/gallery/file/37d454d6345f4598adad248a1cee27ec.png HTTP/1.1" 200
2026-05-27 01:58:10  INFO     uvicorn.access  127.0.0.1:59528 - "GET /api/gallery/file/7c6b2273213140cfb21f044c6ef0f314.png HTTP/1.1" 200
2026-05-27 01:58:10  INFO     uvicorn.access  192.168.100.8:50296 - "GET /api/announcement?page=play HTTP/1.1" 200
2026-05-27 01:58:11  INFO     uvicorn.access  127.0.0.1:59512 - "GET /api/gallery/images?page=1&sort=newest HTTP/1.1" 200
2026-05-27 01:58:13  INFO     uvicorn.access  127.0.0.1:59512 - "GET /api/gallery/search?q=%E7%8C%AB&scope=all&page=1 HTTP/1.1" 200
2026-05-27 01:58:14  INFO     uvicorn.access  127.0.0.1:59512 - "GET /play HTTP/1.1" 200
2026-05-27 01:58:14  INFO     uvicorn.access  127.0.0.1:59482 - "GET /static/js/play.js?v=1779818279 HTTP/1.1" 200
2026-05-27 01:58:14  INFO     uvicorn.access  127.0.0.1:59512 - "GET /static/css/play.css?v=1779818279 HTTP/1.1" 200
2026-05-27 01:58:14  INFO     uvicorn.access  127.0.0.1:59512 - "GET /api/announcement?page=play HTTP/1.1" 200
2026-05-27 01:58:15  INFO     uvicorn.access  127.0.0.1:59382 - "GET /gallery HTTP/1.1" 200
2026-05-27 01:58:15  INFO     uvicorn.access  127.0.0.1:59382 - "GET /static/css/common.css HTTP/1.1" 200
2026-05-27 01:58:15  INFO     uvicorn.access  127.0.0.1:59390 - "GET /static/js/common.js HTTP/1.1" 200
2026-05-27 01:58:15  INFO     uvicorn.access  127.0.0.1:59388 - "GET /static/css/gallery.css?v=1779818279 HTTP/1.1" 200
2026-05-27 01:58:15  INFO     uvicorn.access  127.0.0.1:59402 - "GET /static/js/gallery.js?v=1779818279 HTTP/1.1" 200
2026-05-27 01:58:15  INFO     uvicorn.access  127.0.0.1:59402 - "GET /api/announcement?page=gallery HTTP/1.1" 200
2026-05-27 01:58:15  INFO     uvicorn.access  127.0.0.1:59402 - "GET /api/gallery/liked?fingerprint=5f71af8a HTTP/1.1" 200
2026-05-27 01:58:15  INFO     uvicorn.access  127.0.0.1:59402 - "GET /api/gallery/images?page=1&sort=likes HTTP/1.1" 200
2026-05-27 01:58:15  INFO     uvicorn.access  127.0.0.1:59402 - "GET /api/gallery/avatar/IMG_8583.png HTTP/1.1" 200
2026-05-27 01:58:15  INFO     uvicorn.access  127.0.0.1:59382 - "GET /api/gallery/avatar/IMG_8573.png HTTP/1.1" 200
2026-05-27 01:58:15  INFO     uvicorn.access  127.0.0.1:59388 - "GET /api/gallery/avatar/IMG_8559.png HTTP/1.1" 200
2026-05-27 01:58:15  INFO     uvicorn.access  127.0.0.1:59390 - "GET /api/gallery/file/2727a3ff196d42aeb4e57fe65583694b.png HTTP/1.1" 200
2026-05-27 01:58:15  INFO     uvicorn.access  127.0.0.1:59388 - "GET /api/gallery/file/986cdcecf0c74d2a8f2cf466d256f571.png HTTP/1.1" 200
2026-05-27 01:58:15  INFO     uvicorn.access  127.0.0.1:59402 - "GET /api/gallery/file/bf1dbff67dff4d7db4ef59412e21711d.png HTTP/1.1" 200
2026-05-27 01:58:15  INFO     uvicorn.access  127.0.0.1:59382 - "GET /api/gallery/file/37d454d6345f4598adad248a1cee27ec.png HTTP/1.1" 200
2026-05-27 01:58:15  INFO     uvicorn.access  127.0.0.1:59414 - "GET /api/gallery/file/7c6b2273213140cfb21f044c6ef0f314.png HTTP/1.1" 200
2026-05-27 01:58:16  INFO     uvicorn.access  127.0.0.1:59388 - "GET /play HTTP/1.1" 200
2026-05-27 01:58:16  INFO     uvicorn.access  127.0.0.1:59382 - "GET /static/js/play.js?v=1779818279 HTTP/1.1" 200
2026-05-27 01:58:16  INFO     uvicorn.access  127.0.0.1:59388 - "GET /static/css/play.css?v=1779818279 HTTP/1.1" 200
2026-05-27 01:58:16  INFO     uvicorn.access  127.0.0.1:59382 - "GET /api/announcement?page=play HTTP/1.1" 200
2026-05-27 01:58:17  INFO     uvicorn.access  127.0.0.1:59418 - "GET /play HTTP/1.1" 200
2026-05-27 01:58:17  INFO     uvicorn.access  127.0.0.1:59418 - "GET /static/css/common.css HTTP/1.1" 200
2026-05-27 01:58:17  INFO     uvicorn.access  127.0.0.1:59430 - "GET /static/js/common.js HTTP/1.1" 200
2026-05-27 01:58:17  INFO     uvicorn.access  127.0.0.1:59436 - "GET /static/js/play.js?v=1779818279 HTTP/1.1" 200
2026-05-27 01:58:17  INFO     uvicorn.access  127.0.0.1:59424 - "GET /static/css/play.css?v=1779818279 HTTP/1.1" 200
2026-05-27 01:58:17  INFO     uvicorn.access  127.0.0.1:59436 - "GET /api/announcement?page=play HTTP/1.1" 200
2026-05-27 01:58:28  INFO     uvicorn.access  127.0.0.1:43060 - "GET /play HTTP/1.1" 200
2026-05-27 01:58:30  INFO     uvicorn.access  192.168.100.8:46144 - "GET /play HTTP/1.1" 200
2026-05-27 01:58:31  INFO     uvicorn.access  192.168.100.8:46146 - "GET /static/css/play.css?v=1779818279 HTTP/1.1" 304
2026-05-27 01:58:31  INFO     uvicorn.access  192.168.100.8:46146 - "GET /api/announcement?page=play HTTP/1.1" 200
2026-05-27 01:58:42  INFO     uvicorn.access  192.168.100.8:52888 - "GET /play HTTP/1.1" 200
2026-05-27 01:58:42  INFO     uvicorn.access  192.168.100.8:52888 - "GET /static/js/common.js HTTP/1.1" 200
2026-05-27 01:58:42  INFO     uvicorn.access  192.168.100.8:52890 - "GET /static/css/play.css?v=1779818279 HTTP/1.1" 200
2026-05-27 01:58:42  INFO     uvicorn.access  192.168.100.8:52906 - "GET /static/css/common.css HTTP/1.1" 200
2026-05-27 01:58:42  INFO     uvicorn.access  192.168.100.8:52910 - "GET /static/js/play.js?v=1779818279 HTTP/1.1" 200
2026-05-27 01:58:43  INFO     uvicorn.access  192.168.100.8:52890 - "GET /api/announcement?page=play HTTP/1.1" 200
2026-05-27 01:58:52  INFO     uvicorn.access  192.168.100.8:36592 - "GET /play HTTP/1.1" 200
2026-05-27 01:58:52  INFO     uvicorn.access  192.168.100.8:36602 - "GET /static/css/play.css?v=1779818279 HTTP/1.1" 304
2026-05-27 01:58:53  INFO     uvicorn.access  192.168.100.8:36602 - "GET /api/announcement?page=play HTTP/1.1" 200
2026-05-27 01:58:56  INFO     uvicorn.access  192.168.100.8:36602 - "GET /play HTTP/1.1" 200
2026-05-27 01:58:56  INFO     uvicorn.access  192.168.100.8:36602 - "GET /api/announcement?page=play HTTP/1.1" 200
2026-05-27 02:00:42  INFO     uvicorn.access  192.168.100.8:53352 - "GET /play HTTP/1.1" 200
2026-05-27 02:00:43  INFO     uvicorn.access  192.168.100.8:53352 - "GET /static/js/play.js?v=1779818279 HTTP/1.1" 200
2026-05-27 02:00:43  INFO     uvicorn.access  192.168.100.8:53368 - "GET /static/js/common.js HTTP/1.1" 200
2026-05-27 02:00:43  INFO     uvicorn.access  192.168.100.8:53378 - "GET /static/css/common.css HTTP/1.1" 200
2026-05-27 02:00:43  INFO     uvicorn.access  192.168.100.8:53388 - "GET /static/css/play.css?v=1779818279 HTTP/1.1" 200
2026-05-27 02:00:43  INFO     uvicorn.access  192.168.100.8:53388 - "GET /api/announcement?page=play HTTP/1.1" 200
2026-05-27 02:00:45  INFO     uvicorn.access  127.0.0.1:44224 - "GET /gallery HTTP/1.1" 200
2026-05-27 02:00:45  INFO     uvicorn.access  127.0.0.1:44224 - "GET /static/css/common.css HTTP/1.1" 200
2026-05-27 02:00:45  INFO     uvicorn.access  127.0.0.1:44238 - "GET /static/css/gallery.css?v=1779818279 HTTP/1.1" 200
2026-05-27 02:00:45  INFO     uvicorn.access  127.0.0.1:44242 - "GET /static/js/common.js HTTP/1.1" 200
2026-05-27 02:00:45  INFO     uvicorn.access  127.0.0.1:44248 - "GET /static/js/gallery.js?v=1779818279 HTTP/1.1" 200
2026-05-27 02:00:45  INFO     uvicorn.access  127.0.0.1:44238 - "GET /api/announcement?page=gallery HTTP/1.1" 200
2026-05-27 02:00:45  INFO     uvicorn.access  127.0.0.1:44238 - "GET /api/gallery/liked?fingerprint=a4f863c HTTP/1.1" 200
2026-05-27 02:00:45  INFO     uvicorn.access  127.0.0.1:44238 - "GET /api/gallery/images?page=1&sort=likes HTTP/1.1" 200
2026-05-27 02:00:45  INFO     uvicorn.access  127.0.0.1:44238 - "GET /api/gallery/avatar/IMG_8583.png HTTP/1.1" 200
2026-05-27 02:00:45  INFO     uvicorn.access  127.0.0.1:44224 - "GET /api/gallery/avatar/IMG_8573.png HTTP/1.1" 200
2026-05-27 02:00:45  INFO     uvicorn.access  127.0.0.1:44248 - "GET /api/gallery/avatar/IMG_8559.png HTTP/1.1" 200
2026-05-27 02:00:45  INFO     uvicorn.access  127.0.0.1:44238 - "GET /api/gallery/file/986cdcecf0c74d2a8f2cf466d256f571.png HTTP/1.1" 200
2026-05-27 02:00:45  INFO     uvicorn.access  127.0.0.1:44248 - "GET /api/gallery/file/bf1dbff67dff4d7db4ef59412e21711d.png HTTP/1.1" 200
2026-05-27 02:00:45  INFO     uvicorn.access  127.0.0.1:44224 - "GET /api/gallery/file/37d454d6345f4598adad248a1cee27ec.png HTTP/1.1" 200
2026-05-27 02:00:45  INFO     uvicorn.access  127.0.0.1:44242 - "GET /api/gallery/file/2727a3ff196d42aeb4e57fe65583694b.png HTTP/1.1" 200
2026-05-27 02:00:45  INFO     uvicorn.access  127.0.0.1:44258 - "GET /api/gallery/file/7c6b2273213140cfb21f044c6ef0f314.png HTTP/1.1" 200
2026-05-27 02:00:47  INFO     uvicorn.access  127.0.0.1:44224 - "GET /api/gallery/images?page=1&sort=newest HTTP/1.1" 200
2026-05-27 02:00:48  INFO     uvicorn.access  127.0.0.1:44224 - "GET /api/gallery/search?q=%E7%8C%AB&scope=all&page=1 HTTP/1.1" 200
2026-05-27 02:00:49  INFO     uvicorn.access  127.0.0.1:44224 - "GET /play HTTP/1.1" 200
2026-05-27 02:00:49  INFO     uvicorn.access  127.0.0.1:44224 - "GET /static/css/play.css?v=1779818279 HTTP/1.1" 200
2026-05-27 02:00:49  INFO     uvicorn.access  127.0.0.1:44242 - "GET /static/js/play.js?v=1779818279 HTTP/1.1" 200
2026-05-27 02:00:49  INFO     uvicorn.access  127.0.0.1:44242 - "GET /api/announcement?page=play HTTP/1.1" 200
2026-05-27 02:00:51  INFO     uvicorn.access  127.0.0.1:60994 - "GET /gallery HTTP/1.1" 200
2026-05-27 02:00:51  INFO     uvicorn.access  127.0.0.1:60994 - "GET /static/css/common.css HTTP/1.1" 200
2026-05-27 02:00:51  INFO     uvicorn.access  127.0.0.1:32774 - "GET /static/js/common.js HTTP/1.1" 200
2026-05-27 02:00:51  INFO     uvicorn.access  127.0.0.1:32786 - "GET /static/js/gallery.js?v=1779818279 HTTP/1.1" 200
2026-05-27 02:00:51  INFO     uvicorn.access  127.0.0.1:32770 - "GET /static/css/gallery.css?v=1779818279 HTTP/1.1" 200
2026-05-27 02:00:51  INFO     uvicorn.access  127.0.0.1:32786 - "GET /api/announcement?page=gallery HTTP/1.1" 200
2026-05-27 02:00:51  INFO     uvicorn.access  127.0.0.1:32786 - "GET /api/gallery/liked?fingerprint=5f71af8a HTTP/1.1" 200
2026-05-27 02:00:51  INFO     uvicorn.access  127.0.0.1:32786 - "GET /api/gallery/images?page=1&sort=likes HTTP/1.1" 200
2026-05-27 02:00:51  INFO     uvicorn.access  127.0.0.1:60994 - "GET /api/gallery/avatar/IMG_8573.png HTTP/1.1" 200
2026-05-27 02:00:51  INFO     uvicorn.access  127.0.0.1:32786 - "GET /api/gallery/avatar/IMG_8583.png HTTP/1.1" 200
2026-05-27 02:00:51  INFO     uvicorn.access  127.0.0.1:32770 - "GET /api/gallery/avatar/IMG_8559.png HTTP/1.1" 200
2026-05-27 02:00:51  INFO     uvicorn.access  127.0.0.1:32786 - "GET /api/gallery/file/986cdcecf0c74d2a8f2cf466d256f571.png HTTP/1.1" 200
2026-05-27 02:00:51  INFO     uvicorn.access  127.0.0.1:32802 - "GET /api/gallery/file/7c6b2273213140cfb21f044c6ef0f314.png HTTP/1.1" 200
2026-05-27 02:00:51  INFO     uvicorn.access  127.0.0.1:60994 - "GET /api/gallery/file/37d454d6345f4598adad248a1cee27ec.png HTTP/1.1" 200
2026-05-27 02:00:51  INFO     uvicorn.access  127.0.0.1:32774 - "GET /api/gallery/file/2727a3ff196d42aeb4e57fe65583694b.png HTTP/1.1" 200
2026-05-27 02:00:51  INFO     uvicorn.access  127.0.0.1:32770 - "GET /api/gallery/file/bf1dbff67dff4d7db4ef59412e21711d.png HTTP/1.1" 200
2026-05-27 02:00:52  INFO     uvicorn.access  127.0.0.1:32786 - "GET /play HTTP/1.1" 200
2026-05-27 02:00:52  INFO     uvicorn.access  127.0.0.1:32774 - "GET /static/js/play.js?v=1779818279 HTTP/1.1" 200
2026-05-27 02:00:52  INFO     uvicorn.access  127.0.0.1:32786 - "GET /static/css/play.css?v=1779818279 HTTP/1.1" 200
2026-05-27 02:00:52  INFO     uvicorn.access  127.0.0.1:32786 - "GET /api/announcement?page=play HTTP/1.1" 200
2026-05-27 02:00:52  INFO     uvicorn.access  127.0.0.1:32818 - "GET /play HTTP/1.1" 200
2026-05-27 02:00:52  INFO     uvicorn.access  127.0.0.1:32818 - "GET /static/css/common.css HTTP/1.1" 200
2026-05-27 02:00:52  INFO     uvicorn.access  127.0.0.1:32828 - "GET /static/js/common.js HTTP/1.1" 200
2026-05-27 02:00:52  INFO     uvicorn.access  127.0.0.1:32822 - "GET /static/css/play.css?v=1779818279 HTTP/1.1" 200
2026-05-27 02:00:52  INFO     uvicorn.access  127.0.0.1:32834 - "GET /static/js/play.js?v=1779818279 HTTP/1.1" 200
2026-05-27 02:00:52  INFO     uvicorn.access  127.0.0.1:32834 - "GET /api/announcement?page=play HTTP/1.1" 200
2026-05-27 02:01:07  INFO     uvicorn.error  Shutting down
2026-05-27 02:01:07  INFO     uvicorn.error  Waiting for application shutdown.
2026-05-27 02:01:07  INFO     uvicorn.error  Application shutdown complete.
2026-05-27 02:01:07  INFO     uvicorn.error  Finished server process [1917541]
2026-05-27 02:01:08  INFO     root  日志初始化完成 → logs (保留 30 天, 级别 INFO)
2026-05-27 02:01:08  INFO     root  日志初始化完成 → logs (保留 30 天, 级别 INFO)
2026-05-27 02:01:08  INFO     uvicorn.error  Started server process [1921746]
2026-05-27 02:01:08  INFO     uvicorn.error  Waiting for application startup.
2026-05-27 02:01:08  INFO     uvicorn.error  Application startup complete.
2026-05-27 02:01:08  INFO     uvicorn.error  Uvicorn running on http://0.0.0.0:8100 (Press CTRL+C to quit)
2026-05-27 02:01:12  INFO     uvicorn.access  127.0.0.1:52416 - "GET /play HTTP/1.1" 200
2026-05-27 02:01:17  INFO     uvicorn.access  127.0.0.1:52426 - "GET /gallery HTTP/1.1" 200
2026-05-27 02:01:17  INFO     uvicorn.access  127.0.0.1:52426 - "GET /static/css/common.css HTTP/1.1" 200
2026-05-27 02:01:17  INFO     uvicorn.access  127.0.0.1:52454 - "GET /static/js/gallery.js?v=1779818468 HTTP/1.1" 200
2026-05-27 02:01:17  INFO     uvicorn.access  127.0.0.1:52446 - "GET /static/js/common.js HTTP/1.1" 200
2026-05-27 02:01:17  INFO     uvicorn.access  127.0.0.1:52430 - "GET /static/css/gallery.css?v=1779818468 HTTP/1.1" 200
2026-05-27 02:01:17  INFO     uvicorn.access  127.0.0.1:52430 - "GET /api/announcement?page=gallery HTTP/1.1" 200
2026-05-27 02:01:17  INFO     uvicorn.access  127.0.0.1:52430 - "GET /api/gallery/liked?fingerprint=a4f863c HTTP/1.1" 200
2026-05-27 02:01:17  INFO     uvicorn.access  127.0.0.1:52430 - "GET /api/gallery/images?page=1&sort=likes HTTP/1.1" 200
2026-05-27 02:01:17  INFO     uvicorn.access  127.0.0.1:52446 - "GET /api/gallery/avatar/IMG_8559.png HTTP/1.1" 200
2026-05-27 02:01:17  INFO     uvicorn.access  127.0.0.1:52454 - "GET /api/gallery/avatar/IMG_8573.png HTTP/1.1" 200
2026-05-27 02:01:17  INFO     uvicorn.access  127.0.0.1:52430 - "GET /api/gallery/avatar/IMG_8583.png HTTP/1.1" 200
2026-05-27 02:01:17  INFO     uvicorn.access  127.0.0.1:52446 - "GET /api/gallery/file/bf1dbff67dff4d7db4ef59412e21711d.png HTTP/1.1" 200
2026-05-27 02:01:17  INFO     uvicorn.access  127.0.0.1:52426 - "GET /api/gallery/file/2727a3ff196d42aeb4e57fe65583694b.png HTTP/1.1" 200
2026-05-27 02:01:17  INFO     uvicorn.access  127.0.0.1:52454 - "GET /api/gallery/file/37d454d6345f4598adad248a1cee27ec.png HTTP/1.1" 200
2026-05-27 02:01:17  INFO     uvicorn.access  127.0.0.1:52468 - "GET /api/gallery/file/7c6b2273213140cfb21f044c6ef0f314.png HTTP/1.1" 200
2026-05-27 02:01:17  INFO     uvicorn.access  127.0.0.1:52430 - "GET /api/gallery/file/986cdcecf0c74d2a8f2cf466d256f571.png HTTP/1.1" 200
2026-05-27 02:01:18  INFO     uvicorn.access  127.0.0.1:52430 - "GET /api/gallery/images?page=1&sort=newest HTTP/1.1" 200
2026-05-27 02:01:19  INFO     uvicorn.access  127.0.0.1:52430 - "GET /api/gallery/search?q=%E7%8C%AB&scope=all&page=1 HTTP/1.1" 200
2026-05-27 02:01:20  INFO     uvicorn.access  127.0.0.1:52430 - "GET /play HTTP/1.1" 200
2026-05-27 02:01:20  INFO     uvicorn.access  127.0.0.1:52446 - "GET /static/js/play.js?v=1779818468 HTTP/1.1" 200
2026-05-27 02:01:20  INFO     uvicorn.access  127.0.0.1:52430 - "GET /static/css/play.css?v=1779818468 HTTP/1.1" 200
2026-05-27 02:01:20  INFO     uvicorn.access  127.0.0.1:52430 - "GET /api/announcement?page=play HTTP/1.1" 200
2026-05-27 02:01:22  INFO     uvicorn.access  127.0.0.1:51390 - "GET /gallery HTTP/1.1" 200
2026-05-27 02:01:22  INFO     uvicorn.access  127.0.0.1:51390 - "GET /static/css/common.css HTTP/1.1" 200
2026-05-27 02:01:22  INFO     uvicorn.access  127.0.0.1:51410 - "GET /static/js/common.js HTTP/1.1" 200
2026-05-27 02:01:22  INFO     uvicorn.access  127.0.0.1:51402 - "GET /static/css/gallery.css?v=1779818468 HTTP/1.1" 200
2026-05-27 02:01:22  INFO     uvicorn.access  127.0.0.1:51422 - "GET /static/js/gallery.js?v=1779818468 HTTP/1.1" 200
2026-05-27 02:01:22  INFO     uvicorn.access  127.0.0.1:51410 - "GET /api/announcement?page=gallery HTTP/1.1" 200
2026-05-27 02:01:22  INFO     uvicorn.access  127.0.0.1:51410 - "GET /api/gallery/liked?fingerprint=5f71af8a HTTP/1.1" 200
2026-05-27 02:01:22  INFO     uvicorn.access  127.0.0.1:51410 - "GET /api/gallery/images?page=1&sort=likes HTTP/1.1" 200
2026-05-27 02:01:22  INFO     uvicorn.access  127.0.0.1:51422 - "GET /api/gallery/avatar/IMG_8559.png HTTP/1.1" 200
2026-05-27 02:01:22  INFO     uvicorn.access  127.0.0.1:51410 - "GET /api/gallery/avatar/IMG_8583.png HTTP/1.1" 200
2026-05-27 02:01:22  INFO     uvicorn.access  127.0.0.1:51402 - "GET /api/gallery/avatar/IMG_8573.png HTTP/1.1" 200
2026-05-27 02:01:22  INFO     uvicorn.access  127.0.0.1:51428 - "GET /api/gallery/file/7c6b2273213140cfb21f044c6ef0f314.png HTTP/1.1" 200
2026-05-27 02:01:22  INFO     uvicorn.access  127.0.0.1:51422 - "GET /api/gallery/file/986cdcecf0c74d2a8f2cf466d256f571.png HTTP/1.1" 200
2026-05-27 02:01:22  INFO     uvicorn.access  127.0.0.1:51402 - "GET /api/gallery/file/37d454d6345f4598adad248a1cee27ec.png HTTP/1.1" 200
2026-05-27 02:01:22  INFO     uvicorn.access  127.0.0.1:51390 - "GET /api/gallery/file/2727a3ff196d42aeb4e57fe65583694b.png HTTP/1.1" 200
2026-05-27 02:01:22  INFO     uvicorn.access  127.0.0.1:51410 - "GET /api/gallery/file/bf1dbff67dff4d7db4ef59412e21711d.png HTTP/1.1" 200
2026-05-27 02:01:23  INFO     uvicorn.access  127.0.0.1:51422 - "GET /play HTTP/1.1" 200
2026-05-27 02:01:23  INFO     uvicorn.access  127.0.0.1:51422 - "GET /static/css/play.css?v=1779818468 HTTP/1.1" 200
2026-05-27 02:01:23  INFO     uvicorn.access  127.0.0.1:51410 - "GET /static/js/play.js?v=1779818468 HTTP/1.1" 200
2026-05-27 02:01:23  INFO     uvicorn.access  127.0.0.1:51410 - "GET /api/announcement?page=play HTTP/1.1" 200
2026-05-27 02:01:24  INFO     uvicorn.access  127.0.0.1:51442 - "GET /play HTTP/1.1" 200
2026-05-27 02:01:24  INFO     uvicorn.access  127.0.0.1:51442 - "GET /static/css/common.css HTTP/1.1" 200
2026-05-27 02:01:24  INFO     uvicorn.access  127.0.0.1:51446 - "GET /static/js/common.js HTTP/1.1" 200
2026-05-27 02:01:24  INFO     uvicorn.access  127.0.0.1:51444 - "GET /static/css/play.css?v=1779818468 HTTP/1.1" 200
2026-05-27 02:01:24  INFO     uvicorn.access  127.0.0.1:51458 - "GET /static/js/play.js?v=1779818468 HTTP/1.1" 200
2026-05-27 02:01:24  INFO     uvicorn.access  127.0.0.1:51458 - "GET /api/announcement?page=play HTTP/1.1" 200
2026-05-27 02:01:50  INFO     uvicorn.access  192.168.100.8:59748 - "GET /play HTTP/1.1" 200
2026-05-27 02:01:51  INFO     uvicorn.access  192.168.100.8:59748 - "GET /static/js/play.js?v=1779818468 HTTP/1.1" 200
2026-05-27 02:01:51  INFO     uvicorn.access  192.168.100.8:59762 - "GET /static/css/play.css?v=1779818468 HTTP/1.1" 200
2026-05-27 02:01:51  INFO     uvicorn.access  192.168.100.8:59762 - "GET /api/announcement?page=play HTTP/1.1" 200
2026-05-27 02:02:31  INFO     uvicorn.access  192.168.100.8:36322 - "GET / HTTP/1.1" 200
2026-05-27 02:02:31  INFO     uvicorn.access  192.168.100.8:36322 - "GET /api/announcement?page=home HTTP/1.1" 200
2026-05-27 02:05:47  INFO     uvicorn.access  192.168.100.8:40446 - "GET / HTTP/1.1" 200
2026-05-27 02:05:47  INFO     uvicorn.access  192.168.100.8:40446 - "GET /api/announcement?page=home HTTP/1.1" 200
2026-05-27 02:05:48  INFO     uvicorn.access  192.168.100.8:40446 - "GET /gallery HTTP/1.1" 200
2026-05-27 02:05:49  INFO     uvicorn.access  192.168.100.8:40446 - "GET /static/js/gallery.js?v=1779818468 HTTP/1.1" 200
2026-05-27 02:05:49  INFO     uvicorn.access  192.168.100.8:59960 - "GET /static/css/gallery.css?v=1779818468 HTTP/1.1" 200
2026-05-27 02:05:49  INFO     uvicorn.access  192.168.100.8:59960 - "GET /api/announcement?page=gallery HTTP/1.1" 200
2026-05-27 02:05:49  INFO     uvicorn.access  192.168.100.8:40446 - "POST /auth/verify HTTP/1.1" 200
2026-05-27 02:05:50  INFO     uvicorn.access  192.168.100.8:40446 - "GET /api/gallery/liked?fingerprint=21190006 HTTP/1.1" 200
2026-05-27 02:05:50  INFO     uvicorn.access  192.168.100.8:40446 - "GET /api/gallery/images?page=1&sort=likes HTTP/1.1" 200
2026-05-27 02:05:51  INFO     uvicorn.access  192.168.100.8:40446 - "GET /play HTTP/1.1" 200
2026-05-27 02:05:51  INFO     uvicorn.access  192.168.100.8:59960 - "GET /static/css/play.css?v=1779818468 HTTP/1.1" 304
2026-05-27 02:05:51  INFO     uvicorn.access  192.168.100.8:59960 - "GET /api/announcement?page=play HTTP/1.1" 200
2026-05-27 02:06:30  INFO     uvicorn.access  192.168.100.8:56170 - "GET /play HTTP/1.1" 200
2026-05-27 02:06:30  INFO     uvicorn.access  192.168.100.8:56170 - "GET /static/js/play.js?v=1779818468 HTTP/1.1" 304
2026-05-27 02:06:30  INFO     uvicorn.access  192.168.100.8:56172 - "GET /static/css/play.css?v=1779818468 HTTP/1.1" 304
2026-05-27 02:06:30  INFO     uvicorn.access  192.168.100.8:56172 - "GET /api/announcement?page=play HTTP/1.1" 200
2026-05-27 02:06:31  INFO     uvicorn.access  192.168.100.8:56172 - "GET /play HTTP/1.1" 200
2026-05-27 02:06:32  INFO     uvicorn.access  192.168.100.8:56172 - "GET /api/announcement?page=play HTTP/1.1" 200
2026-05-27 02:06:33  INFO     uvicorn.access  192.168.100.8:56172 - "GET /play HTTP/1.1" 200
2026-05-27 02:06:33  INFO     uvicorn.access  192.168.100.8:56172 - "GET /api/announcement?page=play HTTP/1.1" 200
2026-05-27 02:06:33  INFO     uvicorn.access  192.168.100.8:56172 - "GET /play HTTP/1.1" 200
2026-05-27 02:06:34  INFO     uvicorn.access  192.168.100.8:56172 - "GET /api/announcement?page=play HTTP/1.1" 200
2026-05-27 02:06:34  INFO     uvicorn.access  192.168.100.8:56172 - "GET /play HTTP/1.1" 200
2026-05-27 02:06:34  INFO     uvicorn.access  192.168.100.8:56172 - "GET /api/announcement?page=play HTTP/1.1" 200
2026-05-27 02:06:44  INFO     uvicorn.access  192.168.100.8:59040 - "GET /play HTTP/1.1" 200
2026-05-27 02:06:44  INFO     uvicorn.access  192.168.100.8:59040 - "GET /api/announcement?page=play HTTP/1.1" 200
2026-05-27 02:06:45  INFO     uvicorn.access  192.168.100.8:59040 - "GET /play HTTP/1.1" 200
2026-05-27 02:06:45  INFO     uvicorn.access  192.168.100.8:59040 - "GET /api/announcement?page=play HTTP/1.1" 200
2026-05-27 02:07:19  INFO     uvicorn.access  192.168.100.8:36974 - "GET /play HTTP/1.1" 200
2026-05-27 02:07:20  INFO     uvicorn.access  192.168.100.8:36990 - "GET /static/css/play.css?v=1779818468 HTTP/1.1" 304
2026-05-27 02:07:20  INFO     uvicorn.access  192.168.100.8:36990 - "GET /api/announcement?page=play HTTP/1.1" 200
2026-05-27 02:07:42  INFO     uvicorn.access  192.168.100.8:35250 - "GET /play HTTP/1.1" 200
2026-05-27 02:07:42  INFO     uvicorn.access  192.168.100.8:35250 - "GET /api/announcement?page=play HTTP/1.1" 200
2026-05-27 02:08:21  INFO     uvicorn.access  192.168.100.8:35590 - "GET /play HTTP/1.1" 200
2026-05-27 02:08:21  INFO     uvicorn.access  192.168.100.8:35596 - "GET /static/css/play.css?v=1779818468 HTTP/1.1" 304
2026-05-27 02:08:22  INFO     uvicorn.access  192.168.100.8:35596 - "GET /api/announcement?page=play HTTP/1.1" 200
2026-05-27 02:08:49  INFO     uvicorn.access  192.168.100.8:60454 - "GET /play HTTP/1.1" 200
2026-05-27 02:08:49  INFO     uvicorn.access  192.168.100.8:60454 - "GET /api/announcement?page=play HTTP/1.1" 200
2026-05-27 02:09:10  INFO     uvicorn.access  192.168.100.8:56424 - "GET /play HTTP/1.1" 200
2026-05-27 02:09:10  INFO     uvicorn.access  192.168.100.8:56436 - "GET /static/css/play.css?v=1779818468 HTTP/1.1" 200
2026-05-27 02:09:11  INFO     uvicorn.access  192.168.100.8:56436 - "GET /api/announcement?page=play HTTP/1.1" 200
2026-05-27 02:09:13  INFO     uvicorn.access  127.0.0.1:50518 - "GET /play HTTP/1.1" 200
2026-05-27 02:09:25  INFO     uvicorn.access  127.0.0.1:46258 - "GET /gallery HTTP/1.1" 200
2026-05-27 02:09:25  INFO     uvicorn.access  127.0.0.1:46258 - "GET /static/css/common.css HTTP/1.1" 200
2026-05-27 02:09:25  INFO     uvicorn.access  127.0.0.1:46262 - "GET /static/css/gallery.css?v=1779818468 HTTP/1.1" 200
2026-05-27 02:09:25  INFO     uvicorn.access  127.0.0.1:46278 - "GET /static/js/common.js HTTP/1.1" 200
2026-05-27 02:09:25  INFO     uvicorn.access  127.0.0.1:46294 - "GET /static/js/gallery.js?v=1779818468 HTTP/1.1" 200
2026-05-27 02:09:25  INFO     uvicorn.access  127.0.0.1:46278 - "GET /api/announcement?page=gallery HTTP/1.1" 200
2026-05-27 02:09:25  INFO     uvicorn.access  127.0.0.1:46278 - "GET /api/gallery/liked?fingerprint=a4f863c HTTP/1.1" 200
2026-05-27 02:09:25  INFO     uvicorn.access  127.0.0.1:46278 - "GET /api/gallery/images?page=1&sort=likes HTTP/1.1" 200
2026-05-27 02:09:25  INFO     uvicorn.access  127.0.0.1:46262 - "GET /api/gallery/avatar/IMG_8573.png HTTP/1.1" 200
2026-05-27 02:09:25  INFO     uvicorn.access  127.0.0.1:46294 - "GET /api/gallery/avatar/IMG_8559.png HTTP/1.1" 200
2026-05-27 02:09:25  INFO     uvicorn.access  127.0.0.1:46278 - "GET /api/gallery/avatar/IMG_8583.png HTTP/1.1" 200
2026-05-27 02:09:25  INFO     uvicorn.access  127.0.0.1:46294 - "GET /api/gallery/file/bf1dbff67dff4d7db4ef59412e21711d.png HTTP/1.1" 200
2026-05-27 02:09:25  INFO     uvicorn.access  127.0.0.1:46258 - "GET /api/gallery/file/2727a3ff196d42aeb4e57fe65583694b.png HTTP/1.1" 200
2026-05-27 02:09:25  INFO     uvicorn.access  127.0.0.1:46262 - "GET /api/gallery/file/37d454d6345f4598adad248a1cee27ec.png HTTP/1.1" 200
2026-05-27 02:09:25  INFO     uvicorn.access  127.0.0.1:46278 - "GET /api/gallery/file/986cdcecf0c74d2a8f2cf466d256f571.png HTTP/1.1" 200
2026-05-27 02:09:25  INFO     uvicorn.access  127.0.0.1:46302 - "GET /api/gallery/file/7c6b2273213140cfb21f044c6ef0f314.png HTTP/1.1" 200
2026-05-27 02:09:26  INFO     uvicorn.access  127.0.0.1:46278 - "GET /api/gallery/images?page=1&sort=newest HTTP/1.1" 200
2026-05-27 02:09:27  INFO     uvicorn.access  127.0.0.1:46278 - "GET /api/gallery/search?q=%E7%8C%AB&scope=all&page=1 HTTP/1.1" 200
2026-05-27 02:09:28  INFO     uvicorn.access  127.0.0.1:46278 - "GET /play HTTP/1.1" 200
2026-05-27 02:09:28  INFO     uvicorn.access  127.0.0.1:46278 - "GET /static/css/play.css?v=1779818468 HTTP/1.1" 200
2026-05-27 02:09:28  INFO     uvicorn.access  127.0.0.1:46258 - "GET /static/js/play.js?v=1779818468 HTTP/1.1" 200
2026-05-27 02:09:28  INFO     uvicorn.access  127.0.0.1:46258 - "GET /api/announcement?page=play HTTP/1.1" 200
2026-05-27 02:09:29  INFO     uvicorn.access  127.0.0.1:46308 - "GET /gallery HTTP/1.1" 200
2026-05-27 02:09:29  INFO     uvicorn.access  127.0.0.1:46336 - "GET /static/js/gallery.js?v=1779818468 HTTP/1.1" 200
2026-05-27 02:09:29  INFO     uvicorn.access  127.0.0.1:46324 - "GET /static/js/common.js HTTP/1.1" 200
2026-05-27 02:09:29  INFO     uvicorn.access  127.0.0.1:46318 - "GET /static/css/gallery.css?v=1779818468 HTTP/1.1" 200
2026-05-27 02:09:29  INFO     uvicorn.access  127.0.0.1:46308 - "GET /static/css/common.css HTTP/1.1" 200
2026-05-27 02:09:29  INFO     uvicorn.access  127.0.0.1:46318 - "GET /api/announcement?page=gallery HTTP/1.1" 200
2026-05-27 02:09:29  INFO     uvicorn.access  127.0.0.1:46318 - "GET /api/gallery/liked?fingerprint=5f71af8a HTTP/1.1" 200
2026-05-27 02:09:29  INFO     uvicorn.access  127.0.0.1:46318 - "GET /api/gallery/images?page=1&sort=likes HTTP/1.1" 200
2026-05-27 02:09:29  INFO     uvicorn.access  127.0.0.1:46308 - "GET /api/gallery/avatar/IMG_8559.png HTTP/1.1" 200
2026-05-27 02:09:29  INFO     uvicorn.access  127.0.0.1:46318 - "GET /api/gallery/avatar/IMG_8583.png HTTP/1.1" 200
2026-05-27 02:09:29  INFO     uvicorn.access  127.0.0.1:46336 - "GET /api/gallery/avatar/IMG_8573.png HTTP/1.1" 200
2026-05-27 02:09:30  INFO     uvicorn.access  127.0.0.1:46318 - "GET /api/gallery/file/bf1dbff67dff4d7db4ef59412e21711d.png HTTP/1.1" 200
2026-05-27 02:09:30  INFO     uvicorn.access  127.0.0.1:46308 - "GET /api/gallery/file/986cdcecf0c74d2a8f2cf466d256f571.png HTTP/1.1" 200
2026-05-27 02:09:30  INFO     uvicorn.access  127.0.0.1:46324 - "GET /api/gallery/file/2727a3ff196d42aeb4e57fe65583694b.png HTTP/1.1" 200
2026-05-27 02:09:30  INFO     uvicorn.access  127.0.0.1:46350 - "GET /api/gallery/file/7c6b2273213140cfb21f044c6ef0f314.png HTTP/1.1" 200
2026-05-27 02:09:30  INFO     uvicorn.access  127.0.0.1:46336 - "GET /api/gallery/file/37d454d6345f4598adad248a1cee27ec.png HTTP/1.1" 200
2026-05-27 02:09:30  INFO     uvicorn.access  127.0.0.1:46308 - "GET /play HTTP/1.1" 200
2026-05-27 02:09:30  INFO     uvicorn.access  127.0.0.1:46308 - "GET /static/css/play.css?v=1779818468 HTTP/1.1" 200
2026-05-27 02:09:30  INFO     uvicorn.access  127.0.0.1:46318 - "GET /static/js/play.js?v=1779818468 HTTP/1.1" 200
2026-05-27 02:09:30  INFO     uvicorn.access  127.0.0.1:46318 - "GET /api/announcement?page=play HTTP/1.1" 200
2026-05-27 02:09:31  INFO     uvicorn.access  127.0.0.1:53822 - "GET /play HTTP/1.1" 200
2026-05-27 02:09:31  INFO     uvicorn.access  127.0.0.1:53822 - "GET /static/css/common.css HTTP/1.1" 200
2026-05-27 02:09:31  INFO     uvicorn.access  127.0.0.1:53828 - "GET /static/css/play.css?v=1779818468 HTTP/1.1" 200
2026-05-27 02:09:31  INFO     uvicorn.access  127.0.0.1:53848 - "GET /static/js/play.js?v=1779818468 HTTP/1.1" 200
2026-05-27 02:09:31  INFO     uvicorn.access  127.0.0.1:53834 - "GET /static/js/common.js HTTP/1.1" 200
2026-05-27 02:09:31  INFO     uvicorn.access  127.0.0.1:53848 - "GET /api/announcement?page=play HTTP/1.1" 200
2026-05-27 02:09:31  INFO     uvicorn.access  192.168.100.8:55912 - "GET /gallery HTTP/1.1" 200
2026-05-27 02:09:32  INFO     uvicorn.access  192.168.100.8:55912 - "GET /static/js/gallery.js?v=1779818468 HTTP/1.1" 304
2026-05-27 02:09:32  INFO     uvicorn.access  192.168.100.8:55918 - "GET /static/css/gallery.css?v=1779818468 HTTP/1.1" 304
2026-05-27 02:09:32  INFO     uvicorn.access  192.168.100.8:55918 - "GET /api/announcement?page=gallery HTTP/1.1" 200
2026-05-27 02:09:32  INFO     uvicorn.access  192.168.100.8:55912 - "POST /auth/verify HTTP/1.1" 200
2026-05-27 02:09:32  INFO     uvicorn.access  192.168.100.8:55912 - "GET /api/gallery/liked?fingerprint=21190006 HTTP/1.1" 200
2026-05-27 02:09:33  INFO     uvicorn.access  192.168.100.8:55912 - "GET /api/gallery/images?page=1&sort=likes HTTP/1.1" 200
2026-05-27 02:09:37  INFO     uvicorn.access  192.168.100.8:55912 - "GET /play HTTP/1.1" 200
2026-05-27 02:09:38  INFO     uvicorn.access  192.168.100.8:36516 - "GET /static/css/play.css?v=1779818468 HTTP/1.1" 304
2026-05-27 02:09:38  INFO     uvicorn.access  192.168.100.8:36516 - "GET /api/announcement?page=play HTTP/1.1" 200
2026-05-27 02:09:40  INFO     uvicorn.access  192.168.100.8:36516 - "GET /docs HTTP/1.1" 200
2026-05-27 02:09:41  INFO     uvicorn.access  192.168.100.8:55912 - "GET /static/css/docs.css HTTP/1.1" 200
2026-05-27 02:09:41  INFO     uvicorn.access  192.168.100.8:55912 - "GET /api/announcement?page=docs HTTP/1.1" 200
2026-05-27 02:09:57  INFO     uvicorn.access  127.0.0.1:40542 - "GET /gallery HTTP/1.1" 200
2026-05-27 02:09:57  INFO     uvicorn.access  127.0.0.1:40542 - "GET /static/css/common.css HTTP/1.1" 200
2026-05-27 02:09:57  INFO     uvicorn.access  127.0.0.1:40548 - "GET /static/js/common.js HTTP/1.1" 200
2026-05-27 02:09:57  INFO     uvicorn.access  127.0.0.1:40546 - "GET /static/css/gallery.css?v=1779818468 HTTP/1.1" 200
2026-05-27 02:09:57  INFO     uvicorn.access  127.0.0.1:40562 - "GET /static/js/gallery.js?v=1779818468 HTTP/1.1" 200
2026-05-27 02:09:57  INFO     uvicorn.access  127.0.0.1:40562 - "GET /api/announcement?page=gallery HTTP/1.1" 200
2026-05-27 02:09:57  INFO     uvicorn.access  127.0.0.1:40562 - "GET /api/gallery/liked?fingerprint=a4f863c HTTP/1.1" 200
2026-05-27 02:09:57  INFO     uvicorn.access  127.0.0.1:40562 - "GET /api/gallery/images?page=1&sort=likes HTTP/1.1" 200
2026-05-27 02:09:57  INFO     uvicorn.access  127.0.0.1:40546 - "GET /api/gallery/avatar/IMG_8559.png HTTP/1.1" 200
2026-05-27 02:09:57  INFO     uvicorn.access  127.0.0.1:40562 - "GET /api/gallery/avatar/IMG_8583.png HTTP/1.1" 200
2026-05-27 02:09:57  INFO     uvicorn.access  127.0.0.1:40542 - "GET /api/gallery/avatar/IMG_8573.png HTTP/1.1" 200
2026-05-27 02:09:57  INFO     uvicorn.access  127.0.0.1:40542 - "GET /api/gallery/file/37d454d6345f4598adad248a1cee27ec.png HTTP/1.1" 200
2026-05-27 02:09:57  INFO     uvicorn.access  127.0.0.1:40548 - "GET /api/gallery/file/2727a3ff196d42aeb4e57fe65583694b.png HTTP/1.1" 200
2026-05-27 02:09:57  INFO     uvicorn.access  127.0.0.1:40546 - "GET /api/gallery/file/bf1dbff67dff4d7db4ef59412e21711d.png HTTP/1.1" 200
2026-05-27 02:09:57  INFO     uvicorn.access  127.0.0.1:40562 - "GET /api/gallery/file/986cdcecf0c74d2a8f2cf466d256f571.png HTTP/1.1" 200
2026-05-27 02:09:57  INFO     uvicorn.access  127.0.0.1:40564 - "GET /api/gallery/file/7c6b2273213140cfb21f044c6ef0f314.png HTTP/1.1" 200
2026-05-27 02:09:58  INFO     uvicorn.access  192.168.100.8:38250 - "GET /gallery HTTP/1.1" 200
2026-05-27 02:09:58  INFO     uvicorn.access  127.0.0.1:40548 - "GET /api/gallery/images?page=1&sort=newest HTTP/1.1" 200
2026-05-27 02:09:58  INFO     uvicorn.access  192.168.100.8:38250 - "GET /api/announcement?page=gallery HTTP/1.1" 200
2026-05-27 02:09:59  INFO     uvicorn.access  192.168.100.8:38260 - "POST /auth/verify HTTP/1.1" 200
2026-05-27 02:09:59  INFO     uvicorn.access  192.168.100.8:38260 - "GET /api/gallery/liked?fingerprint=21190006 HTTP/1.1" 200
2026-05-27 02:09:59  INFO     uvicorn.access  192.168.100.8:38260 - "GET /api/gallery/images?page=1&sort=likes HTTP/1.1" 200
2026-05-27 02:09:59  INFO     uvicorn.access  127.0.0.1:40548 - "GET /api/gallery/search?q=%E7%8C%AB&scope=all&page=1 HTTP/1.1" 200
2026-05-27 02:10:00  INFO     uvicorn.access  127.0.0.1:40548 - "GET /play HTTP/1.1" 200
2026-05-27 02:10:00  INFO     uvicorn.access  127.0.0.1:40548 - "GET /static/css/play.css?v=1779818468 HTTP/1.1" 200
2026-05-27 02:10:00  INFO     uvicorn.access  127.0.0.1:40562 - "GET /static/js/play.js?v=1779818468 HTTP/1.1" 200
2026-05-27 02:10:00  INFO     uvicorn.access  127.0.0.1:40548 - "GET /api/announcement?page=play HTTP/1.1" 200
2026-05-27 02:10:01  INFO     uvicorn.access  127.0.0.1:58210 - "GET /gallery HTTP/1.1" 200
2026-05-27 02:10:01  INFO     uvicorn.access  127.0.0.1:58210 - "GET /static/css/common.css HTTP/1.1" 200
2026-05-27 02:10:01  INFO     uvicorn.access  127.0.0.1:58218 - "GET /static/css/gallery.css?v=1779818468 HTTP/1.1" 200
2026-05-27 02:10:01  INFO     uvicorn.access  127.0.0.1:58232 - "GET /static/js/common.js HTTP/1.1" 200
2026-05-27 02:10:01  INFO     uvicorn.access  127.0.0.1:58236 - "GET /static/js/gallery.js?v=1779818468 HTTP/1.1" 200
2026-05-27 02:10:01  INFO     uvicorn.access  127.0.0.1:58236 - "GET /api/announcement?page=gallery HTTP/1.1" 200
2026-05-27 02:10:01  INFO     uvicorn.access  127.0.0.1:58236 - "GET /api/gallery/liked?fingerprint=5f71af8a HTTP/1.1" 200
2026-05-27 02:10:01  INFO     uvicorn.access  127.0.0.1:58236 - "GET /api/gallery/images?page=1&sort=likes HTTP/1.1" 200
2026-05-27 02:10:01  INFO     uvicorn.access  127.0.0.1:58232 - "GET /api/gallery/avatar/IMG_8559.png HTTP/1.1" 200
2026-05-27 02:10:01  INFO     uvicorn.access  127.0.0.1:58236 - "GET /api/gallery/avatar/IMG_8583.png HTTP/1.1" 200
2026-05-27 02:10:01  INFO     uvicorn.access  127.0.0.1:58218 - "GET /api/gallery/avatar/IMG_8573.png HTTP/1.1" 200
2026-05-27 02:10:02  INFO     uvicorn.access  127.0.0.1:58236 - "GET /api/gallery/file/986cdcecf0c74d2a8f2cf466d256f571.png HTTP/1.1" 200
2026-05-27 02:10:02  INFO     uvicorn.access  127.0.0.1:58252 - "GET /api/gallery/file/7c6b2273213140cfb21f044c6ef0f314.png HTTP/1.1" 200
2026-05-27 02:10:02  INFO     uvicorn.access  127.0.0.1:58218 - "GET /api/gallery/file/37d454d6345f4598adad248a1cee27ec.png HTTP/1.1" 200
2026-05-27 02:10:02  INFO     uvicorn.access  127.0.0.1:58210 - "GET /api/gallery/file/2727a3ff196d42aeb4e57fe65583694b.png HTTP/1.1" 200
2026-05-27 02:10:02  INFO     uvicorn.access  127.0.0.1:58232 - "GET /api/gallery/file/bf1dbff67dff4d7db4ef59412e21711d.png HTTP/1.1" 200
2026-05-27 02:10:02  INFO     uvicorn.access  127.0.0.1:58236 - "GET /play HTTP/1.1" 200
2026-05-27 02:10:02  INFO     uvicorn.access  127.0.0.1:58232 - "GET /static/js/play.js?v=1779818468 HTTP/1.1" 200
2026-05-27 02:10:02  INFO     uvicorn.access  127.0.0.1:58236 - "GET /static/css/play.css?v=1779818468 HTTP/1.1" 200
2026-05-27 02:10:02  INFO     uvicorn.access  127.0.0.1:58232 - "GET /api/announcement?page=play HTTP/1.1" 200
2026-05-27 02:10:03  INFO     uvicorn.access  127.0.0.1:58266 - "GET /play HTTP/1.1" 200
2026-05-27 02:10:03  INFO     uvicorn.access  127.0.0.1:58266 - "GET /static/css/common.css HTTP/1.1" 200
2026-05-27 02:10:03  INFO     uvicorn.access  127.0.0.1:58270 - "GET /static/css/play.css?v=1779818468 HTTP/1.1" 200
2026-05-27 02:10:03  INFO     uvicorn.access  127.0.0.1:58284 - "GET /static/js/common.js HTTP/1.1" 200
2026-05-27 02:10:03  INFO     uvicorn.access  127.0.0.1:58296 - "GET /static/js/play.js?v=1779818468 HTTP/1.1" 200
2026-05-27 02:10:03  INFO     uvicorn.access  127.0.0.1:58296 - "GET /api/announcement?page=play HTTP/1.1" 200
2026-05-27 02:10:05  INFO     uvicorn.access  192.168.100.8:38272 - "GET /api/gallery/comments/3?sort=newest HTTP/1.1" 200
2026-05-27 02:10:22  INFO     uvicorn.error  Shutting down
2026-05-27 02:10:22  INFO     uvicorn.error  Waiting for application shutdown.
2026-05-27 02:10:22  INFO     uvicorn.error  Application shutdown complete.
2026-05-27 02:10:22  INFO     uvicorn.error  Finished server process [1921746]
2026-05-27 02:10:22  INFO     root  日志初始化完成 → logs (保留 30 天, 级别 INFO)
2026-05-27 02:10:22  INFO     root  日志初始化完成 → logs (保留 30 天, 级别 INFO)
2026-05-27 02:10:22  INFO     uvicorn.error  Started server process [1933647]
2026-05-27 02:10:22  INFO     uvicorn.error  Waiting for application startup.
2026-05-27 02:10:22  INFO     uvicorn.error  Application startup complete.
2026-05-27 02:10:22  INFO     uvicorn.error  Uvicorn running on http://0.0.0.0:8100 (Press CTRL+C to quit)
2026-05-27 02:10:27  INFO     uvicorn.access  192.168.100.8:39146 - "GET /play HTTP/1.1" 200
2026-05-27 02:10:28  INFO     uvicorn.access  127.0.0.1:43960 - "GET /play HTTP/1.1" 200
2026-05-27 02:10:28  INFO     uvicorn.access  192.168.100.8:39146 - "GET /static/js/play.js?v=1779819022 HTTP/1.1" 200
2026-05-27 02:10:28  INFO     uvicorn.access  192.168.100.8:39154 - "GET /static/css/play.css?v=1779819022 HTTP/1.1" 200
2026-05-27 02:10:28  INFO     uvicorn.access  127.0.0.1:43964 - "GET /gallery HTTP/1.1" 200
2026-05-27 02:10:28  INFO     uvicorn.access  127.0.0.1:43964 - "GET /static/css/common.css HTTP/1.1" 200
2026-05-27 02:10:28  INFO     uvicorn.access  127.0.0.1:43980 - "GET /static/css/gallery.css?v=1779819022 HTTP/1.1" 200
2026-05-27 02:10:28  INFO     uvicorn.access  127.0.0.1:43988 - "GET /static/js/common.js HTTP/1.1" 200
2026-05-27 02:10:28  INFO     uvicorn.access  127.0.0.1:43998 - "GET /static/js/gallery.js?v=1779819022 HTTP/1.1" 200
2026-05-27 02:10:28  INFO     uvicorn.access  192.168.100.8:39154 - "GET /api/announcement?page=play HTTP/1.1" 200
2026-05-27 02:10:28  INFO     uvicorn.access  127.0.0.1:43980 - "GET /api/announcement?page=gallery HTTP/1.1" 200
2026-05-27 02:10:28  INFO     uvicorn.access  127.0.0.1:43980 - "GET /api/gallery/liked?fingerprint=a4f863c HTTP/1.1" 200
2026-05-27 02:10:28  INFO     uvicorn.access  127.0.0.1:43980 - "GET /api/gallery/images?page=1&sort=likes HTTP/1.1" 200
2026-05-27 02:10:28  INFO     uvicorn.access  127.0.0.1:43988 - "GET /api/gallery/avatar/IMG_8573.png HTTP/1.1" 200
2026-05-27 02:10:28  INFO     uvicorn.access  127.0.0.1:43998 - "GET /api/gallery/avatar/IMG_8559.png HTTP/1.1" 200
2026-05-27 02:10:28  INFO     uvicorn.access  127.0.0.1:43980 - "GET /api/gallery/avatar/IMG_8583.png HTTP/1.1" 200
2026-05-27 02:10:29  INFO     uvicorn.access  127.0.0.1:43998 - "GET /api/gallery/file/bf1dbff67dff4d7db4ef59412e21711d.png HTTP/1.1" 200
2026-05-27 02:10:29  INFO     uvicorn.access  127.0.0.1:43980 - "GET /api/gallery/file/986cdcecf0c74d2a8f2cf466d256f571.png HTTP/1.1" 200
2026-05-27 02:10:29  INFO     uvicorn.access  127.0.0.1:43988 - "GET /api/gallery/file/37d454d6345f4598adad248a1cee27ec.png HTTP/1.1" 200
2026-05-27 02:10:29  INFO     uvicorn.access  127.0.0.1:43964 - "GET /api/gallery/file/2727a3ff196d42aeb4e57fe65583694b.png HTTP/1.1" 200
2026-05-27 02:10:29  INFO     uvicorn.access  127.0.0.1:44008 - "GET /api/gallery/file/7c6b2273213140cfb21f044c6ef0f314.png HTTP/1.1" 200
2026-05-27 02:10:30  INFO     uvicorn.access  127.0.0.1:43964 - "GET /api/gallery/images?page=1&sort=newest HTTP/1.1" 200
2026-05-27 02:10:31  INFO     uvicorn.access  127.0.0.1:43964 - "GET /api/gallery/search?q=%E7%8C%AB&scope=all&page=1 HTTP/1.1" 200
2026-05-27 02:10:32  INFO     uvicorn.access  127.0.0.1:43964 - "GET /play HTTP/1.1" 200
2026-05-27 02:10:32  INFO     uvicorn.access  127.0.0.1:43988 - "GET /static/js/play.js?v=1779819022 HTTP/1.1" 200
2026-05-27 02:10:32  INFO     uvicorn.access  127.0.0.1:43964 - "GET /static/css/play.css?v=1779819022 HTTP/1.1" 200
2026-05-27 02:10:32  INFO     uvicorn.access  127.0.0.1:43964 - "GET /api/announcement?page=play HTTP/1.1" 200
2026-05-27 02:10:33  INFO     uvicorn.access  192.168.100.8:39166 - "GET /play HTTP/1.1" 200
2026-05-27 02:10:33  INFO     uvicorn.access  127.0.0.1:35434 - "GET /gallery HTTP/1.1" 200
2026-05-27 02:10:33  INFO     uvicorn.access  127.0.0.1:35434 - "GET /static/css/common.css HTTP/1.1" 200
2026-05-27 02:10:33  INFO     uvicorn.access  127.0.0.1:35444 - "GET /static/css/gallery.css?v=1779819022 HTTP/1.1" 200
2026-05-27 02:10:33  INFO     uvicorn.access  127.0.0.1:35460 - "GET /static/js/common.js HTTP/1.1" 200
2026-05-27 02:10:33  INFO     uvicorn.access  127.0.0.1:35462 - "GET /static/js/gallery.js?v=1779819022 HTTP/1.1" 200
2026-05-27 02:10:33  INFO     uvicorn.access  127.0.0.1:35444 - "GET /api/announcement?page=gallery HTTP/1.1" 200
2026-05-27 02:10:33  INFO     uvicorn.access  127.0.0.1:35444 - "GET /api/gallery/liked?fingerprint=5f71af8a HTTP/1.1" 200
2026-05-27 02:10:33  INFO     uvicorn.access  127.0.0.1:35444 - "GET /api/gallery/images?page=1&sort=likes HTTP/1.1" 200
2026-05-27 02:10:33  INFO     uvicorn.access  127.0.0.1:35462 - "GET /api/gallery/avatar/IMG_8559.png HTTP/1.1" 200
2026-05-27 02:10:33  INFO     uvicorn.access  127.0.0.1:35444 - "GET /api/gallery/avatar/IMG_8583.png HTTP/1.1" 200
2026-05-27 02:10:33  INFO     uvicorn.access  127.0.0.1:35460 - "GET /api/gallery/avatar/IMG_8573.png HTTP/1.1" 200
2026-05-27 02:10:33  INFO     uvicorn.access  127.0.0.1:35472 - "GET /api/gallery/file/7c6b2273213140cfb21f044c6ef0f314.png HTTP/1.1" 200
2026-05-27 02:10:33  INFO     uvicorn.access  127.0.0.1:35434 - "GET /api/gallery/file/2727a3ff196d42aeb4e57fe65583694b.png HTTP/1.1" 200
2026-05-27 02:10:33  INFO     uvicorn.access  127.0.0.1:35462 - "GET /api/gallery/file/986cdcecf0c74d2a8f2cf466d256f571.png HTTP/1.1" 200
2026-05-27 02:10:33  INFO     uvicorn.access  127.0.0.1:35460 - "GET /api/gallery/file/37d454d6345f4598adad248a1cee27ec.png HTTP/1.1" 200
2026-05-27 02:10:33  INFO     uvicorn.access  127.0.0.1:35444 - "GET /api/gallery/file/bf1dbff67dff4d7db4ef59412e21711d.png HTTP/1.1" 200
2026-05-27 02:10:33  INFO     uvicorn.access  192.168.100.8:39166 - "GET /static/js/play.js?v=1779819022 HTTP/1.1" 200
2026-05-27 02:10:34  INFO     uvicorn.access  192.168.100.8:39168 - "GET /static/css/common.css HTTP/1.1" 304
2026-05-27 02:10:34  INFO     uvicorn.access  192.168.100.8:39172 - "GET /static/css/play.css?v=1779819022 HTTP/1.1" 200
2026-05-27 02:10:34  INFO     uvicorn.access  192.168.100.8:39172 - "GET /api/announcement?page=play HTTP/1.1" 200
2026-05-27 02:10:34  INFO     uvicorn.access  127.0.0.1:35462 - "GET /play HTTP/1.1" 200
2026-05-27 02:10:34  INFO     uvicorn.access  127.0.0.1:35434 - "GET /static/js/play.js?v=1779819022 HTTP/1.1" 200
2026-05-27 02:10:34  INFO     uvicorn.access  127.0.0.1:35462 - "GET /static/css/play.css?v=1779819022 HTTP/1.1" 200
2026-05-27 02:10:34  INFO     uvicorn.access  127.0.0.1:35434 - "GET /api/announcement?page=play HTTP/1.1" 200
2026-05-27 02:10:35  INFO     uvicorn.access  127.0.0.1:35476 - "GET /play HTTP/1.1" 200
2026-05-27 02:10:35  INFO     uvicorn.access  127.0.0.1:35498 - "GET /static/js/common.js HTTP/1.1" 200
2026-05-27 02:10:35  INFO     uvicorn.access  127.0.0.1:35492 - "GET /static/css/play.css?v=1779819022 HTTP/1.1" 200
2026-05-27 02:10:35  INFO     uvicorn.access  127.0.0.1:35476 - "GET /static/css/common.css HTTP/1.1" 200
2026-05-27 02:10:35  INFO     uvicorn.access  127.0.0.1:35514 - "GET /static/js/play.js?v=1779819022 HTTP/1.1" 200
2026-05-27 02:10:35  INFO     uvicorn.access  127.0.0.1:35492 - "GET /api/announcement?page=play HTTP/1.1" 200
2026-05-27 02:10:56  INFO     uvicorn.access  192.168.100.8:49364 - "GET /docs HTTP/1.1" 200
2026-05-27 02:10:57  INFO     uvicorn.access  192.168.100.8:49364 - "GET /api/announcement?page=docs HTTP/1.1" 200
2026-05-27 02:10:58  INFO     uvicorn.access  192.168.100.8:49364 - "GET /play HTTP/1.1" 200
2026-05-27 02:10:59  INFO     uvicorn.access  192.168.100.8:50894 - "GET /static/css/play.css?v=1779819022 HTTP/1.1" 304
2026-05-27 02:10:59  INFO     uvicorn.access  192.168.100.8:50894 - "GET /api/announcement?page=play HTTP/1.1" 200
2026-05-27 02:11:06  INFO     uvicorn.access  192.168.100.8:50896 - "GET /play HTTP/1.1" 200
2026-05-27 02:11:07  INFO     uvicorn.access  192.168.100.8:50902 - "GET /static/css/play.css?v=1779819022 HTTP/1.1" 304
2026-05-27 02:11:07  INFO     uvicorn.access  192.168.100.8:50902 - "GET /api/announcement?page=play HTTP/1.1" 200
2026-05-27 02:11:13  INFO     uvicorn.access  192.168.100.8:35750 - "GET /gallery HTTP/1.1" 200
2026-05-27 02:11:14  INFO     uvicorn.access  192.168.100.8:35750 - "GET /static/js/gallery.js?v=1779819022 HTTP/1.1" 200
2026-05-27 02:11:14  INFO     uvicorn.access  192.168.100.8:35762 - "GET /static/css/gallery.css?v=1779819022 HTTP/1.1" 200
2026-05-27 02:11:14  INFO     uvicorn.access  192.168.100.8:35762 - "GET /api/announcement?page=gallery HTTP/1.1" 200
2026-05-27 02:11:14  INFO     uvicorn.access  192.168.100.8:35750 - "POST /auth/verify HTTP/1.1" 200
2026-05-27 02:11:14  INFO     uvicorn.access  192.168.100.8:35750 - "GET /api/gallery/liked?fingerprint=21190006 HTTP/1.1" 200
2026-05-27 02:11:15  INFO     uvicorn.access  192.168.100.8:35750 - "GET /api/gallery/images?page=1&sort=likes HTTP/1.1" 200
2026-05-27 02:11:20  INFO     uvicorn.access  192.168.100.8:35750 - "GET /play HTTP/1.1" 200
2026-05-27 02:11:20  INFO     uvicorn.access  192.168.100.8:50770 - "GET /static/css/play.css?v=1779819022 HTTP/1.1" 304
2026-05-27 02:11:20  INFO     uvicorn.access  192.168.100.8:50770 - "GET /api/announcement?page=play HTTP/1.1" 200
2026-05-27 02:11:21  INFO     uvicorn.access  192.168.100.8:50770 - "POST /auth/verify HTTP/1.1" 200
2026-05-27 02:11:22  INFO     uvicorn.access  192.168.100.8:50770 - "GET /api/gallery/liked?fingerprint=21190006 HTTP/1.1" 200
2026-05-27 02:11:22  INFO     uvicorn.access  192.168.100.8:50770 - "GET /api/gallery/images?page=1&sort=likes HTTP/1.1" 200
2026-05-27 02:11:23  INFO     uvicorn.access  192.168.100.8:50770 - "GET /docs HTTP/1.1" 200
2026-05-27 02:11:23  INFO     uvicorn.access  192.168.100.8:50770 - "GET /api/announcement?page=docs HTTP/1.1" 200
2026-05-27 02:11:26  INFO     uvicorn.access  192.168.100.8:50770 - "POST /auth/verify HTTP/1.1" 200
2026-05-27 02:11:27  INFO     uvicorn.access  192.168.100.8:50770 - "GET /api/gallery/liked?fingerprint=21190006 HTTP/1.1" 200
2026-05-27 02:11:27  INFO     uvicorn.access  192.168.100.8:50770 - "GET /api/gallery/images?page=1&sort=likes HTTP/1.1" 200
2026-05-27 02:11:28  INFO     uvicorn.access  192.168.100.8:50770 - "GET /play HTTP/1.1" 200
2026-05-27 02:11:29  INFO     uvicorn.access  192.168.100.8:33088 - "GET /static/css/play.css?v=1779819022 HTTP/1.1" 304
2026-05-27 02:11:29  INFO     uvicorn.access  192.168.100.8:33088 - "GET /api/announcement?page=play HTTP/1.1" 200
2026-05-27 02:11:42  INFO     uvicorn.access  192.168.100.8:48140 - "POST /auth/verify HTTP/1.1" 200
2026-05-27 02:11:52  INFO     uvicorn.access  192.168.100.8:34802 - "GET /gallery HTTP/1.1" 200
2026-05-27 02:11:52  INFO     uvicorn.access  192.168.100.8:34802 - "GET /api/announcement?page=gallery HTTP/1.1" 200
2026-05-27 02:11:53  INFO     uvicorn.access  192.168.100.8:34806 - "POST /auth/verify HTTP/1.1" 200
2026-05-27 02:11:53  INFO     uvicorn.access  192.168.100.8:34806 - "GET /api/gallery/liked?fingerprint=21190006 HTTP/1.1" 200
2026-05-27 02:11:53  INFO     uvicorn.access  192.168.100.8:34806 - "GET /api/gallery/images?page=1&sort=likes HTTP/1.1" 200
2026-05-27 02:11:57  INFO     uvicorn.access  192.168.100.8:34806 - "GET /play HTTP/1.1" 200
2026-05-27 02:11:58  INFO     uvicorn.access  192.168.100.8:50056 - "GET /static/css/play.css?v=1779819022 HTTP/1.1" 304
2026-05-27 02:11:58  INFO     uvicorn.access  192.168.100.8:50056 - "GET /api/announcement?page=play HTTP/1.1" 200
2026-05-27 02:12:01  INFO     uvicorn.access  192.168.100.8:50056 - "POST /auth/verify HTTP/1.1" 200
2026-05-27 02:12:10  INFO     uvicorn.access  192.168.100.8:40962 - "POST /auth/verify HTTP/1.1" 200
2026-05-27 02:12:19  INFO     uvicorn.access  192.168.100.8:40962 - "POST /api/gallery/upload HTTP/1.1" 200
2026-05-27 02:12:22  INFO     uvicorn.access  192.168.100.8:50056 - "POST /api/gallery/upload HTTP/1.1" 409
2026-05-27 02:12:28  INFO     uvicorn.access  192.168.100.8:52822 - "GET /gallery HTTP/1.1" 200
2026-05-27 02:12:28  INFO     uvicorn.access  192.168.100.8:52822 - "GET /api/announcement?page=gallery HTTP/1.1" 200
2026-05-27 02:12:28  INFO     uvicorn.access  192.168.100.8:52824 - "POST /auth/verify HTTP/1.1" 200
2026-05-27 02:12:28  INFO     uvicorn.access  192.168.100.8:52824 - "GET /api/gallery/liked?fingerprint=21190006 HTTP/1.1" 200
2026-05-27 02:12:29  INFO     uvicorn.access  192.168.100.8:52824 - "GET /api/gallery/images?page=1&sort=likes HTTP/1.1" 200
2026-05-27 02:12:29  INFO     uvicorn.access  192.168.100.8:52824 - "GET /api/gallery/avatar/IMG_8536.png HTTP/1.1" 200
2026-05-27 02:12:29  INFO     uvicorn.access  192.168.100.8:52822 - "GET /api/gallery/file/07d23b0b13ac4d979842d505d64d046e.png HTTP/1.1" 200
2026-05-27 02:12:29  INFO     uvicorn.access  192.168.100.8:52828 - "GET /api/gallery/file/4819469de9bb48b9b7b3195dc1fe68d9.png HTTP/1.1" 200
2026-05-27 02:12:35  INFO     uvicorn.access  192.168.100.8:52830 - "GET /api/gallery/comments/7?sort=newest HTTP/1.1" 200
2026-05-27 02:12:39  INFO     uvicorn.access  192.168.100.8:52830 - "GET /api/gallery/comments/7?sort=newest HTTP/1.1" 200
2026-05-27 02:12:42  INFO     uvicorn.access  192.168.100.8:52830 - "GET /gallery HTTP/1.1" 200
2026-05-27 02:12:42  INFO     uvicorn.access  192.168.100.8:52830 - "GET /api/announcement?page=gallery HTTP/1.1" 200
2026-05-27 02:12:42  INFO     uvicorn.access  192.168.100.8:36636 - "POST /auth/verify HTTP/1.1" 200
2026-05-27 02:12:42  INFO     uvicorn.access  192.168.100.8:36636 - "GET /api/gallery/liked?fingerprint=21190006 HTTP/1.1" 200
2026-05-27 02:12:43  INFO     uvicorn.access  192.168.100.8:36636 - "GET /api/gallery/images?page=1&sort=likes HTTP/1.1" 200
2026-05-27 02:12:43  INFO     uvicorn.access  192.168.100.8:36636 - "GET /api/gallery/file/07d23b0b13ac4d979842d505d64d046e.png HTTP/1.1" 200
2026-05-27 02:12:43  INFO     uvicorn.access  192.168.100.8:52830 - "GET /api/gallery/file/4819469de9bb48b9b7b3195dc1fe68d9.png HTTP/1.1" 206
2026-05-27 02:12:43  INFO     uvicorn.access  192.168.100.8:52830 - "GET /api/gallery/file/4819469de9bb48b9b7b3195dc1fe68d9.png HTTP/1.1" 206
2026-05-27 02:12:49  INFO     uvicorn.access  192.168.100.8:59226 - "GET /api/gallery/comments/7?sort=newest HTTP/1.1" 200
2026-05-27 02:14:19  INFO     uvicorn.access  192.168.100.8:49910 - "GET /docs HTTP/1.1" 200
2026-05-27 02:14:19  INFO     uvicorn.access  192.168.100.8:49910 - "GET /api/announcement?page=docs HTTP/1.1" 200
2026-05-27 02:15:21  INFO     uvicorn.access  192.168.100.8:33900 - "GET /docs HTTP/1.1" 200
2026-05-27 02:15:21  INFO     uvicorn.access  192.168.100.8:33900 - "GET /api/announcement?page=docs HTTP/1.1" 200
2026-05-27 02:15:55  INFO     uvicorn.access  192.168.100.8:41528 - "GET /gallery HTTP/1.1" 200
2026-05-27 02:15:56  INFO     uvicorn.access  192.168.100.8:41528 - "GET /static/js/gallery.js?v=1779819022 HTTP/1.1" 304
2026-05-27 02:15:56  INFO     uvicorn.access  192.168.100.8:41540 - "GET /static/css/gallery.css?v=1779819022 HTTP/1.1" 304
2026-05-27 02:15:56  INFO     uvicorn.access  192.168.100.8:41540 - "GET /api/announcement?page=gallery HTTP/1.1" 200
2026-05-27 02:15:56  INFO     uvicorn.access  192.168.100.8:41528 - "POST /auth/verify HTTP/1.1" 200
2026-05-27 02:15:56  INFO     uvicorn.access  192.168.100.8:41528 - "GET /api/gallery/liked?fingerprint=21190006 HTTP/1.1" 200
2026-05-27 02:15:57  INFO     uvicorn.access  192.168.100.8:41528 - "GET /api/gallery/images?page=1&sort=likes HTTP/1.1" 200
2026-05-27 02:15:57  INFO     uvicorn.access  192.168.100.8:41540 - "GET /api/gallery/file/4819469de9bb48b9b7b3195dc1fe68d9.png HTTP/1.1" 200
2026-05-27 02:15:57  INFO     uvicorn.access  192.168.100.8:41528 - "GET /api/gallery/file/07d23b0b13ac4d979842d505d64d046e.png HTTP/1.1" 200
2026-05-27 02:17:44  INFO     uvicorn.access  192.168.100.8:55468 - "GET /gallery HTTP/1.1" 200
2026-05-27 02:17:44  INFO     uvicorn.access  192.168.100.8:55468 - "GET /api/announcement?page=gallery HTTP/1.1" 200
2026-05-27 02:17:45  INFO     uvicorn.access  192.168.100.8:55484 - "POST /auth/verify HTTP/1.1" 200
2026-05-27 02:17:45  INFO     uvicorn.access  192.168.100.8:55488 - "GET /api/gallery/file/4819469de9bb48b9b7b3195dc1fe68d9.png HTTP/1.1" 200
2026-05-27 02:17:45  INFO     uvicorn.access  192.168.100.8:55484 - "GET /api/gallery/liked?fingerprint=21190006 HTTP/1.1" 200
2026-05-27 02:17:45  INFO     uvicorn.access  192.168.100.8:55468 - "GET /play HTTP/1.1" 200
2026-05-27 02:17:45  INFO     uvicorn.access  192.168.100.8:55484 - "GET /api/gallery/images?page=1&sort=likes HTTP/1.1" 200
2026-05-27 02:17:45  INFO     uvicorn.access  192.168.100.8:55468 - "GET /static/js/play.js?v=1779819022 HTTP/1.1" 304
2026-05-27 02:17:45  INFO     uvicorn.access  192.168.100.8:55504 - "GET /static/css/play.css?v=1779819022 HTTP/1.1" 304
2026-05-27 02:17:46  INFO     uvicorn.access  192.168.100.8:55504 - "GET /api/announcement?page=play HTTP/1.1" 200
2026-05-27 02:17:52  INFO     uvicorn.access  192.168.100.8:51348 - "GET /api/gallery/file/4819469de9bb48b9b7b3195dc1fe68d9.png HTTP/1.1" 200
2026-05-27 02:18:20  INFO     uvicorn.access  192.168.100.8:53958 - "GET /play HTTP/1.1" 200
2026-05-27 02:18:21  INFO     uvicorn.access  192.168.100.8:53958 - "GET /api/announcement?page=play HTTP/1.1" 200
2026-05-27 02:18:27  INFO     uvicorn.access  192.168.100.8:35890 - "GET /docs HTTP/1.1" 500
2026-05-27 02:18:27  ERROR    uvicorn.error  Exception in ASGI application
Traceback (most recent call last):
  File "/sd/root_data/huitu/.venv/lib/python3.12/site-packages/uvicorn/protocols/http/httptools_impl.py", line 421, in run_asgi
    result = await app(  # type: ignore[func-returns-value]
             ^^^^^^^^^^^^^^^^^^^^^^^^^^^^^^^^^^^^^^^^^^^^^^
  File "/sd/root_data/huitu/.venv/lib/python3.12/site-packages/uvicorn/middleware/proxy_headers.py", line 63, in __call__
    return await self.app(scope, receive, send)
           ^^^^^^^^^^^^^^^^^^^^^^^^^^^^^^^^^^^^
  File "/sd/root_data/huitu/.venv/lib/python3.12/site-packages/fastapi/applications.py", line 1159, in __call__
    await super().__call__(scope, receive, send)
  File "/sd/root_data/huitu/.venv/lib/python3.12/site-packages/starlette/applications.py", line 90, in __call__
    await self.middleware_stack(scope, receive, send)
  File "/sd/root_data/huitu/.venv/lib/python3.12/site-packages/starlette/middleware/errors.py", line 186, in __call__
    raise exc
  File "/sd/root_data/huitu/.venv/lib/python3.12/site-packages/starlette/middleware/errors.py", line 164, in __call__
    await self.app(scope, receive, _send)
  File "/sd/root_data/huitu/.venv/lib/python3.12/site-packages/starlette/middleware/exceptions.py", line 63, in __call__
    await wrap_app_handling_exceptions(self.app, conn)(scope, receive, send)
  File "/sd/root_data/huitu/.venv/lib/python3.12/site-packages/starlette/_exception_handler.py", line 53, in wrapped_app
    raise exc
  File "/sd/root_data/huitu/.venv/lib/python3.12/site-packages/starlette/_exception_handler.py", line 42, in wrapped_app
    await app(scope, receive, sender)
  File "/sd/root_data/huitu/.venv/lib/python3.12/site-packages/fastapi/middleware/asyncexitstack.py", line 18, in __call__
    await self.app(scope, receive, send)
  File "/sd/root_data/huitu/.venv/lib/python3.12/site-packages/starlette/routing.py", line 660, in __call__
    await self.middleware_stack(scope, receive, send)
  File "/sd/root_data/huitu/.venv/lib/python3.12/site-packages/starlette/routing.py", line 680, in app
    await route.handle(scope, receive, send)
  File "/sd/root_data/huitu/.venv/lib/python3.12/site-packages/starlette/routing.py", line 276, in handle
    await self.app(scope, receive, send)
  File "/sd/root_data/huitu/.venv/lib/python3.12/site-packages/fastapi/routing.py", line 134, in app
    await wrap_app_handling_exceptions(app, request)(scope, receive, send)
  File "/sd/root_data/huitu/.venv/lib/python3.12/site-packages/starlette/_exception_handler.py", line 53, in wrapped_app
    raise exc
  File "/sd/root_data/huitu/.venv/lib/python3.12/site-packages/starlette/_exception_handler.py", line 42, in wrapped_app
    await app(scope, receive, sender)
  File "/sd/root_data/huitu/.venv/lib/python3.12/site-packages/fastapi/routing.py", line 120, in app
    response = await f(request)
               ^^^^^^^^^^^^^^^^
  File "/sd/root_data/huitu/.venv/lib/python3.12/site-packages/fastapi/routing.py", line 674, in app
    raw_response = await run_endpoint_function(
                   ^^^^^^^^^^^^^^^^^^^^^^^^^^^^
  File "/sd/root_data/huitu/.venv/lib/python3.12/site-packages/fastapi/routing.py", line 328, in run_endpoint_function
    return await dependant.call(**values)
           ^^^^^^^^^^^^^^^^^^^^^^^^^^^^^^
  File "/sd/root_data/huitu/app/routers/pages.py", line 79, in docs_page
    return templates.TemplateResponse(request, "docs.html", _ctx(request, "docs"))
           ^^^^^^^^^^^^^^^^^^^^^^^^^^^^^^^^^^^^^^^^^^^^^^^^^^^^^^^^^^^^^^^^^^^^^^^
  File "/sd/root_data/huitu/.venv/lib/python3.12/site-packages/starlette/templating.py", line 148, in TemplateResponse
    template = self.get_template(name)
               ^^^^^^^^^^^^^^^^^^^^^^^
  File "/sd/root_data/huitu/.venv/lib/python3.12/site-packages/starlette/templating.py", line 115, in get_template
    return self.env.get_template(name)
           ^^^^^^^^^^^^^^^^^^^^^^^^^^^
  File "/sd/root_data/huitu/.venv/lib/python3.12/site-packages/jinja2/environment.py", line 1016, in get_template
    return self._load_template(name, globals)
           ^^^^^^^^^^^^^^^^^^^^^^^^^^^^^^^^^^
  File "/sd/root_data/huitu/.venv/lib/python3.12/site-packages/jinja2/environment.py", line 975, in _load_template
    template = self.loader.load(self, name, self.make_globals(globals))
               ^^^^^^^^^^^^^^^^^^^^^^^^^^^^^^^^^^^^^^^^^^^^^^^^^^^^^^^^
  File "/sd/root_data/huitu/.venv/lib/python3.12/site-packages/jinja2/loaders.py", line 126, in load
    source, filename, uptodate = self.get_source(environment, name)
                                 ^^^^^^^^^^^^^^^^^^^^^^^^^^^^^^^^^^
  File "/sd/root_data/huitu/.venv/lib/python3.12/site-packages/jinja2/loaders.py", line 209, in get_source
    raise TemplateNotFound(
jinja2.exceptions.TemplateNotFound: 'docs.html' not found in search path: '/sd/root_data/huitu/app/templates'
2026-05-27 02:18:28  INFO     uvicorn.access  192.168.100.8:35906 - "GET /favicon.ico HTTP/1.1" 307
2026-05-27 02:18:28  INFO     uvicorn.access  192.168.100.8:35906 - "GET / HTTP/1.1" 200
2026-05-27 02:19:18  INFO     uvicorn.access  192.168.100.8:34012 - "GET /docs HTTP/1.1" 200
2026-05-27 02:19:19  INFO     uvicorn.access  192.168.100.8:34012 - "GET /api/announcement?page=docs HTTP/1.1" 200
2026-05-27 02:20:03  INFO     uvicorn.access  192.168.100.8:47160 - "GET /docs HTTP/1.1" 200
2026-05-27 02:20:03  INFO     uvicorn.access  192.168.100.8:47160 - "GET /api/announcement?page=docs HTTP/1.1" 200
2026-05-27 02:20:27  INFO     uvicorn.access  192.168.100.8:52506 - "GET /docs HTTP/1.1" 200
2026-05-27 02:20:27  INFO     uvicorn.access  192.168.100.8:52506 - "GET /api/announcement?page=docs HTTP/1.1" 200
2026-05-27 02:20:29  INFO     uvicorn.access  192.168.100.8:52506 - "GET / HTTP/1.1" 200
2026-05-27 02:20:29  INFO     uvicorn.access  192.168.100.8:52506 - "GET /api/announcement?page=home HTTP/1.1" 200
2026-05-27 02:20:30  INFO     uvicorn.access  192.168.100.8:52506 - "GET /docs HTTP/1.1" 200
2026-05-27 02:20:31  INFO     uvicorn.access  192.168.100.8:52506 - "GET /api/announcement?page=docs HTTP/1.1" 200
2026-05-27 02:20:32  INFO     uvicorn.access  192.168.100.8:52506 - "GET / HTTP/1.1" 200
2026-05-27 02:20:32  INFO     uvicorn.access  192.168.100.8:52506 - "GET /api/announcement?page=home HTTP/1.1" 200
2026-05-27 02:20:33  INFO     uvicorn.access  192.168.100.8:52506 - "GET /play HTTP/1.1" 200
2026-05-27 02:20:33  INFO     uvicorn.access  192.168.100.8:60538 - "GET /static/css/play.css?v=1779819022 HTTP/1.1" 304
2026-05-27 02:20:33  INFO     uvicorn.access  192.168.100.8:60538 - "GET /api/announcement?page=play HTTP/1.1" 200
2026-05-27 02:21:01  INFO     uvicorn.error  Shutting down
2026-05-27 02:21:01  INFO     uvicorn.error  Waiting for application shutdown.
2026-05-27 02:21:01  INFO     uvicorn.error  Application shutdown complete.
2026-05-27 02:21:01  INFO     uvicorn.error  Finished server process [1933647]
2026-05-27 02:21:02  INFO     root  日志初始化完成 → logs (保留 30 天, 级别 INFO)
2026-05-27 02:21:02  INFO     root  日志初始化完成 → logs (保留 30 天, 级别 INFO)
2026-05-27 02:21:02  INFO     uvicorn.error  Started server process [1947862]
2026-05-27 02:21:02  INFO     uvicorn.error  Waiting for application startup.
2026-05-27 02:21:02  INFO     uvicorn.error  Application startup complete.
2026-05-27 02:21:02  INFO     uvicorn.error  Uvicorn running on http://0.0.0.0:8100 (Press CTRL+C to quit)
2026-05-27 02:21:09  INFO     uvicorn.access  127.0.0.1:60660 - "GET /docs HTTP/1.1" 200
2026-05-27 02:21:09  INFO     uvicorn.access  127.0.0.1:60668 - "GET /play HTTP/1.1" 200
2026-05-27 02:21:09  INFO     uvicorn.access  127.0.0.1:60674 - "GET /gallery HTTP/1.1" 200
2026-05-27 02:21:15  INFO     uvicorn.access  192.168.100.8:49188 - "GET /gallery HTTP/1.1" 200
2026-05-27 02:21:16  INFO     uvicorn.access  192.168.100.8:49188 - "GET /static/js/gallery.js?v=1779819661 HTTP/1.1" 200
2026-05-27 02:21:16  INFO     uvicorn.access  192.168.100.8:49202 - "GET /static/css/gallery.css?v=1779819661 HTTP/1.1" 200
2026-05-27 02:21:16  INFO     uvicorn.access  192.168.100.8:49188 - "POST /auth/verify HTTP/1.1" 200
2026-05-27 02:21:16  INFO     uvicorn.access  192.168.100.8:49202 - "GET /api/announcement?page=gallery HTTP/1.1" 200
2026-05-27 02:21:16  INFO     uvicorn.access  192.168.100.8:49188 - "GET /api/gallery/liked?fingerprint=3c57f162 HTTP/1.1" 200
2026-05-27 02:21:17  INFO     uvicorn.access  192.168.100.8:49188 - "GET /api/gallery/images?page=1&sort=likes HTTP/1.1" 200
2026-05-27 02:21:17  INFO     uvicorn.access  192.168.100.8:49188 - "GET /api/gallery/file/07d23b0b13ac4d979842d505d64d046e.png HTTP/1.1" 200
2026-05-27 02:21:17  INFO     uvicorn.access  192.168.100.8:49202 - "GET /api/gallery/file/4819469de9bb48b9b7b3195dc1fe68d9.png HTTP/1.1" 200
2026-05-27 02:21:19  INFO     uvicorn.access  192.168.100.8:38972 - "GET /api/gallery/comments/7?sort=newest HTTP/1.1" 200
2026-05-27 02:21:19  INFO     uvicorn.access  192.168.100.8:38988 - "POST /api/gallery/view/7 HTTP/1.1" 200
2026-05-27 02:21:26  INFO     uvicorn.access  127.0.0.1:38462 - "GET /api/gallery/images?page=1&page_size=1 HTTP/1.1" 200
2026-05-27 02:21:29  INFO     uvicorn.access  192.168.100.8:34056 - "GET /docs HTTP/1.1" 200
2026-05-27 02:21:29  INFO     uvicorn.access  192.168.100.8:34056 - "GET /api/announcement?page=docs HTTP/1.1" 200
2026-05-27 02:21:35  INFO     uvicorn.access  127.0.0.1:42420 - "POST /api/gallery/view/3 HTTP/1.1" 200
2026-05-27 02:22:00  INFO     uvicorn.access  127.0.0.1:54420 - "GET /gallery HTTP/1.1" 200
2026-05-27 02:22:00  INFO     uvicorn.access  127.0.0.1:54420 - "GET /static/css/common.css HTTP/1.1" 200
2026-05-27 02:22:00  INFO     uvicorn.access  127.0.0.1:54444 - "GET /static/js/common.js HTTP/1.1" 200
2026-05-27 02:22:00  INFO     uvicorn.access  127.0.0.1:54430 - "GET /static/css/gallery.css?v=1779819661 HTTP/1.1" 200
2026-05-27 02:22:00  INFO     uvicorn.access  127.0.0.1:54456 - "GET /static/js/gallery.js?v=1779819661 HTTP/1.1" 200
2026-05-27 02:22:00  INFO     uvicorn.access  127.0.0.1:54456 - "GET /api/announcement?page=gallery HTTP/1.1" 200
2026-05-27 02:22:00  INFO     uvicorn.access  127.0.0.1:54456 - "GET /api/gallery/liked?fingerprint=2606e89b HTTP/1.1" 200
2026-05-27 02:22:00  INFO     uvicorn.access  127.0.0.1:54456 - "GET /api/gallery/images?page=1&sort=likes HTTP/1.1" 200
2026-05-27 02:22:00  INFO     uvicorn.access  127.0.0.1:54456 - "GET /api/gallery/avatar/IMG_8583.png HTTP/1.1" 200
2026-05-27 02:22:00  INFO     uvicorn.access  127.0.0.1:54444 - "GET /api/gallery/avatar/IMG_8536.png HTTP/1.1" 200
2026-05-27 02:22:00  INFO     uvicorn.access  127.0.0.1:54430 - "GET /api/gallery/avatar/IMG_8559.png HTTP/1.1" 200
2026-05-27 02:22:00  INFO     uvicorn.access  127.0.0.1:54420 - "GET /api/gallery/avatar/IMG_8573.png HTTP/1.1" 200
2026-05-27 02:22:00  INFO     uvicorn.access  127.0.0.1:54430 - "GET /api/gallery/file/986cdcecf0c74d2a8f2cf466d256f571.png HTTP/1.1" 200
2026-05-27 02:22:00  INFO     uvicorn.access  127.0.0.1:54456 - "GET /api/gallery/file/bf1dbff67dff4d7db4ef59412e21711d.png HTTP/1.1" 200
2026-05-27 02:22:00  INFO     uvicorn.access  127.0.0.1:54444 - "GET /api/gallery/file/07d23b0b13ac4d979842d505d64d046e.png HTTP/1.1" 200
2026-05-27 02:22:00  INFO     uvicorn.access  127.0.0.1:54420 - "GET /api/gallery/file/37d454d6345f4598adad248a1cee27ec.png HTTP/1.1" 200
2026-05-27 02:22:00  INFO     uvicorn.access  127.0.0.1:54466 - "GET /api/gallery/file/4819469de9bb48b9b7b3195dc1fe68d9.png HTTP/1.1" 200
2026-05-27 02:22:00  INFO     uvicorn.access  127.0.0.1:54468 - "GET /api/gallery/file/2727a3ff196d42aeb4e57fe65583694b.png HTTP/1.1" 200
2026-05-27 02:22:00  INFO     uvicorn.access  127.0.0.1:54468 - "GET /api/gallery/file/7c6b2273213140cfb21f044c6ef0f314.png HTTP/1.1" 200
2026-05-27 02:22:02  INFO     uvicorn.access  127.0.0.1:54466 - "GET /api/gallery/images?page=1&sort=newest HTTP/1.1" 200
2026-05-27 02:22:03  INFO     uvicorn.access  127.0.0.1:54466 - "GET /api/gallery/search?q=%E7%8C%AB&scope=all&page=1 HTTP/1.1" 200
2026-05-27 02:22:04  INFO     uvicorn.access  127.0.0.1:54466 - "GET /play HTTP/1.1" 200
2026-05-27 02:22:04  INFO     uvicorn.access  127.0.0.1:54466 - "GET /static/css/play.css?v=1779819661 HTTP/1.1" 200
2026-05-27 02:22:04  INFO     uvicorn.access  127.0.0.1:54468 - "GET /static/js/play.js?v=1779819661 HTTP/1.1" 200
2026-05-27 02:22:04  INFO     uvicorn.access  127.0.0.1:54466 - "GET /api/announcement?page=play HTTP/1.1" 200
2026-05-27 02:22:05  INFO     uvicorn.access  127.0.0.1:42326 - "GET /gallery HTTP/1.1" 200
2026-05-27 02:22:05  INFO     uvicorn.access  127.0.0.1:42326 - "GET /static/css/common.css HTTP/1.1" 200
2026-05-27 02:22:05  INFO     uvicorn.access  127.0.0.1:42342 - "GET /static/css/gallery.css?v=1779819661 HTTP/1.1" 200
2026-05-27 02:22:05  INFO     uvicorn.access  127.0.0.1:42358 - "GET /static/js/common.js HTTP/1.1" 200
2026-05-27 02:22:05  INFO     uvicorn.access  127.0.0.1:42370 - "GET /static/js/gallery.js?v=1779819661 HTTP/1.1" 200
2026-05-27 02:22:05  INFO     uvicorn.access  127.0.0.1:42358 - "GET /api/announcement?page=gallery HTTP/1.1" 200
2026-05-27 02:22:05  INFO     uvicorn.access  127.0.0.1:42358 - "GET /api/gallery/liked?fingerprint=7a6a8c22 HTTP/1.1" 200
2026-05-27 02:22:05  INFO     uvicorn.access  127.0.0.1:42358 - "GET /api/gallery/images?page=1&sort=likes HTTP/1.1" 200
2026-05-27 02:22:05  INFO     uvicorn.access  127.0.0.1:42342 - "GET /api/gallery/avatar/IMG_8536.png HTTP/1.1" 200
2026-05-27 02:22:05  INFO     uvicorn.access  127.0.0.1:42370 - "GET /api/gallery/avatar/IMG_8559.png HTTP/1.1" 200
2026-05-27 02:22:05  INFO     uvicorn.access  127.0.0.1:42358 - "GET /api/gallery/avatar/IMG_8583.png HTTP/1.1" 200
2026-05-27 02:22:05  INFO     uvicorn.access  127.0.0.1:42326 - "GET /api/gallery/avatar/IMG_8573.png HTTP/1.1" 200
2026-05-27 02:22:05  INFO     uvicorn.access  127.0.0.1:42342 - "GET /api/gallery/file/07d23b0b13ac4d979842d505d64d046e.png HTTP/1.1" 200
2026-05-27 02:22:05  INFO     uvicorn.access  127.0.0.1:42370 - "GET /api/gallery/file/bf1dbff67dff4d7db4ef59412e21711d.png HTTP/1.1" 200
2026-05-27 02:22:05  INFO     uvicorn.access  127.0.0.1:42388 - "GET /api/gallery/file/2727a3ff196d42aeb4e57fe65583694b.png HTTP/1.1" 200
2026-05-27 02:22:05  INFO     uvicorn.access  127.0.0.1:42386 - "GET /api/gallery/file/4819469de9bb48b9b7b3195dc1fe68d9.png HTTP/1.1" 200
2026-05-27 02:22:05  INFO     uvicorn.access  127.0.0.1:42326 - "GET /api/gallery/file/37d454d6345f4598adad248a1cee27ec.png HTTP/1.1" 200
2026-05-27 02:22:05  INFO     uvicorn.access  127.0.0.1:42358 - "GET /api/gallery/file/986cdcecf0c74d2a8f2cf466d256f571.png HTTP/1.1" 200
2026-05-27 02:22:05  INFO     uvicorn.access  127.0.0.1:42326 - "GET /api/gallery/file/7c6b2273213140cfb21f044c6ef0f314.png HTTP/1.1" 200
2026-05-27 02:22:06  INFO     uvicorn.access  127.0.0.1:42386 - "GET /play HTTP/1.1" 200
2026-05-27 02:22:06  INFO     uvicorn.access  127.0.0.1:42326 - "GET /static/js/play.js?v=1779819661 HTTP/1.1" 200
2026-05-27 02:22:06  INFO     uvicorn.access  127.0.0.1:42386 - "GET /static/css/play.css?v=1779819661 HTTP/1.1" 200
2026-05-27 02:22:06  INFO     uvicorn.access  127.0.0.1:42326 - "GET /api/announcement?page=play HTTP/1.1" 200
2026-05-27 02:22:07  INFO     uvicorn.access  127.0.0.1:42394 - "GET /play HTTP/1.1" 200
2026-05-27 02:22:07  INFO     uvicorn.access  127.0.0.1:42394 - "GET /static/css/common.css HTTP/1.1" 200
2026-05-27 02:22:07  INFO     uvicorn.access  127.0.0.1:42412 - "GET /static/js/play.js?v=1779819661 HTTP/1.1" 200
2026-05-27 02:22:07  INFO     uvicorn.access  127.0.0.1:42402 - "GET /static/css/play.css?v=1779819661 HTTP/1.1" 200
2026-05-27 02:22:07  INFO     uvicorn.access  127.0.0.1:42404 - "GET /static/js/common.js HTTP/1.1" 200
2026-05-27 02:22:07  INFO     uvicorn.access  127.0.0.1:42412 - "GET /api/announcement?page=play HTTP/1.1" 200
2026-05-27 02:22:12  INFO     uvicorn.error  Shutting down
2026-05-27 02:22:13  INFO     uvicorn.error  Waiting for application shutdown.
2026-05-27 02:22:13  INFO     uvicorn.error  Application shutdown complete.
2026-05-27 02:22:13  INFO     uvicorn.error  Finished server process [1947862]
2026-05-27 02:22:13  INFO     root  日志初始化完成 → logs (保留 30 天, 级别 INFO)
2026-05-27 02:22:13  INFO     root  日志初始化完成 → logs (保留 30 天, 级别 INFO)
2026-05-27 02:22:13  INFO     uvicorn.error  Started server process [1949702]
2026-05-27 02:22:13  INFO     uvicorn.error  Waiting for application startup.
2026-05-27 02:22:13  INFO     uvicorn.error  Application startup complete.
2026-05-27 02:22:13  INFO     uvicorn.error  Uvicorn running on http://0.0.0.0:8100 (Press CTRL+C to quit)
2026-05-27 02:22:21  INFO     uvicorn.access  127.0.0.1:60994 - "GET /docs HTTP/1.1" 200
2026-05-27 02:22:21  INFO     uvicorn.access  127.0.0.1:60998 - "GET /gallery HTTP/1.1" 200
2026-05-27 02:22:21  INFO     uvicorn.access  127.0.0.1:32778 - "GET /play HTTP/1.1" 200
2026-05-27 02:22:24  INFO     uvicorn.access  192.168.100.8:44288 - "GET /gallery HTTP/1.1" 200
2026-05-27 02:22:24  INFO     uvicorn.access  192.168.100.8:44288 - "GET /static/js/gallery.js?v=1779819733 HTTP/1.1" 200
2026-05-27 02:22:25  INFO     uvicorn.access  192.168.100.8:44294 - "GET /static/css/gallery.css?v=1779819733 HTTP/1.1" 200
2026-05-27 02:22:25  INFO     uvicorn.access  192.168.100.8:44294 - "GET /api/announcement?page=gallery HTTP/1.1" 200
2026-05-27 02:22:25  INFO     uvicorn.access  192.168.100.8:44288 - "POST /auth/verify HTTP/1.1" 200
2026-05-27 02:22:25  INFO     uvicorn.access  192.168.100.8:44288 - "GET /api/gallery/liked?fingerprint=3c57f162 HTTP/1.1" 200
2026-05-27 02:22:25  INFO     uvicorn.access  192.168.100.8:44288 - "GET /api/gallery/images?page=1&sort=likes HTTP/1.1" 200
2026-05-27 02:22:26  INFO     uvicorn.access  192.168.100.8:44288 - "GET /api/gallery/file/07d23b0b13ac4d979842d505d64d046e.png HTTP/1.1" 200
2026-05-27 02:22:26  INFO     uvicorn.access  192.168.100.8:44294 - "GET /api/gallery/file/4819469de9bb48b9b7b3195dc1fe68d9.png HTTP/1.1" 206
2026-05-27 02:22:26  INFO     uvicorn.access  192.168.100.8:44294 - "GET /api/gallery/file/4819469de9bb48b9b7b3195dc1fe68d9.png HTTP/1.1" 206
2026-05-27 02:22:33  INFO     uvicorn.access  192.168.100.8:34068 - "GET /play HTTP/1.1" 200
2026-05-27 02:22:33  INFO     uvicorn.access  192.168.100.8:34068 - "GET /static/js/play.js?v=1779819733 HTTP/1.1" 200
2026-05-27 02:22:33  INFO     uvicorn.access  192.168.100.8:34080 - "GET /static/css/play.css?v=1779819733 HTTP/1.1" 200
2026-05-27 02:22:34  INFO     uvicorn.access  192.168.100.8:34080 - "GET /api/announcement?page=play HTTP/1.1" 200
2026-05-27 02:30:03  INFO     uvicorn.access  192.168.100.8:56530 - "GET / HTTP/1.1" 200
2026-05-27 02:30:03  INFO     uvicorn.access  192.168.100.8:56530 - "GET /api/announcement?page=home HTTP/1.1" 200
2026-05-27 02:30:23  INFO     uvicorn.access  192.168.100.8:38356 - "GET /play HTTP/1.1" 200
2026-05-27 02:30:23  INFO     uvicorn.access  192.168.100.8:38356 - "GET /static/js/play.js?v=1779819733 HTTP/1.1" 200
2026-05-27 02:30:23  INFO     uvicorn.access  192.168.100.8:38368 - "GET /static/css/common.css HTTP/1.1" 200
2026-05-27 02:30:23  INFO     uvicorn.access  192.168.100.8:38382 - "GET /static/css/play.css?v=1779819733 HTTP/1.1" 200
2026-05-27 02:30:23  INFO     uvicorn.access  192.168.100.8:38382 - "GET /api/announcement?page=play HTTP/1.1" 200
2026-05-27 02:30:30  INFO     uvicorn.access  192.168.100.8:48240 - "GET /gallery HTTP/1.1" 200
2026-05-27 02:30:30  INFO     uvicorn.access  192.168.100.8:48240 - "GET /static/css/gallery.css?v=1779819733 HTTP/1.1" 200
2026-05-27 02:30:30  INFO     uvicorn.access  192.168.100.8:48254 - "GET /static/js/gallery.js?v=1779819733 HTTP/1.1" 200
2026-05-27 02:30:31  INFO     uvicorn.access  192.168.100.8:48240 - "GET /api/announcement?page=gallery HTTP/1.1" 200
2026-05-27 02:30:31  INFO     uvicorn.access  192.168.100.8:48254 - "GET /api/gallery/liked?fingerprint=4163223d HTTP/1.1" 200
2026-05-27 02:30:31  INFO     uvicorn.access  192.168.100.8:48254 - "GET /api/gallery/images?page=1&sort=likes HTTP/1.1" 200
2026-05-27 02:30:31  INFO     uvicorn.access  192.168.100.8:48258 - "GET /api/gallery/avatar/IMG_8573.png HTTP/1.1" 200
2026-05-27 02:30:31  INFO     uvicorn.access  192.168.100.8:48240 - "GET /api/gallery/avatar/IMG_8536.png HTTP/1.1" 200
2026-05-27 02:30:31  INFO     uvicorn.access  192.168.100.8:48254 - "GET /api/gallery/avatar/IMG_8559.png HTTP/1.1" 200
2026-05-27 02:30:31  INFO     uvicorn.access  192.168.100.8:48272 - "GET /api/gallery/avatar/IMG_8583.png HTTP/1.1" 200
2026-05-27 02:30:31  INFO     uvicorn.access  192.168.100.8:48282 - "GET /api/gallery/file/986cdcecf0c74d2a8f2cf466d256f571.png HTTP/1.1" 200
2026-05-27 02:30:31  INFO     uvicorn.access  192.168.100.8:48292 - "GET /api/gallery/file/bf1dbff67dff4d7db4ef59412e21711d.png HTTP/1.1" 200
2026-05-27 02:30:35  INFO     uvicorn.access  192.168.100.8:48240 - "GET /api/gallery/file/37d454d6345f4598adad248a1cee27ec.png HTTP/1.1" 200
2026-05-27 02:30:37  INFO     uvicorn.access  192.168.100.8:48308 - "GET /api/gallery/file/07d23b0b13ac4d979842d505d64d046e.png HTTP/1.1" 200
2026-05-27 02:30:38  INFO     uvicorn.access  192.168.100.8:40504 - "POST /api/gallery/view/3 HTTP/1.1" 200
2026-05-27 02:30:38  INFO     uvicorn.access  192.168.100.8:40504 - "GET /api/gallery/comments/3?sort=newest HTTP/1.1" 200
2026-05-27 02:30:38  INFO     uvicorn.access  192.168.100.8:40504 - "GET /api/gallery/file/4819469de9bb48b9b7b3195dc1fe68d9.png HTTP/1.1" 200
2026-05-27 02:30:39  INFO     uvicorn.access  192.168.100.8:40512 - "GET /api/gallery/file/2727a3ff196d42aeb4e57fe65583694b.png HTTP/1.1" 200
2026-05-27 02:30:46  INFO     uvicorn.access  192.168.100.8:40522 - "POST /api/gallery/view/2 HTTP/1.1" 200
2026-05-27 02:30:47  INFO     uvicorn.access  192.168.100.8:40522 - "GET /api/gallery/comments/2?sort=newest HTTP/1.1" 200
2026-05-27 02:30:47  INFO     uvicorn.access  192.168.100.8:40522 - "GET /api/gallery/file/7c6b2273213140cfb21f044c6ef0f314.png HTTP/1.1" 200
2026-05-27 02:30:48  INFO     uvicorn.access  192.168.100.8:43144 - "GET /api/gallery/avatar/IMG_8578.png HTTP/1.1" 200
2026-05-27 02:30:53  INFO     uvicorn.access  192.168.100.8:43156 - "POST /api/gallery/view/7 HTTP/1.1" 200
2026-05-27 02:30:53  INFO     uvicorn.access  192.168.100.8:43168 - "GET /api/gallery/comments/7?sort=newest HTTP/1.1" 200
2026-05-27 02:30:58  INFO     uvicorn.access  192.168.100.8:44340 - "POST /api/gallery/view/6 HTTP/1.1" 200
2026-05-27 02:30:58  INFO     uvicorn.access  192.168.100.8:44352 - "GET /api/gallery/comments/6?sort=newest HTTP/1.1" 200
2026-05-27 02:31:55  INFO     uvicorn.access  192.168.100.8:58148 - "GET /play HTTP/1.1" 200
2026-05-27 02:31:55  INFO     uvicorn.access  192.168.100.8:58148 - "GET /static/js/play.js?v=1779819733 HTTP/1.1" 304
2026-05-27 02:31:56  INFO     uvicorn.access  192.168.100.8:58158 - "GET /static/css/play.css?v=1779819733 HTTP/1.1" 304
2026-05-27 02:31:56  INFO     uvicorn.access  192.168.100.8:58158 - "GET /api/announcement?page=play HTTP/1.1" 200
2026-05-27 02:33:24  INFO     uvicorn.access  192.168.100.8:49008 - "GET /play HTTP/1.1" 200
2026-05-27 02:33:24  INFO     uvicorn.access  192.168.100.8:49008 - "GET /api/announcement?page=play HTTP/1.1" 200
2026-05-27 02:33:25  INFO     uvicorn.access  192.168.100.8:49016 - "GET /static/js/play.js?v=1779819733 HTTP/1.1" 304
2026-05-27 02:33:26  INFO     uvicorn.access  192.168.100.8:49016 - "GET / HTTP/1.1" 200
2026-05-27 02:33:27  INFO     uvicorn.access  192.168.100.8:49016 - "GET /api/announcement?page=home HTTP/1.1" 200
2026-05-27 02:33:55  INFO     uvicorn.access  192.168.100.8:42960 - "GET / HTTP/1.1" 200
2026-05-27 02:33:55  INFO     uvicorn.access  192.168.100.8:42960 - "GET /api/announcement?page=home HTTP/1.1" 200
2026-05-27 02:41:34  INFO     uvicorn.access  192.168.100.8:45882 - "GET /api/gallery/file/37d454d6345f4598adad248a1cee27ec.png HTTP/1.1" 200
2026-05-27 02:41:37  INFO     uvicorn.access  192.168.100.8:58146 - "GET /api/gallery/file/37d454d6345f4598adad248a1cee27ec.png HTTP/1.1" 200
2026-05-27 02:47:34  INFO     uvicorn.access  192.168.100.8:35648 - "GET / HTTP/1.1" 200
2026-05-27 02:47:34  INFO     uvicorn.access  192.168.100.8:35664 - "GET /static/css/home.css?v=1779819733 HTTP/1.1" 200
2026-05-27 02:47:35  INFO     uvicorn.access  192.168.100.8:35664 - "GET /api/announcement?page=home HTTP/1.1" 200
2026-05-27 02:47:50  INFO     uvicorn.access  192.168.100.8:57406 - "GET / HTTP/1.1" 200
2026-05-27 02:47:50  INFO     uvicorn.access  192.168.100.8:57422 - "GET /api/announcement?page=home HTTP/1.1" 200
2026-05-27 02:48:17  INFO     uvicorn.access  192.168.100.8:60488 - "POST /api/balance/api-key-login HTTP/1.1" 404
2026-05-27 02:48:18  INFO     uvicorn.access  192.168.100.8:60488 - "POST /api/balance/api-key-login HTTP/1.1" 404
2026-05-27 02:48:20  INFO     uvicorn.access  192.168.100.8:60488 - "POST /api/balance/api-key-login HTTP/1.1" 404
2026-05-27 02:48:38  INFO     uvicorn.access  192.168.100.8:54992 - "POST /api/balance/api-key-login HTTP/1.1" 404
2026-05-27 02:48:42  INFO     uvicorn.access  192.168.100.8:54992 - "POST /api/balance/api-key-login HTTP/1.1" 404
2026-05-27 02:48:43  INFO     uvicorn.access  192.168.100.8:54992 - "POST /api/balance/api-key-login HTTP/1.1" 404
2026-05-27 02:49:10  INFO     uvicorn.access  192.168.100.8:46944 - "POST /api/balance/api-key-login HTTP/1.1" 404
2026-05-27 02:49:11  INFO     uvicorn.access  192.168.100.8:46944 - "POST /api/balance/api-key-login HTTP/1.1" 404
2026-05-27 02:49:11  INFO     root  日志初始化完成 → logs (保留 30 天, 级别 INFO)
2026-05-27 02:49:11  INFO     root  日志初始化完成 → logs (保留 30 天, 级别 INFO)
2026-05-27 02:49:11  INFO     uvicorn.error  Started server process [1981255]
2026-05-27 02:49:11  INFO     uvicorn.error  Waiting for application startup.
2026-05-27 02:49:12  ERROR    uvicorn.error  Traceback (most recent call last):
  File "/sd/root_data/huitu/.venv/lib/python3.12/site-packages/aiomysql/connection.py", line 527, in _connect
    self._reader, self._writer = await \
                                 ^^^^^^^
  File "/usr/lib/python3.12/asyncio/tasks.py", line 520, in wait_for
    return await fut
           ^^^^^^^^^
  File "/sd/root_data/huitu/.venv/lib/python3.12/site-packages/aiomysql/connection.py", line 87, in _open_connection
    transport, _ = await loop.create_connection(
                   ^^^^^^^^^^^^^^^^^^^^^^^^^^^^^
  File "uvloop/loop.pyx", line 2043, in create_connection
  File "uvloop/loop.pyx", line 2020, in uvloop.loop.Loop.create_connection
ConnectionRefusedError: [Errno 111] Connection refused

The above exception was the direct cause of the following exception:

Traceback (most recent call last):
  File "/sd/root_data/huitu/.venv/lib/python3.12/site-packages/starlette/routing.py", line 638, in lifespan
    async with self.lifespan_context(app) as maybe_state:
  File "/usr/lib/python3.12/contextlib.py", line 210, in __aenter__
    return await anext(self.gen)
           ^^^^^^^^^^^^^^^^^^^^^
  File "/sd/root_data/huitu/.venv/lib/python3.12/site-packages/fastapi/routing.py", line 216, in merged_lifespan
    async with original_context(app) as maybe_original_state:
  File "/usr/lib/python3.12/contextlib.py", line 210, in __aenter__
    return await anext(self.gen)
           ^^^^^^^^^^^^^^^^^^^^^
  File "/sd/root_data/huitu/.venv/lib/python3.12/site-packages/fastapi/routing.py", line 216, in merged_lifespan
    async with original_context(app) as maybe_original_state:
  File "/usr/lib/python3.12/contextlib.py", line 210, in __aenter__
    return await anext(self.gen)
           ^^^^^^^^^^^^^^^^^^^^^
  File "/sd/root_data/huitu/.venv/lib/python3.12/site-packages/fastapi/routing.py", line 216, in merged_lifespan
    async with original_context(app) as maybe_original_state:
  File "/usr/lib/python3.12/contextlib.py", line 210, in __aenter__
    return await anext(self.gen)
           ^^^^^^^^^^^^^^^^^^^^^
  File "/sd/root_data/huitu/.venv/lib/python3.12/site-packages/fastapi/routing.py", line 216, in merged_lifespan
    async with original_context(app) as maybe_original_state:
  File "/usr/lib/python3.12/contextlib.py", line 210, in __aenter__
    return await anext(self.gen)
           ^^^^^^^^^^^^^^^^^^^^^
  File "/sd/root_data/huitu/.venv/lib/python3.12/site-packages/fastapi/routing.py", line 216, in merged_lifespan
    async with original_context(app) as maybe_original_state:
  File "/usr/lib/python3.12/contextlib.py", line 210, in __aenter__
    return await anext(self.gen)
           ^^^^^^^^^^^^^^^^^^^^^
  File "/sd/root_data/huitu/.venv/lib/python3.12/site-packages/fastapi/routing.py", line 216, in merged_lifespan
    async with original_context(app) as maybe_original_state:
  File "/sd/root_data/huitu/.venv/lib/python3.12/site-packages/fastapi/routing.py", line 241, in __aenter__
    await self._router._startup()
  File "/sd/root_data/huitu/.venv/lib/python3.12/site-packages/fastapi/routing.py", line 4884, in _startup
    await handler()
  File "/sd/root_data/huitu/app/main.py", line 96, in startup
    await init_db()
  File "/sd/root_data/huitu/app/database.py", line 311, in init_db
    db = await get_db()
         ^^^^^^^^^^^^^^
  File "/sd/root_data/huitu/app/database.py", line 21, in get_db
    return await _get_mysql()
           ^^^^^^^^^^^^^^^^^^
  File "/sd/root_data/huitu/app/database.py", line 40, in _get_mysql
    conn = await aiomysql.connect(
           ^^^^^^^^^^^^^^^^^^^^^^^
  File "/sd/root_data/huitu/.venv/lib/python3.12/site-packages/aiomysql/connection.py", line 74, in _connect
    await conn._connect()
  File "/sd/root_data/huitu/.venv/lib/python3.12/site-packages/aiomysql/connection.py", line 563, in _connect
    raise OperationalError(
pymysql.err.OperationalError: (2003, "Can't connect to MySQL server on '127.0.0.1'")

2026-05-27 02:49:12  ERROR    uvicorn.error  Application startup failed. Exiting.
2026-05-27 02:49:33  INFO     uvicorn.access  192.168.100.8:53668 - "GET / HTTP/1.1" 200
2026-05-27 02:49:34  INFO     uvicorn.access  192.168.100.8:53674 - "GET /static/css/home.css?v=1779819733 HTTP/1.1" 304
2026-05-27 02:49:34  INFO     uvicorn.access  192.168.100.8:53674 - "GET /api/announcement?page=home HTTP/1.1" 200
2026-05-27 02:49:35  INFO     uvicorn.access  192.168.100.8:53674 - "POST /api/balance/api-key-login HTTP/1.1" 404
2026-05-27 02:49:36  INFO     uvicorn.access  192.168.100.8:53674 - "POST /api/balance/api-key-login HTTP/1.1" 404
2026-05-27 02:49:37  INFO     uvicorn.access  192.168.100.8:53674 - "POST /api/balance/api-key-login HTTP/1.1" 404
2026-05-27 02:49:41  INFO     uvicorn.access  192.168.100.8:53674 - "POST /api/balance/api-key-login HTTP/1.1" 404
2026-05-27 02:49:49  INFO     uvicorn.access  192.168.100.8:33154 - "GET /gallery HTTP/1.1" 200
2026-05-27 02:49:50  INFO     uvicorn.access  192.168.100.8:33154 - "GET /static/js/gallery.js?v=1779819733 HTTP/1.1" 304
2026-05-27 02:49:50  INFO     uvicorn.access  192.168.100.8:33160 - "GET /static/css/gallery.css?v=1779819733 HTTP/1.1" 304
2026-05-27 02:49:50  INFO     uvicorn.access  192.168.100.8:33160 - "GET /api/announcement?page=gallery HTTP/1.1" 200
2026-05-27 02:49:50  INFO     uvicorn.access  192.168.100.8:33154 - "POST /auth/verify HTTP/1.1" 200
2026-05-27 02:49:50  INFO     uvicorn.access  192.168.100.8:33154 - "GET /api/gallery/liked?fingerprint=3c57f162 HTTP/1.1" 200
2026-05-27 02:49:51  INFO     uvicorn.access  192.168.100.8:33154 - "GET /api/gallery/images?page=1&sort=likes HTTP/1.1" 200
2026-05-27 02:49:51  INFO     uvicorn.access  192.168.100.8:33154 - "GET /api/gallery/file/07d23b0b13ac4d979842d505d64d046e.png HTTP/1.1" 200
2026-05-27 02:49:51  INFO     uvicorn.access  192.168.100.8:33160 - "GET /api/gallery/file/4819469de9bb48b9b7b3195dc1fe68d9.png HTTP/1.1" 206
2026-05-27 02:49:51  INFO     uvicorn.access  192.168.100.8:33160 - "GET /api/gallery/file/4819469de9bb48b9b7b3195dc1fe68d9.png HTTP/1.1" 206
2026-05-27 02:49:52  INFO     uvicorn.access  192.168.100.8:33176 - "GET /docs HTTP/1.1" 200
2026-05-27 02:49:52  INFO     uvicorn.access  192.168.100.8:33184 - "GET /static/css/docs.css?v=1779819733 HTTP/1.1" 200
2026-05-27 02:49:52  INFO     uvicorn.access  192.168.100.8:33184 - "GET /api/announcement?page=docs HTTP/1.1" 200
2026-05-27 02:49:54  INFO     uvicorn.access  192.168.100.8:33184 - "GET /play HTTP/1.1" 200
2026-05-27 02:49:54  INFO     uvicorn.access  192.168.100.8:33176 - "GET /static/css/play.css?v=1779819733 HTTP/1.1" 200
2026-05-27 02:49:54  INFO     uvicorn.access  192.168.100.8:33184 - "GET /static/js/play.js?v=1779819733 HTTP/1.1" 200
2026-05-27 02:49:54  INFO     uvicorn.access  192.168.100.8:33176 - "GET /api/announcement?page=play HTTP/1.1" 200
2026-05-27 02:50:05  INFO     uvicorn.access  192.168.100.8:36246 - "POST /auth/verify HTTP/1.1" 200
2026-05-27 02:50:05  INFO     uvicorn.access  192.168.100.8:36246 - "GET /api/gallery/liked?fingerprint=3c57f162 HTTP/1.1" 200
2026-05-27 02:50:05  INFO     uvicorn.access  192.168.100.8:36246 - "GET /api/gallery/images?page=1&sort=likes HTTP/1.1" 200
2026-05-27 02:50:05  INFO     uvicorn.access  192.168.100.8:36246 - "GET /api/gallery/file/07d23b0b13ac4d979842d505d64d046e.png HTTP/1.1" 206
2026-05-27 02:50:06  INFO     uvicorn.access  192.168.100.8:36246 - "GET /api/gallery/file/07d23b0b13ac4d979842d505d64d046e.png HTTP/1.1" 206
2026-05-27 02:50:06  INFO     uvicorn.access  192.168.100.8:36254 - "GET /api/gallery/file/4819469de9bb48b9b7b3195dc1fe68d9.png HTTP/1.1" 206
2026-05-27 02:50:06  INFO     uvicorn.access  192.168.100.8:36254 - "GET /api/gallery/file/4819469de9bb48b9b7b3195dc1fe68d9.png HTTP/1.1" 206
2026-05-27 02:50:07  INFO     uvicorn.access  192.168.100.8:36254 - "GET / HTTP/1.1" 200
2026-05-27 02:50:07  INFO     uvicorn.access  192.168.100.8:36254 - "GET /api/announcement?page=home HTTP/1.1" 200
2026-05-27 02:50:08  INFO     uvicorn.access  192.168.100.8:36254 - "POST /api/balance/api-key-login HTTP/1.1" 404
2026-05-27 02:50:12  INFO     root  日志初始化完成 → logs (保留 30 天, 级别 INFO)
2026-05-27 02:50:12  INFO     root  日志初始化完成 → logs (保留 30 天, 级别 INFO)
2026-05-27 02:50:12  INFO     uvicorn.error  Started server process [1982517]
2026-05-27 02:50:12  INFO     uvicorn.error  Waiting for application startup.
2026-05-27 02:50:12  INFO     uvicorn.error  Application startup complete.
2026-05-27 02:50:12  ERROR    uvicorn.error  [Errno 98] error while attempting to bind on address ('0.0.0.0', 8100): address already in use
2026-05-27 02:50:12  INFO     uvicorn.error  Waiting for application shutdown.
2026-05-27 02:50:12  INFO     uvicorn.error  Application shutdown complete.
2026-05-27 02:50:25  INFO     uvicorn.access  192.168.100.8:43842 - "POST /api/balance/api-key-login HTTP/1.1" 404
2026-05-27 02:50:41  INFO     root  日志初始化完成 → logs (保留 30 天, 级别 INFO)
2026-05-27 02:50:41  INFO     uvicorn.error  Started server process [1983110]
2026-05-27 02:50:41  INFO     uvicorn.error  Waiting for application startup.
2026-05-27 02:50:41  INFO     uvicorn.error  Application startup complete.
2026-05-27 02:50:41  INFO     uvicorn.error  Uvicorn running on http://127.0.0.1:18100 (Press CTRL+C to quit)
2026-05-27 02:51:17  INFO     uvicorn.access  192.168.100.8:39014 - "GET / HTTP/1.1" 200
2026-05-27 02:51:18  INFO     uvicorn.access  192.168.100.8:39028 - "GET /static/css/home.css?v=1779819733 HTTP/1.1" 304
2026-05-27 02:51:18  INFO     uvicorn.access  192.168.100.8:39028 - "GET /api/announcement?page=home HTTP/1.1" 200
2026-05-27 02:51:19  INFO     uvicorn.access  192.168.100.8:39028 - "POST /api/balance/api-key-login HTTP/1.1" 404
2026-05-27 02:51:28  INFO     uvicorn.access  127.0.0.1:57014 - "GET / HTTP/1.1" 200
2026-05-27 02:51:28  INFO     uvicorn.access  127.0.0.1:57022 - "GET /play HTTP/1.1" 200
2026-05-27 02:51:32  INFO     uvicorn.access  127.0.0.1:56848 - "POST /api/balance/overview HTTP/1.1" 400
2026-05-27 02:51:33  INFO     uvicorn.access  192.168.100.8:37272 - "GET / HTTP/1.1" 200
2026-05-27 02:51:33  INFO     uvicorn.access  192.168.100.8:37274 - "GET /api/announcement?page=home HTTP/1.1" 200
2026-05-27 02:51:55  INFO     uvicorn.access  127.0.0.1:54946 - "POST /api/balance/overview HTTP/1.1" 400
2026-05-27 02:52:04  INFO     uvicorn.access  192.168.100.8:45186 - "POST /api/balance/api-key-login HTTP/1.1" 404
2026-05-27 02:52:20  INFO     uvicorn.access  127.0.0.1:55860 - "POST /api/balance/overview HTTP/1.1" 400
2026-05-27 02:52:20  INFO     uvicorn.access  127.0.0.1:55870 - "POST /api/balance/overview HTTP/1.1" 400
2026-05-27 02:52:21  INFO     uvicorn.access  127.0.0.1:55876 - "POST /api/balance/overview HTTP/1.1" 400
2026-05-27 02:52:22  INFO     uvicorn.access  127.0.0.1:34368 - "POST /api/balance/overview HTTP/1.1" 400
2026-05-27 02:52:22  INFO     uvicorn.access  127.0.0.1:34384 - "POST /api/balance/overview HTTP/1.1" 400
2026-05-27 02:52:23  INFO     uvicorn.access  192.168.100.8:58550 - "GET / HTTP/1.1" 200
2026-05-27 02:52:23  INFO     uvicorn.access  192.168.100.8:58562 - "GET /static/css/home.css?v=1779819733 HTTP/1.1" 304
2026-05-27 02:52:24  INFO     uvicorn.access  192.168.100.8:58562 - "GET /api/announcement?page=home HTTP/1.1" 200
2026-05-27 02:52:26  INFO     uvicorn.access  192.168.100.8:58562 - "POST /api/balance/api-key-login HTTP/1.1" 404
2026-05-27 02:53:15  INFO     uvicorn.access  192.168.100.8:33042 - "POST /api/balance/api-key-login HTTP/1.1" 404
2026-05-27 02:53:30  INFO     uvicorn.access  192.168.100.8:41154 - "POST /api/balance/api-key-login HTTP/1.1" 404
2026-05-27 02:53:38  INFO     uvicorn.access  127.0.0.1:44332 - "POST /api/balance/api-key-login HTTP/1.1" 422
2026-05-27 02:53:38  INFO     uvicorn.access  127.0.0.1:44338 - "POST /api/balance/api-key-login HTTP/1.1" 400
2026-05-27 02:53:38  INFO     uvicorn.access  127.0.0.1:44348 - "POST /api/balance/overview HTTP/1.1" 400
2026-05-27 02:53:55  INFO     uvicorn.access  127.0.0.1:36766 - "POST /api/balance/overview HTTP/1.1" 200
2026-05-27 02:53:56  INFO     uvicorn.access  127.0.0.1:36768 - "POST /api/balance/overview HTTP/1.1" 200
2026-05-27 02:53:57  INFO     uvicorn.access  127.0.0.1:36774 - "POST /api/balance/overview HTTP/1.1" 200
2026-05-27 02:53:59  INFO     uvicorn.access  127.0.0.1:36780 - "POST /api/balance/overview HTTP/1.1" 200
2026-05-27 02:54:00  INFO     uvicorn.access  127.0.0.1:36788 - "POST /api/balance/overview HTTP/1.1" 200
2026-05-27 02:54:21  INFO     uvicorn.access  192.168.100.8:54710 - "POST /api/balance/api-key-login HTTP/1.1" 404
2026-05-27 02:54:27  INFO     uvicorn.access  192.168.100.8:52180 - "GET / HTTP/1.1" 200
2026-05-27 02:54:28  INFO     uvicorn.access  192.168.100.8:52188 - "GET /static/css/home.css?v=1779819733 HTTP/1.1" 304
2026-05-27 02:54:28  INFO     uvicorn.access  192.168.100.8:52188 - "GET /api/announcement?page=home HTTP/1.1" 200
2026-05-27 02:55:32  INFO     uvicorn.access  192.168.100.8:46514 - "POST /api/balance/api-key-login HTTP/1.1" 404
2026-05-27 02:56:03  INFO     root  日志初始化完成 → logs (保留 30 天, 级别 INFO)
2026-05-27 02:56:03  INFO     uvicorn.error  Started server process [1989615]
2026-05-27 02:56:03  INFO     uvicorn.error  Waiting for application startup.
2026-05-27 02:56:03  INFO     uvicorn.error  Application startup complete.
2026-05-27 02:56:03  INFO     uvicorn.error  Uvicorn running on http://127.0.0.1:18100 (Press CTRL+C to quit)
2026-05-27 02:56:19  INFO     uvicorn.access  192.168.100.8:48776 - "GET / HTTP/1.1" 200
2026-05-27 02:56:19  INFO     uvicorn.access  192.168.100.8:48778 - "GET /static/css/home.css?v=1779819733 HTTP/1.1" 304
2026-05-27 02:56:19  INFO     uvicorn.access  192.168.100.8:48778 - "GET /api/announcement?page=home HTTP/1.1" 200
2026-05-27 02:56:21  INFO     uvicorn.access  192.168.100.8:48778 - "POST /api/balance/api-key-login HTTP/1.1" 404
2026-05-27 02:56:31  INFO     uvicorn.access  127.0.0.1:42922 - "GET / HTTP/1.1" 200
2026-05-27 02:56:31  INFO     uvicorn.access  127.0.0.1:42924 - "GET /play HTTP/1.1" 200
2026-05-27 02:56:34  INFO     uvicorn.access  127.0.0.1:42932 - "POST /api/balance/overview HTTP/1.1" 200
2026-05-27 02:56:35  INFO     uvicorn.access  127.0.0.1:42944 - "POST /api/balance/overview HTTP/1.1" 200
2026-05-27 02:56:36  INFO     uvicorn.access  127.0.0.1:42948 - "POST /api/balance/overview HTTP/1.1" 200
2026-05-27 02:56:38  INFO     uvicorn.access  127.0.0.1:42950 - "POST /api/balance/overview HTTP/1.1" 200
2026-05-27 02:56:44  INFO     uvicorn.access  127.0.0.1:42796 - "POST /api/balance/overview HTTP/1.1" 400
2026-05-27 02:56:46  INFO     uvicorn.access  192.168.100.8:54080 - "POST /api/balance/api-key-login HTTP/1.1" 404
2026-05-27 02:57:04  INFO     uvicorn.access  192.168.100.8:38698 - "POST /api/balance/api-key-login HTTP/1.1" 404
2026-05-27 02:57:25  INFO     uvicorn.access  192.168.100.8:57286 - "POST /api/balance/api-key-login HTTP/1.1" 404
2026-05-27 02:57:26  INFO     uvicorn.access  192.168.100.8:57286 - "POST /api/balance/api-key-login HTTP/1.1" 404
2026-05-27 02:57:26  INFO     uvicorn.access  192.168.100.8:57286 - "POST /api/balance/api-key-login HTTP/1.1" 404
2026-05-27 02:57:27  INFO     uvicorn.access  192.168.100.8:57286 - "POST /api/balance/api-key-login HTTP/1.1" 404
2026-05-27 02:57:48  INFO     uvicorn.access  192.168.100.8:33466 - "POST /api/balance/api-key-login HTTP/1.1" 404
2026-05-27 02:58:32  INFO     uvicorn.access  192.168.100.8:39848 - "POST /api/balance/api-key-login HTTP/1.1" 404
2026-05-27 02:58:33  INFO     uvicorn.access  192.168.100.8:39848 - "POST /api/balance/api-key-login HTTP/1.1" 404
2026-05-27 02:58:33  INFO     uvicorn.access  192.168.100.8:39848 - "GET / HTTP/1.1" 200
2026-05-27 02:58:34  INFO     uvicorn.access  192.168.100.8:39854 - "GET /static/css/home.css?v=1779819733 HTTP/1.1" 304
2026-05-27 02:58:34  INFO     uvicorn.access  192.168.100.8:39854 - "GET /api/announcement?page=home HTTP/1.1" 200
2026-05-27 02:58:35  INFO     uvicorn.access  192.168.100.8:39854 - "POST /api/balance/api-key-login HTTP/1.1" 404
2026-05-27 02:58:38  INFO     uvicorn.access  192.168.100.8:39854 - "GET / HTTP/1.1" 200
2026-05-27 02:58:38  INFO     uvicorn.access  192.168.100.8:39848 - "GET /static/css/common.css HTTP/1.1" 200
2026-05-27 02:58:39  INFO     uvicorn.access  192.168.100.8:49886 - "GET /static/js/common.js HTTP/1.1" 200
2026-05-27 02:58:39  INFO     uvicorn.access  192.168.100.8:49902 - "GET /static/css/home.css?v=1779819733 HTTP/1.1" 200
2026-05-27 02:58:39  INFO     uvicorn.access  192.168.100.8:49902 - "GET /api/announcement?page=home HTTP/1.1" 200
2026-05-27 02:58:40  INFO     uvicorn.access  192.168.100.8:49902 - "POST /api/balance/api-key-login HTTP/1.1" 404
2026-05-27 02:58:50  INFO     uvicorn.access  192.168.100.8:58116 - "GET /docs HTTP/1.1" 200
2026-05-27 02:58:50  INFO     uvicorn.access  192.168.100.8:58122 - "GET /static/css/docs.css?v=1779819733 HTTP/1.1" 304
2026-05-27 02:58:50  INFO     uvicorn.access  192.168.100.8:58122 - "GET /api/announcement?page=docs HTTP/1.1" 200
2026-05-27 02:58:52  INFO     uvicorn.access  192.168.100.8:58122 - "GET /play HTTP/1.1" 200
2026-05-27 02:58:52  INFO     uvicorn.access  192.168.100.8:58116 - "GET /static/css/play.css?v=1779819733 HTTP/1.1" 304
2026-05-27 02:58:52  INFO     uvicorn.access  192.168.100.8:58122 - "GET /static/js/play.js?v=1779819733 HTTP/1.1" 304
2026-05-27 02:58:52  INFO     uvicorn.access  192.168.100.8:58116 - "GET /api/announcement?page=play HTTP/1.1" 200
2026-05-27 03:00:11  INFO     uvicorn.access  192.168.100.8:50320 - "POST /api/balance/api-key-login HTTP/1.1" 404
2026-05-27 03:00:12  INFO     uvicorn.access  192.168.100.8:50320 - "GET /docs HTTP/1.1" 200
2026-05-27 03:00:13  INFO     uvicorn.access  192.168.100.8:50320 - "GET /api/announcement?page=docs HTTP/1.1" 200
2026-05-27 03:00:14  INFO     uvicorn.access  192.168.100.8:50320 - "GET /play HTTP/1.1" 200
2026-05-27 03:00:15  INFO     uvicorn.access  192.168.100.8:50320 - "GET /static/js/play.js?v=1779819733 HTTP/1.1" 304
2026-05-27 03:00:15  INFO     uvicorn.access  192.168.100.8:50336 - "GET /static/css/play.css?v=1779819733 HTTP/1.1" 304
2026-05-27 03:00:15  INFO     uvicorn.access  192.168.100.8:50336 - "GET /api/announcement?page=play HTTP/1.1" 200
2026-05-27 03:01:34  INFO     uvicorn.access  192.168.100.8:37476 - "GET /play HTTP/1.1" 200
2026-05-27 03:01:34  INFO     uvicorn.access  192.168.100.8:37476 - "GET /api/announcement?page=play HTTP/1.1" 200
2026-05-27 03:01:40  INFO     uvicorn.access  192.168.100.8:44928 - "GET / HTTP/1.1" 200
2026-05-27 03:01:41  INFO     uvicorn.access  192.168.100.8:44928 - "GET /api/announcement?page=home HTTP/1.1" 200
2026-05-27 03:01:48  INFO     uvicorn.access  192.168.100.8:40656 - "GET /play HTTP/1.1" 200
2026-05-27 03:01:48  INFO     uvicorn.access  192.168.100.8:40656 - "GET /static/js/play.js?v=1779819733 HTTP/1.1" 200
2026-05-27 03:01:48  INFO     uvicorn.access  192.168.100.8:40670 - "GET /static/css/play.css?v=1779819733 HTTP/1.1" 304
2026-05-27 03:01:48  INFO     uvicorn.access  192.168.100.8:40670 - "GET /api/announcement?page=play HTTP/1.1" 200
2026-05-27 03:01:52  INFO     uvicorn.access  192.168.100.8:40670 - "GET /play HTTP/1.1" 200
2026-05-27 03:01:52  INFO     uvicorn.access  192.168.100.8:40670 - "GET /api/announcement?page=play HTTP/1.1" 200
2026-05-27 03:01:52  INFO     uvicorn.access  192.168.100.8:40656 - "GET /static/js/play.js?v=1779819733 HTTP/1.1" 304
2026-05-27 03:01:54  INFO     uvicorn.access  192.168.100.8:40656 - "GET /play HTTP/1.1" 200
2026-05-27 03:01:55  INFO     uvicorn.access  192.168.100.8:40656 - "GET /api/announcement?page=play HTTP/1.1" 200
2026-05-27 03:01:55  INFO     uvicorn.access  192.168.100.8:40670 - "GET /static/js/play.js?v=1779819733 HTTP/1.1" 304
2026-05-27 03:07:19  INFO     uvicorn.access  192.168.100.8:36752 - "GET /play HTTP/1.1" 200
2026-05-27 03:07:19  INFO     uvicorn.access  192.168.100.8:36752 - "GET /static/js/common.js HTTP/1.1" 304
2026-05-27 03:07:19  INFO     uvicorn.access  192.168.100.8:36758 - "GET /static/css/common.css HTTP/1.1" 304
2026-05-27 03:07:19  INFO     uvicorn.access  192.168.100.8:36770 - "GET /static/css/play.css?v=1779819733 HTTP/1.1" 304
2026-05-27 03:07:19  INFO     uvicorn.access  192.168.100.8:36786 - "GET /static/js/play.js?v=1779819733 HTTP/1.1" 200
2026-05-27 03:07:19  INFO     uvicorn.access  192.168.100.8:36758 - "GET /api/announcement?page=play HTTP/1.1" 200
2026-05-27 03:10:09  INFO     uvicorn.access  192.168.100.8:41478 - "GET /play HTTP/1.1" 200
2026-05-27 03:10:09  INFO     uvicorn.access  192.168.100.8:41478 - "GET /static/js/play.js?v=1779819733 HTTP/1.1" 304
2026-05-27 03:10:09  INFO     uvicorn.access  192.168.100.8:41486 - "GET /static/css/play.css?v=1779819733 HTTP/1.1" 304
2026-05-27 03:10:10  INFO     uvicorn.access  192.168.100.8:41486 - "GET /api/announcement?page=play HTTP/1.1" 200
2026-05-27 03:10:46  INFO     uvicorn.access  192.168.100.8:34016 - "POST /api/balance/overview HTTP/1.1" 404
2026-05-27 03:10:47  INFO     uvicorn.access  192.168.100.8:34016 - "POST /api/balance/overview HTTP/1.1" 404
2026-05-27 03:10:48  INFO     uvicorn.access  192.168.100.8:34016 - "POST /api/balance/overview HTTP/1.1" 404
2026-05-27 03:10:50  INFO     uvicorn.access  192.168.100.8:34016 - "POST /api/balance/overview HTTP/1.1" 404
2026-05-27 03:10:51  INFO     uvicorn.access  192.168.100.8:34016 - "POST /api/balance/overview HTTP/1.1" 404
2026-05-27 03:11:00  INFO     uvicorn.access  192.168.100.8:49504 - "POST /api/balance/overview HTTP/1.1" 404
2026-05-27 03:11:10  INFO     uvicorn.access  192.168.100.8:50106 - "POST /api/balance/overview HTTP/1.1" 404
2026-05-27 03:18:43  INFO     uvicorn.access  192.168.100.8:47878 - "GET / HTTP/1.1" 200
2026-05-27 03:18:43  INFO     uvicorn.access  192.168.100.8:47878 - "GET /static/css/common.css HTTP/1.1" 304
2026-05-27 03:18:44  INFO     uvicorn.access  192.168.100.8:47886 - "GET /static/js/common.js HTTP/1.1" 304
2026-05-27 03:18:44  INFO     uvicorn.access  192.168.100.8:47886 - "GET /api/announcement?page=home HTTP/1.1" 200
2026-05-27 03:18:45  INFO     uvicorn.access  192.168.100.8:47886 - "GET /play HTTP/1.1" 200
2026-05-27 03:18:45  INFO     uvicorn.access  192.168.100.8:47878 - "GET /static/css/play.css?v=1779819733 HTTP/1.1" 304
2026-05-27 03:18:45  INFO     uvicorn.access  192.168.100.8:47886 - "GET /static/js/play.js?v=1779819733 HTTP/1.1" 304
2026-05-27 03:18:46  INFO     uvicorn.access  192.168.100.8:47878 - "GET /api/announcement?page=play HTTP/1.1" 200
2026-05-27 03:20:15  INFO     uvicorn.access  192.168.100.8:57168 - "GET /gallery HTTP/1.1" 200
2026-05-27 03:20:15  INFO     uvicorn.access  192.168.100.8:57168 - "GET /static/js/gallery.js?v=1779819733 HTTP/1.1" 304
2026-05-27 03:20:15  INFO     uvicorn.access  192.168.100.8:57180 - "GET /static/css/gallery.css?v=1779819733 HTTP/1.1" 304
2026-05-27 03:20:15  INFO     uvicorn.access  192.168.100.8:57180 - "GET /api/announcement?page=gallery HTTP/1.1" 200
2026-05-27 03:20:15  INFO     uvicorn.access  192.168.100.8:57168 - "POST /auth/verify HTTP/1.1" 200
2026-05-27 03:20:16  INFO     uvicorn.access  192.168.100.8:57168 - "GET /api/gallery/liked?fingerprint=3c57f162 HTTP/1.1" 200
2026-05-27 03:20:16  INFO     uvicorn.access  192.168.100.8:57168 - "GET /api/gallery/images?page=1&sort=likes HTTP/1.1" 200
2026-05-27 03:20:16  INFO     uvicorn.access  192.168.100.8:57168 - "GET /api/gallery/file/07d23b0b13ac4d979842d505d64d046e.png HTTP/1.1" 206
2026-05-27 03:20:16  INFO     uvicorn.access  192.168.100.8:57180 - "GET /api/gallery/file/4819469de9bb48b9b7b3195dc1fe68d9.png HTTP/1.1" 200
2026-05-27 03:20:16  INFO     uvicorn.access  192.168.100.8:57168 - "GET /api/gallery/file/07d23b0b13ac4d979842d505d64d046e.png HTTP/1.1" 206
2026-05-27 03:20:18  INFO     uvicorn.access  192.168.100.8:41778 - "GET /api/gallery/comments/1?sort=newest HTTP/1.1" 200
2026-05-27 03:20:18  INFO     uvicorn.access  192.168.100.8:41790 - "POST /api/gallery/view/1 HTTP/1.1" 200
2026-05-27 03:20:21  INFO     uvicorn.access  192.168.100.8:57168 - "POST /api/gallery/view/7 HTTP/1.1" 200
2026-05-27 03:20:21  INFO     uvicorn.access  192.168.100.8:41790 - "GET /api/gallery/comments/7?sort=newest HTTP/1.1" 200
2026-05-27 03:20:25  INFO     uvicorn.access  192.168.100.8:57168 - "POST /api/gallery/like/7 HTTP/1.1" 200
2026-05-27 03:20:25  INFO     uvicorn.access  192.168.100.8:57168 - "GET /api/gallery/images?page=1&sort=likes HTTP/1.1" 200
2026-05-27 03:20:26  INFO     uvicorn.access  192.168.100.8:57168 - "POST /api/gallery/like/7 HTTP/1.1" 200
2026-05-27 03:20:26  INFO     uvicorn.access  192.168.100.8:57168 - "GET /api/gallery/images?page=1&sort=likes HTTP/1.1" 200
2026-05-27 03:21:03  INFO     uvicorn.access  192.168.100.8:43234 - "GET /play HTTP/1.1" 200
2026-05-27 03:21:03  INFO     uvicorn.access  192.168.100.8:43234 - "GET /api/announcement?page=play HTTP/1.1" 200
2026-05-27 03:21:04  INFO     uvicorn.access  192.168.100.8:43240 - "GET /static/js/play.js?v=1779819733 HTTP/1.1" 304
2026-05-27 03:22:11  INFO     uvicorn.access  192.168.100.8:53778 - "GET /play HTTP/1.1" 200
2026-05-27 03:22:11  INFO     uvicorn.access  192.168.100.8:53790 - "GET /static/css/play.css?v=1779819733 HTTP/1.1" 304
2026-05-27 03:22:12  INFO     uvicorn.access  192.168.100.8:53790 - "GET /api/announcement?page=play HTTP/1.1" 200
2026-05-27 03:22:27  INFO     uvicorn.access  192.168.100.8:39960 - "POST /api/balance/overview HTTP/1.1" 404
2026-05-27 03:22:39  INFO     uvicorn.access  192.168.100.8:56622 - "GET /play HTTP/1.1" 200
2026-05-27 03:22:39  INFO     uvicorn.access  192.168.100.8:56622 - "GET /static/js/common.js HTTP/1.1" 200
2026-05-27 03:22:39  INFO     uvicorn.access  192.168.100.8:56626 - "GET /static/css/play.css?v=1779819733 HTTP/1.1" 200
2026-05-27 03:22:39  INFO     uvicorn.access  192.168.100.8:56642 - "GET /static/css/common.css HTTP/1.1" 200
2026-05-27 03:22:39  INFO     uvicorn.access  192.168.100.8:56644 - "GET /static/js/play.js?v=1779819733 HTTP/1.1" 200
2026-05-27 03:22:39  INFO     uvicorn.access  192.168.100.8:56626 - "GET /api/announcement?page=play HTTP/1.1" 200
2026-05-27 03:22:43  INFO     uvicorn.access  192.168.100.8:56626 - "POST /api/balance/overview HTTP/1.1" 404
2026-05-27 03:23:54  INFO     uvicorn.access  127.0.0.1:54076 - "POST /api/balance/overview HTTP/1.1" 404
2026-05-27 03:24:16  INFO     uvicorn.access  127.0.0.1:51814 - "GET /openapi.json HTTP/1.1" 200
2026-05-27 03:24:44  INFO     uvicorn.access  192.168.100.8:32772 - "GET /play HTTP/1.1" 200
2026-05-27 03:24:44  INFO     uvicorn.access  192.168.100.8:32772 - "GET /static/js/play.js?v=1779819733 HTTP/1.1" 304
2026-05-27 03:24:44  INFO     uvicorn.access  192.168.100.8:32776 - "GET /api/announcement?page=play HTTP/1.1" 200
2026-05-27 03:24:48  INFO     uvicorn.access  127.0.0.1:49094 - "GET /openapi.json HTTP/1.1" 200
2026-05-27 03:24:57  INFO     uvicorn.access  192.168.100.8:37644 - "POST /api/balance/overview HTTP/1.1" 404
2026-05-27 03:25:08  INFO     root  日志初始化完成 → logs (保留 30 天, 级别 INFO)
2026-05-27 03:25:11  INFO     uvicorn.access  127.0.0.1:54518 - "GET /static/js/play.js HTTP/1.1" 200
2026-05-27 03:26:38  INFO     uvicorn.error  Shutting down
2026-05-27 03:26:38  INFO     uvicorn.error  Waiting for application shutdown.
2026-05-27 03:26:38  INFO     uvicorn.error  Application shutdown complete.
2026-05-27 03:26:38  INFO     uvicorn.error  Finished server process [1949702]
2026-05-27 03:26:39  INFO     root  日志初始化完成 → logs (保留 30 天, 级别 INFO)
2026-05-27 03:26:39  INFO     root  日志初始化完成 → logs (保留 30 天, 级别 INFO)
2026-05-27 03:26:39  INFO     uvicorn.error  Started server process [2026561]
2026-05-27 03:26:39  INFO     uvicorn.error  Waiting for application startup.
2026-05-27 03:26:39  INFO     uvicorn.error  Application startup complete.
2026-05-27 03:26:39  INFO     uvicorn.error  Uvicorn running on http://0.0.0.0:8100 (Press CTRL+C to quit)
2026-05-27 03:26:40  INFO     root  日志初始化完成 → logs (保留 30 天, 级别 INFO)
2026-05-27 03:26:40  INFO     root  日志初始化完成 → logs (保留 30 天, 级别 INFO)
/sd/root_data/huitu/app/main.py:94: DeprecationWarning: 
        on_event is deprecated, use lifespan event handlers instead.

        Read more about it in the
        [FastAPI docs for Lifespan Events](https://fastapi.tiangolo.com/advanced/events/).
        
  @app.on_event("startup")
2026-05-27 03:26:40  INFO     root  日志初始化完成 → logs (保留 30 天, 级别 INFO)
2026-05-27 03:26:40  INFO     root  日志初始化完成 → logs (保留 30 天, 级别 INFO)
2026-05-27 03:26:40  INFO     uvicorn.error  Started server process [2026607]
2026-05-27 03:26:40  INFO     uvicorn.error  Started server process [2026607]
2026-05-27 03:26:40  INFO     uvicorn.error  Waiting for application startup.
2026-05-27 03:26:40  INFO     uvicorn.error  Waiting for application startup.
2026-05-27 03:26:40  ERROR    uvicorn.error  Traceback (most recent call last):
  File "/sd/root_data/huitu/.venv/lib/python3.12/site-packages/aiomysql/connection.py", line 527, in _connect
    self._reader, self._writer = await \
                                 ^^^^^^^
  File "/usr/lib/python3.12/asyncio/tasks.py", line 520, in wait_for
    return await fut
           ^^^^^^^^^
  File "/sd/root_data/huitu/.venv/lib/python3.12/site-packages/aiomysql/connection.py", line 87, in _open_connection
    transport, _ = await loop.create_connection(
                   ^^^^^^^^^^^^^^^^^^^^^^^^^^^^^
  File "uvloop/loop.pyx", line 2043, in create_connection
  File "uvloop/loop.pyx", line 2020, in uvloop.loop.Loop.create_connection
ConnectionRefusedError: [Errno 111] Connection refused

The above exception was the direct cause of the following exception:

Traceback (most recent call last):
  File "/sd/root_data/huitu/.venv/lib/python3.12/site-packages/starlette/routing.py", line 638, in lifespan
    async with self.lifespan_context(app) as maybe_state:
  File "/usr/lib/python3.12/contextlib.py", line 210, in __aenter__
    return await anext(self.gen)
           ^^^^^^^^^^^^^^^^^^^^^
  File "/sd/root_data/huitu/.venv/lib/python3.12/site-packages/fastapi/routing.py", line 216, in merged_lifespan
    async with original_context(app) as maybe_original_state:
  File "/usr/lib/python3.12/contextlib.py", line 210, in __aenter__
    return await anext(self.gen)
           ^^^^^^^^^^^^^^^^^^^^^
  File "/sd/root_data/huitu/.venv/lib/python3.12/site-packages/fastapi/routing.py", line 216, in merged_lifespan
    async with original_context(app) as maybe_original_state:
  File "/usr/lib/python3.12/contextlib.py", line 210, in __aenter__
    return await anext(self.gen)
           ^^^^^^^^^^^^^^^^^^^^^
  File "/sd/root_data/huitu/.venv/lib/python3.12/site-packages/fastapi/routing.py", line 216, in merged_lifespan
    async with original_context(app) as maybe_original_state:
  File "/usr/lib/python3.12/contextlib.py", line 210, in __aenter__
    return await anext(self.gen)
           ^^^^^^^^^^^^^^^^^^^^^
  File "/sd/root_data/huitu/.venv/lib/python3.12/site-packages/fastapi/routing.py", line 216, in merged_lifespan
    async with original_context(app) as maybe_original_state:
  File "/usr/lib/python3.12/contextlib.py", line 210, in __aenter__
    return await anext(self.gen)
           ^^^^^^^^^^^^^^^^^^^^^
  File "/sd/root_data/huitu/.venv/lib/python3.12/site-packages/fastapi/routing.py", line 216, in merged_lifespan
    async with original_context(app) as maybe_original_state:
  File "/usr/lib/python3.12/contextlib.py", line 210, in __aenter__
    return await anext(self.gen)
           ^^^^^^^^^^^^^^^^^^^^^
  File "/sd/root_data/huitu/.venv/lib/python3.12/site-packages/fastapi/routing.py", line 216, in merged_lifespan
    async with original_context(app) as maybe_original_state:
  File "/sd/root_data/huitu/.venv/lib/python3.12/site-packages/fastapi/routing.py", line 241, in __aenter__
    await self._router._startup()
  File "/sd/root_data/huitu/.venv/lib/python3.12/site-packages/fastapi/routing.py", line 4884, in _startup
    await handler()
  File "/sd/root_data/huitu/app/main.py", line 96, in startup
    await init_db()
  File "/sd/root_data/huitu/app/database.py", line 311, in init_db
    db = await get_db()
         ^^^^^^^^^^^^^^
  File "/sd/root_data/huitu/app/database.py", line 21, in get_db
    return await _get_mysql()
           ^^^^^^^^^^^^^^^^^^
  File "/sd/root_data/huitu/app/database.py", line 40, in _get_mysql
    conn = await aiomysql.connect(
           ^^^^^^^^^^^^^^^^^^^^^^^
  File "/sd/root_data/huitu/.venv/lib/python3.12/site-packages/aiomysql/connection.py", line 74, in _connect
    await conn._connect()
  File "/sd/root_data/huitu/.venv/lib/python3.12/site-packages/aiomysql/connection.py", line 563, in _connect
    raise OperationalError(
pymysql.err.OperationalError: (2003, "Can't connect to MySQL server on '127.0.0.1'")

2026-05-27 03:26:40  ERROR    uvicorn.error  Traceback (most recent call last):
  File "/sd/root_data/huitu/.venv/lib/python3.12/site-packages/aiomysql/connection.py", line 527, in _connect
    self._reader, self._writer = await \
                                 ^^^^^^^
  File "/usr/lib/python3.12/asyncio/tasks.py", line 520, in wait_for
    return await fut
           ^^^^^^^^^
  File "/sd/root_data/huitu/.venv/lib/python3.12/site-packages/aiomysql/connection.py", line 87, in _open_connection
    transport, _ = await loop.create_connection(
                   ^^^^^^^^^^^^^^^^^^^^^^^^^^^^^
  File "uvloop/loop.pyx", line 2043, in create_connection
  File "uvloop/loop.pyx", line 2020, in uvloop.loop.Loop.create_connection
ConnectionRefusedError: [Errno 111] Connection refused

The above exception was the direct cause of the following exception:

Traceback (most recent call last):
  File "/sd/root_data/huitu/.venv/lib/python3.12/site-packages/starlette/routing.py", line 638, in lifespan
    async with self.lifespan_context(app) as maybe_state:
  File "/usr/lib/python3.12/contextlib.py", line 210, in __aenter__
    return await anext(self.gen)
           ^^^^^^^^^^^^^^^^^^^^^
  File "/sd/root_data/huitu/.venv/lib/python3.12/site-packages/fastapi/routing.py", line 216, in merged_lifespan
    async with original_context(app) as maybe_original_state:
  File "/usr/lib/python3.12/contextlib.py", line 210, in __aenter__
    return await anext(self.gen)
           ^^^^^^^^^^^^^^^^^^^^^
  File "/sd/root_data/huitu/.venv/lib/python3.12/site-packages/fastapi/routing.py", line 216, in merged_lifespan
    async with original_context(app) as maybe_original_state:
  File "/usr/lib/python3.12/contextlib.py", line 210, in __aenter__
    return await anext(self.gen)
           ^^^^^^^^^^^^^^^^^^^^^
  File "/sd/root_data/huitu/.venv/lib/python3.12/site-packages/fastapi/routing.py", line 216, in merged_lifespan
    async with original_context(app) as maybe_original_state:
  File "/usr/lib/python3.12/contextlib.py", line 210, in __aenter__
    return await anext(self.gen)
           ^^^^^^^^^^^^^^^^^^^^^
  File "/sd/root_data/huitu/.venv/lib/python3.12/site-packages/fastapi/routing.py", line 216, in merged_lifespan
    async with original_context(app) as maybe_original_state:
  File "/usr/lib/python3.12/contextlib.py", line 210, in __aenter__
    return await anext(self.gen)
           ^^^^^^^^^^^^^^^^^^^^^
  File "/sd/root_data/huitu/.venv/lib/python3.12/site-packages/fastapi/routing.py", line 216, in merged_lifespan
    async with original_context(app) as maybe_original_state:
  File "/usr/lib/python3.12/contextlib.py", line 210, in __aenter__
    return await anext(self.gen)
           ^^^^^^^^^^^^^^^^^^^^^
  File "/sd/root_data/huitu/.venv/lib/python3.12/site-packages/fastapi/routing.py", line 216, in merged_lifespan
    async with original_context(app) as maybe_original_state:
  File "/sd/root_data/huitu/.venv/lib/python3.12/site-packages/fastapi/routing.py", line 241, in __aenter__
    await self._router._startup()
  File "/sd/root_data/huitu/.venv/lib/python3.12/site-packages/fastapi/routing.py", line 4884, in _startup
    await handler()
  File "/sd/root_data/huitu/app/main.py", line 96, in startup
    await init_db()
  File "/sd/root_data/huitu/app/database.py", line 311, in init_db
    db = await get_db()
         ^^^^^^^^^^^^^^
  File "/sd/root_data/huitu/app/database.py", line 21, in get_db
    return await _get_mysql()
           ^^^^^^^^^^^^^^^^^^
  File "/sd/root_data/huitu/app/database.py", line 40, in _get_mysql
    conn = await aiomysql.connect(
           ^^^^^^^^^^^^^^^^^^^^^^^
  File "/sd/root_data/huitu/.venv/lib/python3.12/site-packages/aiomysql/connection.py", line 74, in _connect
    await conn._connect()
  File "/sd/root_data/huitu/.venv/lib/python3.12/site-packages/aiomysql/connection.py", line 563, in _connect
    raise OperationalError(
pymysql.err.OperationalError: (2003, "Can't connect to MySQL server on '127.0.0.1'")

2026-05-27 03:26:40  ERROR    uvicorn.error  Application startup failed. Exiting.
2026-05-27 03:26:40  ERROR    uvicorn.error  Application startup failed. Exiting.
2026-05-27 03:26:48  INFO     uvicorn.access  192.168.100.8:49050 - "GET /play HTTP/1.1" 200
2026-05-27 03:26:49  INFO     uvicorn.access  192.168.100.8:49050 - "GET /static/js/play.js?v=1779823598 HTTP/1.1" 200
2026-05-27 03:26:49  INFO     uvicorn.access  192.168.100.8:49060 - "GET /static/css/play.css?v=1779823598 HTTP/1.1" 200
2026-05-27 03:26:49  INFO     uvicorn.access  192.168.100.8:49060 - "GET /api/announcement?page=play HTTP/1.1" 200
2026-05-27 03:27:09  INFO     uvicorn.access  192.168.100.8:41224 - "GET /play HTTP/1.1" 200
2026-05-27 03:27:09  INFO     uvicorn.access  192.168.100.8:41224 - "GET /api/announcement?page=play HTTP/1.1" 200
2026-05-27 03:27:14  INFO     uvicorn.access  192.168.100.8:41224 - "POST /api/balance/overview HTTP/1.1" 200
2026-05-27 03:27:19  INFO     uvicorn.access  127.0.0.1:60364 - "POST /api/balance/overview HTTP/1.1" 200
2026-05-27 03:27:19  INFO     uvicorn.access  127.0.0.1:60378 - "GET /openapi.json HTTP/1.1" 200
2026-05-27 03:27:30  INFO     uvicorn.access  192.168.100.8:58726 - "POST /api/balance/overview HTTP/1.1" 200
2026-05-27 03:27:43  INFO     uvicorn.access  192.168.100.8:42244 - "GET /gallery HTTP/1.1" 200
2026-05-27 03:27:43  INFO     uvicorn.access  192.168.100.8:42244 - "GET /static/js/gallery.js?v=1779823598 HTTP/1.1" 200
2026-05-27 03:27:44  INFO     uvicorn.access  192.168.100.8:42258 - "GET /static/css/gallery.css?v=1779823598 HTTP/1.1" 200
2026-05-27 03:27:44  INFO     uvicorn.access  192.168.100.8:42258 - "GET /api/announcement?page=gallery HTTP/1.1" 200
2026-05-27 03:27:44  INFO     uvicorn.access  192.168.100.8:42244 - "POST /auth/verify HTTP/1.1" 200
2026-05-27 03:27:44  INFO     uvicorn.access  192.168.100.8:42244 - "GET /api/gallery/liked?fingerprint=3c57f162 HTTP/1.1" 200
2026-05-27 03:27:44  INFO     uvicorn.access  192.168.100.8:42244 - "GET /api/gallery/images?page=1&sort=likes HTTP/1.1" 200
2026-05-27 03:27:45  INFO     uvicorn.access  192.168.100.8:42244 - "GET /api/gallery/file/07d23b0b13ac4d979842d505d64d046e.png HTTP/1.1" 200
2026-05-27 03:27:45  INFO     uvicorn.access  192.168.100.8:42258 - "GET /api/gallery/file/4819469de9bb48b9b7b3195dc1fe68d9.png HTTP/1.1" 200
2026-05-27 03:27:47  INFO     uvicorn.access  192.168.100.8:44742 - "GET / HTTP/1.1" 200
2026-05-27 03:27:47  INFO     uvicorn.access  192.168.100.8:44742 - "GET /api/announcement?page=home HTTP/1.1" 200
2026-05-27 03:27:51  INFO     uvicorn.access  192.168.100.8:44742 - "GET /play HTTP/1.1" 200
2026-05-27 03:27:52  INFO     uvicorn.access  192.168.100.8:44742 - "GET /api/announcement?page=play HTTP/1.1" 200
2026-05-27 03:27:53  INFO     uvicorn.access  192.168.100.8:44750 - "POST /api/balance/overview HTTP/1.1" 200
2026-05-27 03:28:22  INFO     uvicorn.access  127.0.0.1:35204 - "GET /static/js/play.js HTTP/1.1" 200
2026-05-27 03:29:44  INFO     uvicorn.access  127.0.0.1:58526 - "GET /play HTTP/1.1" 200
2026-05-27 03:29:56  INFO     uvicorn.access  192.168.100.8:59872 - "GET /play HTTP/1.1" 200
2026-05-27 03:29:56  INFO     uvicorn.access  192.168.100.8:59872 - "GET /static/js/common.js HTTP/1.1" 304
2026-05-27 03:29:56  INFO     uvicorn.access  192.168.100.8:59888 - "GET /static/css/common.css HTTP/1.1" 304
2026-05-27 03:29:56  INFO     uvicorn.access  192.168.100.8:59896 - "GET /static/js/play.js?v=1779823598 HTTP/1.1" 304
2026-05-27 03:29:57  INFO     uvicorn.access  192.168.100.8:59888 - "GET /api/announcement?page=play HTTP/1.1" 200
2026-05-27 03:29:58  INFO     uvicorn.access  192.168.100.8:59888 - "POST /api/balance/overview HTTP/1.1" 200
2026-05-27 03:30:25  INFO     uvicorn.access  127.0.0.1:36262 - "POST /api/balance/overview HTTP/1.1" 200
2026-05-27 03:43:27  INFO     uvicorn.access  192.168.100.8:59912 - "GET /play HTTP/1.1" 200
2026-05-27 03:43:27  INFO     uvicorn.access  192.168.100.8:59912 - "GET /static/js/common.js HTTP/1.1" 304
2026-05-27 03:43:27  INFO     uvicorn.access  192.168.100.8:59916 - "GET /static/css/play.css?v=1779823598 HTTP/1.1" 304
2026-05-27 03:43:27  INFO     uvicorn.access  192.168.100.8:59922 - "GET /static/css/common.css HTTP/1.1" 304
2026-05-27 03:43:27  INFO     uvicorn.access  192.168.100.8:48918 - "GET /static/js/play.js?v=1779823598 HTTP/1.1" 200
2026-05-27 03:43:27  INFO     uvicorn.access  192.168.100.8:59922 - "GET /api/announcement?page=play HTTP/1.1" 200
2026-05-27 03:43:29  INFO     uvicorn.access  192.168.100.8:48918 - "POST /api/balance/overview HTTP/1.1" 200
2026-05-27 03:44:43  INFO     uvicorn.access  192.168.100.8:34728 - "GET /play HTTP/1.1" 200
2026-05-27 03:44:43  INFO     uvicorn.access  192.168.100.8:34728 - "GET /api/announcement?page=play HTTP/1.1" 200
2026-05-27 03:44:43  INFO     uvicorn.access  192.168.100.8:34738 - "GET /static/js/play.js?v=1779823598 HTTP/1.1" 304
2026-05-27 03:44:45  INFO     uvicorn.access  192.168.100.8:34738 - "POST /api/balance/overview HTTP/1.1" 200
/root/huitu/.venv/bin/python: 1: python: not found
2026-05-27 10:02:17  INFO     root  日志初始化完成 → logs (保留 30 天, 级别 INFO)
2026-05-27 10:02:17  INFO     root  日志初始化完成 → logs (保留 30 天, 级别 INFO)
/root/huitu/app/main.py:94: DeprecationWarning: 
        on_event is deprecated, use lifespan event handlers instead.

        Read more about it in the
        [FastAPI docs for Lifespan Events](https://fastapi.tiangolo.com/advanced/events/).
        
  @app.on_event("startup")
2026-05-27 10:02:17  INFO     root  日志初始化完成 → logs (保留 30 天, 级别 INFO)
2026-05-27 10:02:17  INFO     root  日志初始化完成 → logs (保留 30 天, 级别 INFO)
2026-05-27 10:02:17  INFO     uvicorn.error  Started server process [3653723]
2026-05-27 10:02:17  INFO     uvicorn.error  Started server process [3653723]
2026-05-27 10:02:17  INFO     uvicorn.error  Waiting for application startup.
2026-05-27 10:02:17  INFO     uvicorn.error  Waiting for application startup.
/root/huitu/.venv/lib/python3.13/site-packages/aiomysql/cursors.py:458: Warning: Table 'user_profiles' already exists
  await self._do_get_result()
/root/huitu/.venv/lib/python3.13/site-packages/aiomysql/cursors.py:458: Warning: Table 'gallery_images' already exists
  await self._do_get_result()
/root/huitu/.venv/lib/python3.13/site-packages/aiomysql/cursors.py:458: Warning: Table 'image_likes' already exists
  await self._do_get_result()
/root/huitu/.venv/lib/python3.13/site-packages/aiomysql/cursors.py:458: Warning: Table 'image_comments' already exists
  await self._do_get_result()
/root/huitu/.venv/lib/python3.13/site-packages/aiomysql/cursors.py:458: Warning: Table 'comment_likes' already exists
  await self._do_get_result()
/root/huitu/.venv/lib/python3.13/site-packages/aiomysql/cursors.py:458: Warning: Table 'user_history' already exists
  await self._do_get_result()
2026-05-27 10:02:17  INFO     uvicorn.error  Application startup complete.
2026-05-27 10:02:17  INFO     uvicorn.error  Application startup complete.
2026-05-27 10:02:17  INFO     uvicorn.error  Uvicorn running on http://0.0.0.0:8100 (Press CTRL+C to quit)
2026-05-27 10:02:17  INFO     uvicorn.error  Uvicorn running on http://0.0.0.0:8100 (Press CTRL+C to quit)
2026-05-27 10:02:24  INFO     uvicorn.access  127.0.0.1:56852 - "HEAD / HTTP/1.1" 405
2026-05-27 10:02:24  INFO     uvicorn.access  127.0.0.1:56852 - "HEAD / HTTP/1.1" 405
2026-05-27 10:03:31  INFO     uvicorn.access  127.0.0.1:50334 - "GET / HTTP/1.1" 200
2026-05-27 10:03:31  INFO     uvicorn.access  127.0.0.1:50334 - "GET / HTTP/1.1" 200
2026-05-27 10:04:22  INFO     uvicorn.access  172.70.208.24:10276 - "GET /play HTTP/1.1" 200
2026-05-27 10:04:22  INFO     uvicorn.access  172.70.208.24:10276 - "GET /play HTTP/1.1" 200
2026-05-27 10:04:23  INFO     uvicorn.access  172.70.208.24:10278 - "GET /play HTTP/1.1" 200
2026-05-27 10:04:23  INFO     uvicorn.access  172.70.208.24:10278 - "GET /play HTTP/1.1" 200
2026-05-27 10:04:23  INFO     uvicorn.access  172.71.124.209:12119 - "GET /static/css/play.css?v=1779876137 HTTP/1.1" 200
2026-05-27 10:04:23  INFO     uvicorn.access  172.71.124.209:12119 - "GET /static/css/play.css?v=1779876137 HTTP/1.1" 200
2026-05-27 10:04:23  INFO     uvicorn.access  172.68.164.131:12258 - "GET /static/css/common.css HTTP/1.1" 200
2026-05-27 10:04:23  INFO     uvicorn.access  172.68.164.131:12258 - "GET /static/css/common.css HTTP/1.1" 200
2026-05-27 10:04:23  INFO     uvicorn.access  162.158.88.161:12728 - "GET /static/js/common.js HTTP/1.1" 200
2026-05-27 10:04:23  INFO     uvicorn.access  162.158.88.161:12728 - "GET /static/js/common.js HTTP/1.1" 200
2026-05-27 10:04:23  INFO     uvicorn.access  172.69.176.80:9594 - "GET /static/js/play.js?v=1779876137 HTTP/1.1" 200
2026-05-27 10:04:23  INFO     uvicorn.access  172.69.176.80:9594 - "GET /static/js/play.js?v=1779876137 HTTP/1.1" 200
2026-05-27 10:04:24  INFO     uvicorn.access  172.70.208.24:10278 - "GET /api/announcement?page=play HTTP/1.1" 200
2026-05-27 10:04:24  INFO     uvicorn.access  172.70.208.24:10278 - "GET /api/announcement?page=play HTTP/1.1" 200
2026-05-27 10:04:24  INFO     uvicorn.access  172.70.208.24:10278 - "GET /api/history/usage HTTP/1.1" 200
2026-05-27 10:04:24  INFO     uvicorn.access  172.70.208.24:10278 - "GET /api/history/usage HTTP/1.1" 200
2026-05-27 10:04:24  INFO     uvicorn.access  172.70.208.24:10278 - "GET /api/history/list HTTP/1.1" 200
2026-05-27 10:04:24  INFO     uvicorn.access  172.70.208.24:10278 - "GET /api/history/list HTTP/1.1" 200
2026-05-27 10:04:31  INFO     uvicorn.access  172.71.124.240:12107 - "GET /api/history/image/qianqianye/1779873443023_9826_0.png?token=eyJpZCI6IDAsICJ1c2VybmFtZSI6ICJxaWFucWlhbnllIiwgInJvbGUiOiAwLCAiaXNfYWRtaW4iOiBmYWxzZSwgImV4cCI6IDE3Nzk5NzU3NTJ9.fc4c630c04baa9e126175c04269387f0 HTTP/1.1" 404
2026-05-27 10:04:31  INFO     uvicorn.access  172.71.124.240:12107 - "GET /api/history/image/qianqianye/1779873443023_9826_0.png?token=eyJpZCI6IDAsICJ1c2VybmFtZSI6ICJxaWFucWlhbnllIiwgInJvbGUiOiAwLCAiaXNfYWRtaW4iOiBmYWxzZSwgImV4cCI6IDE3Nzk5NzU3NTJ9.fc4c630c04baa9e126175c04269387f0 HTTP/1.1" 404
2026-05-27 10:04:31  INFO     uvicorn.access  172.70.208.34:13643 - "GET /api/history/image/qianqianye/1779872152141_8309_0.png?token=eyJpZCI6IDAsICJ1c2VybmFtZSI6ICJxaWFucWlhbnllIiwgInJvbGUiOiAwLCAiaXNfYWRtaW4iOiBmYWxzZSwgImV4cCI6IDE3Nzk5NzU3NTJ9.fc4c630c04baa9e126175c04269387f0 HTTP/1.1" 404
2026-05-27 10:04:31  INFO     uvicorn.access  172.70.208.34:13643 - "GET /api/history/image/qianqianye/1779872152141_8309_0.png?token=eyJpZCI6IDAsICJ1c2VybmFtZSI6ICJxaWFucWlhbnllIiwgInJvbGUiOiAwLCAiaXNfYWRtaW4iOiBmYWxzZSwgImV4cCI6IDE3Nzk5NzU3NTJ9.fc4c630c04baa9e126175c04269387f0 HTTP/1.1" 404
2026-05-27 10:04:31  INFO     uvicorn.access  104.23.175.171:11704 - "GET /api/history/image/qianqianye/1779876048817_5589_0.png?token=eyJpZCI6IDAsICJ1c2VybmFtZSI6ICJxaWFucWlhbnllIiwgInJvbGUiOiAwLCAiaXNfYWRtaW4iOiBmYWxzZSwgImV4cCI6IDE3Nzk5NzU3NTJ9.fc4c630c04baa9e126175c04269387f0 HTTP/1.1" 404
2026-05-27 10:04:31  INFO     uvicorn.access  104.23.175.171:11704 - "GET /api/history/image/qianqianye/1779876048817_5589_0.png?token=eyJpZCI6IDAsICJ1c2VybmFtZSI6ICJxaWFucWlhbnllIiwgInJvbGUiOiAwLCAiaXNfYWRtaW4iOiBmYWxzZSwgImV4cCI6IDE3Nzk5NzU3NTJ9.fc4c630c04baa9e126175c04269387f0 HTTP/1.1" 404
2026-05-27 10:04:31  INFO     uvicorn.access  104.23.175.169:13355 - "GET /api/history/image/qianqianye/1779875061719_3011_0.png?token=eyJpZCI6IDAsICJ1c2VybmFtZSI6ICJxaWFucWlhbnllIiwgInJvbGUiOiAwLCAiaXNfYWRtaW4iOiBmYWxzZSwgImV4cCI6IDE3Nzk5NzU3NTJ9.fc4c630c04baa9e126175c04269387f0 HTTP/1.1" 404
2026-05-27 10:04:31  INFO     uvicorn.access  104.23.175.169:13355 - "GET /api/history/image/qianqianye/1779875061719_3011_0.png?token=eyJpZCI6IDAsICJ1c2VybmFtZSI6ICJxaWFucWlhbnllIiwgInJvbGUiOiAwLCAiaXNfYWRtaW4iOiBmYWxzZSwgImV4cCI6IDE3Nzk5NzU3NTJ9.fc4c630c04baa9e126175c04269387f0 HTTP/1.1" 404
2026-05-27 10:04:31  INFO     uvicorn.access  104.23.175.97:11670 - "GET /api/history/image/qianqianye/1779873914353_6854_0.png?token=eyJpZCI6IDAsICJ1c2VybmFtZSI6ICJxaWFucWlhbnllIiwgInJvbGUiOiAwLCAiaXNfYWRtaW4iOiBmYWxzZSwgImV4cCI6IDE3Nzk5NzU3NTJ9.fc4c630c04baa9e126175c04269387f0 HTTP/1.1" 404
2026-05-27 10:04:31  INFO     uvicorn.access  104.23.175.97:11670 - "GET /api/history/image/qianqianye/1779873914353_6854_0.png?token=eyJpZCI6IDAsICJ1c2VybmFtZSI6ICJxaWFucWlhbnllIiwgInJvbGUiOiAwLCAiaXNfYWRtaW4iOiBmYWxzZSwgImV4cCI6IDE3Nzk5NzU3NTJ9.fc4c630c04baa9e126175c04269387f0 HTTP/1.1" 404
2026-05-27 10:04:31  INFO     uvicorn.access  172.68.242.98:11359 - "GET /api/history/image/qianqianye/1779875539633_6088_0.png?token=eyJpZCI6IDAsICJ1c2VybmFtZSI6ICJxaWFucWlhbnllIiwgInJvbGUiOiAwLCAiaXNfYWRtaW4iOiBmYWxzZSwgImV4cCI6IDE3Nzk5NzU3NTJ9.fc4c630c04baa9e126175c04269387f0 HTTP/1.1" 404
2026-05-27 10:04:31  INFO     uvicorn.access  172.68.242.98:11359 - "GET /api/history/image/qianqianye/1779875539633_6088_0.png?token=eyJpZCI6IDAsICJ1c2VybmFtZSI6ICJxaWFucWlhbnllIiwgInJvbGUiOiAwLCAiaXNfYWRtaW4iOiBmYWxzZSwgImV4cCI6IDE3Nzk5NzU3NTJ9.fc4c630c04baa9e126175c04269387f0 HTTP/1.1" 404
2026-05-27 10:04:31  INFO     uvicorn.access  162.158.108.69:10305 - "GET /api/history/image/qianqianye/1779871805808_8136_0.png?token=eyJpZCI6IDAsICJ1c2VybmFtZSI6ICJxaWFucWlhbnllIiwgInJvbGUiOiAwLCAiaXNfYWRtaW4iOiBmYWxzZSwgImV4cCI6IDE3Nzk5NzU3NTJ9.fc4c630c04baa9e126175c04269387f0 HTTP/1.1" 404
2026-05-27 10:04:31  INFO     uvicorn.access  162.158.108.69:10305 - "GET /api/history/image/qianqianye/1779871805808_8136_0.png?token=eyJpZCI6IDAsICJ1c2VybmFtZSI6ICJxaWFucWlhbnllIiwgInJvbGUiOiAwLCAiaXNfYWRtaW4iOiBmYWxzZSwgImV4cCI6IDE3Nzk5NzU3NTJ9.fc4c630c04baa9e126175c04269387f0 HTTP/1.1" 404
2026-05-27 10:04:31  INFO     uvicorn.access  172.68.164.143:13562 - "GET /api/history/image/qianqianye/1779875308124_7605_0.png?token=eyJpZCI6IDAsICJ1c2VybmFtZSI6ICJxaWFucWlhbnllIiwgInJvbGUiOiAwLCAiaXNfYWRtaW4iOiBmYWxzZSwgImV4cCI6IDE3Nzk5NzU3NTJ9.fc4c630c04baa9e126175c04269387f0 HTTP/1.1" 404
2026-05-27 10:04:31  INFO     uvicorn.access  172.68.164.143:13562 - "GET /api/history/image/qianqianye/1779875308124_7605_0.png?token=eyJpZCI6IDAsICJ1c2VybmFtZSI6ICJxaWFucWlhbnllIiwgInJvbGUiOiAwLCAiaXNfYWRtaW4iOiBmYWxzZSwgImV4cCI6IDE3Nzk5NzU3NTJ9.fc4c630c04baa9e126175c04269387f0 HTTP/1.1" 404
2026-05-27 10:04:31  INFO     uvicorn.access  172.69.176.134:13993 - "GET /api/history/image/qianqianye/1779874125522_9418_0.png?token=eyJpZCI6IDAsICJ1c2VybmFtZSI6ICJxaWFucWlhbnllIiwgInJvbGUiOiAwLCAiaXNfYWRtaW4iOiBmYWxzZSwgImV4cCI6IDE3Nzk5NzU3NTJ9.fc4c630c04baa9e126175c04269387f0 HTTP/1.1" 404
2026-05-27 10:04:31  INFO     uvicorn.access  172.69.176.134:13993 - "GET /api/history/image/qianqianye/1779874125522_9418_0.png?token=eyJpZCI6IDAsICJ1c2VybmFtZSI6ICJxaWFucWlhbnllIiwgInJvbGUiOiAwLCAiaXNfYWRtaW4iOiBmYWxzZSwgImV4cCI6IDE3Nzk5NzU3NTJ9.fc4c630c04baa9e126175c04269387f0 HTTP/1.1" 404
2026-05-27 10:04:31  INFO     uvicorn.access  172.71.152.52:10958 - "GET /api/history/image/qianqianye/1779871319036_8735_0.png?token=eyJpZCI6IDAsICJ1c2VybmFtZSI6ICJxaWFucWlhbnllIiwgInJvbGUiOiAwLCAiaXNfYWRtaW4iOiBmYWxzZSwgImV4cCI6IDE3Nzk5NzU3NTJ9.fc4c630c04baa9e126175c04269387f0 HTTP/1.1" 404
2026-05-27 10:04:31  INFO     uvicorn.access  172.71.152.52:10958 - "GET /api/history/image/qianqianye/1779871319036_8735_0.png?token=eyJpZCI6IDAsICJ1c2VybmFtZSI6ICJxaWFucWlhbnllIiwgInJvbGUiOiAwLCAiaXNfYWRtaW4iOiBmYWxzZSwgImV4cCI6IDE3Nzk5NzU3NTJ9.fc4c630c04baa9e126175c04269387f0 HTTP/1.1" 404
2026-05-27 10:04:31  INFO     uvicorn.access  108.162.226.22:9397 - "GET /api/history/image/qianqianye/1779875831599_7762_0.png?token=eyJpZCI6IDAsICJ1c2VybmFtZSI6ICJxaWFucWlhbnllIiwgInJvbGUiOiAwLCAiaXNfYWRtaW4iOiBmYWxzZSwgImV4cCI6IDE3Nzk5NzU3NTJ9.fc4c630c04baa9e126175c04269387f0 HTTP/1.1" 404
2026-05-27 10:04:31  INFO     uvicorn.access  108.162.226.22:9397 - "GET /api/history/image/qianqianye/1779875831599_7762_0.png?token=eyJpZCI6IDAsICJ1c2VybmFtZSI6ICJxaWFucWlhbnllIiwgInJvbGUiOiAwLCAiaXNfYWRtaW4iOiBmYWxzZSwgImV4cCI6IDE3Nzk5NzU3NTJ9.fc4c630c04baa9e126175c04269387f0 HTTP/1.1" 404
2026-05-27 10:04:31  INFO     uvicorn.access  172.71.124.36:12000 - "GET /api/history/image/qianqianye/1779870680910_4456_0.png?token=eyJpZCI6IDAsICJ1c2VybmFtZSI6ICJxaWFucWlhbnllIiwgInJvbGUiOiAwLCAiaXNfYWRtaW4iOiBmYWxzZSwgImV4cCI6IDE3Nzk5NzU3NTJ9.fc4c630c04baa9e126175c04269387f0 HTTP/1.1" 404
2026-05-27 10:04:31  INFO     uvicorn.access  172.71.124.36:12000 - "GET /api/history/image/qianqianye/1779870680910_4456_0.png?token=eyJpZCI6IDAsICJ1c2VybmFtZSI6ICJxaWFucWlhbnllIiwgInJvbGUiOiAwLCAiaXNfYWRtaW4iOiBmYWxzZSwgImV4cCI6IDE3Nzk5NzU3NTJ9.fc4c630c04baa9e126175c04269387f0 HTTP/1.1" 404
2026-05-27 10:04:35  INFO     uvicorn.access  172.70.208.24:12261 - "DELETE /api/history/clear HTTP/1.1" 200
2026-05-27 10:04:35  INFO     uvicorn.access  172.70.208.24:12261 - "DELETE /api/history/clear HTTP/1.1" 200
2026-05-27 10:04:35  INFO     uvicorn.access  172.70.208.24:12261 - "GET /api/history/usage HTTP/1.1" 200
2026-05-27 10:04:35  INFO     uvicorn.access  172.70.208.24:12261 - "GET /api/history/usage HTTP/1.1" 200
2026-05-27 10:04:39  INFO     uvicorn.access  172.70.208.24:12261 - "GET /api/proxy/v1/models HTTP/1.1" 200
2026-05-27 10:04:39  INFO     uvicorn.access  172.70.208.24:12261 - "GET /api/proxy/v1/models HTTP/1.1" 200
2026-05-27 10:04:57  INFO     uvicorn.access  172.70.208.25:9325 - "GET /gallery HTTP/1.1" 200
2026-05-27 10:04:57  INFO     uvicorn.access  172.70.208.25:9325 - "GET /gallery HTTP/1.1" 200
2026-05-27 10:04:58  INFO     uvicorn.access  172.68.164.39:13536 - "GET /static/css/gallery.css?v=1779876137 HTTP/1.1" 200
2026-05-27 10:04:58  INFO     uvicorn.access  172.68.164.39:13536 - "GET /static/css/gallery.css?v=1779876137 HTTP/1.1" 200
2026-05-27 10:04:58  INFO     uvicorn.access  172.70.93.107:13208 - "GET /static/js/gallery.js?v=1779876137 HTTP/1.1" 200
2026-05-27 10:04:58  INFO     uvicorn.access  172.70.93.107:13208 - "GET /static/js/gallery.js?v=1779876137 HTTP/1.1" 200
2026-05-27 10:04:58  INFO     uvicorn.access  172.70.208.25:9325 - "GET /api/announcement?page=gallery HTTP/1.1" 200
2026-05-27 10:04:58  INFO     uvicorn.access  172.70.208.25:9325 - "GET /api/announcement?page=gallery HTTP/1.1" 200
2026-05-27 10:04:59  INFO     uvicorn.access  172.70.208.24:11655 - "POST /auth/verify HTTP/1.1" 200
2026-05-27 10:04:59  INFO     uvicorn.access  172.70.208.24:11655 - "POST /auth/verify HTTP/1.1" 200
2026-05-27 10:04:59  INFO     uvicorn.access  172.70.208.25:9325 - "GET /api/gallery/liked?fingerprint=469ac5c5 HTTP/1.1" 200
2026-05-27 10:04:59  INFO     uvicorn.access  172.70.208.25:9325 - "GET /api/gallery/liked?fingerprint=469ac5c5 HTTP/1.1" 200
2026-05-27 10:04:59  INFO     uvicorn.access  172.70.208.24:11655 - "GET /api/gallery/images?page=1&sort=likes HTTP/1.1" 200
2026-05-27 10:04:59  INFO     uvicorn.access  172.70.208.24:11655 - "GET /api/gallery/images?page=1&sort=likes HTTP/1.1" 200
2026-05-27 10:05:00  INFO     uvicorn.access  172.68.164.91:13723 - "GET /api/gallery/avatar/IMG_8559.png HTTP/1.1" 200
2026-05-27 10:05:00  INFO     uvicorn.access  172.68.164.91:13723 - "GET /api/gallery/avatar/IMG_8559.png HTTP/1.1" 200
2026-05-27 10:05:00  INFO     uvicorn.access  104.22.66.17:10992 - "GET /api/gallery/file/4146c931c3244121ae6704675aad583b.png HTTP/1.1" 200
2026-05-27 10:05:00  INFO     uvicorn.access  104.22.66.17:10992 - "GET /api/gallery/file/4146c931c3244121ae6704675aad583b.png HTTP/1.1" 200
2026-05-27 10:05:00  INFO     uvicorn.access  172.71.82.96:11894 - "GET /api/gallery/avatar/IMG_8531.png HTTP/1.1" 200
2026-05-27 10:05:00  INFO     uvicorn.access  172.71.82.96:11894 - "GET /api/gallery/avatar/IMG_8531.png HTTP/1.1" 200
2026-05-27 10:05:00  INFO     uvicorn.access  172.69.176.2:13842 - "GET /api/gallery/file/3afbc016ab104c9eb569ca1c3d813b39.png HTTP/1.1" 200
2026-05-27 10:05:00  INFO     uvicorn.access  172.69.176.2:13842 - "GET /api/gallery/file/3afbc016ab104c9eb569ca1c3d813b39.png HTTP/1.1" 200
2026-05-27 10:05:00  INFO     uvicorn.access  172.68.164.159:12754 - "GET /api/gallery/file/504cff89cfa0457a983588b56e14224d.png HTTP/1.1" 200
2026-05-27 10:05:00  INFO     uvicorn.access  172.68.164.159:12754 - "GET /api/gallery/file/504cff89cfa0457a983588b56e14224d.png HTTP/1.1" 200
2026-05-27 10:05:00  INFO     uvicorn.access  172.69.176.62:13624 - "GET /api/gallery/file/039985f90d01467c8aa2f27d4b719282.png HTTP/1.1" 200
2026-05-27 10:05:00  INFO     uvicorn.access  172.69.176.62:13624 - "GET /api/gallery/file/039985f90d01467c8aa2f27d4b719282.png HTTP/1.1" 200
2026-05-27 10:05:00  INFO     uvicorn.access  162.158.88.136:10665 - "GET /api/gallery/avatar/IMG_8578.png HTTP/1.1" 200
2026-05-27 10:05:00  INFO     uvicorn.access  162.158.88.136:10665 - "GET /api/gallery/avatar/IMG_8578.png HTTP/1.1" 200
2026-05-27 10:05:00  INFO     uvicorn.access  172.71.152.36:10979 - "GET /api/gallery/file/03ebfe77ba784cd4967369a9bf682555.png HTTP/1.1" 200
2026-05-27 10:05:00  INFO     uvicorn.access  172.71.152.36:10979 - "GET /api/gallery/file/03ebfe77ba784cd4967369a9bf682555.png HTTP/1.1" 200
2026-05-27 10:05:00  INFO     uvicorn.access  162.158.108.123:11390 - "GET /api/gallery/file/bf8659bfd921477e9b19db3dc33fb5b1.png HTTP/1.1" 200
2026-05-27 10:05:00  INFO     uvicorn.access  162.158.108.123:11390 - "GET /api/gallery/file/bf8659bfd921477e9b19db3dc33fb5b1.png HTTP/1.1" 200
2026-05-27 10:05:01  INFO     uvicorn.access  172.71.124.217:12107 - "GET /api/gallery/file/5288082c3c2f480ba32bf60a2b7a0a8d.png HTTP/1.1" 200
2026-05-27 10:05:01  INFO     uvicorn.access  172.71.124.217:12107 - "GET /api/gallery/file/5288082c3c2f480ba32bf60a2b7a0a8d.png HTTP/1.1" 200
2026-05-27 10:05:13  INFO     uvicorn.access  172.70.208.24:12852 - "GET /api/proxy/v1/models HTTP/1.1" 401
2026-05-27 10:05:13  INFO     uvicorn.access  172.70.208.24:12852 - "GET /api/proxy/v1/models HTTP/1.1" 401
2026-05-27 10:05:15  INFO     uvicorn.access  172.70.208.24:12852 - "GET /api/proxy/v1/models HTTP/1.1" 401
2026-05-27 10:05:15  INFO     uvicorn.access  172.70.208.24:12852 - "GET /api/proxy/v1/models HTTP/1.1" 401
2026-05-27 10:06:36  INFO     uvicorn.access  162.159.113.107:11447 - "GET /play HTTP/1.1" 200
2026-05-27 10:06:36  INFO     uvicorn.access  162.159.113.107:11447 - "GET /play HTTP/1.1" 200
2026-05-27 10:06:37  INFO     uvicorn.access  104.23.168.57:13299 - "GET /play HTTP/1.1" 200
2026-05-27 10:06:37  INFO     uvicorn.access  104.23.168.57:13299 - "GET /play HTTP/1.1" 200
2026-05-27 10:06:37  INFO     uvicorn.access  104.23.166.151:9958 - "GET /favicon.ico HTTP/1.1" 307
2026-05-27 10:06:37  INFO     uvicorn.access  104.23.166.151:9958 - "GET /favicon.ico HTTP/1.1" 307
2026-05-27 10:06:37  INFO     uvicorn.access  104.23.166.151:9958 - "HEAD /favicon.ico HTTP/1.1" 405
2026-05-27 10:06:37  INFO     uvicorn.access  104.23.166.151:9958 - "HEAD /favicon.ico HTTP/1.1" 405
2026-05-27 10:06:38  INFO     uvicorn.access  172.64.213.152:9772 - "HEAD /play HTTP/1.1" 405
2026-05-27 10:06:38  INFO     uvicorn.access  172.64.213.152:9772 - "HEAD /play HTTP/1.1" 405
2026-05-27 10:06:38  INFO     uvicorn.access  172.64.213.151:10160 - "GET /play HTTP/1.1" 200
2026-05-27 10:06:38  INFO     uvicorn.access  172.64.213.151:10160 - "GET /play HTTP/1.1" 200
2026-05-27 10:06:39  INFO     uvicorn.access  172.64.215.63:10089 - "GET /play HTTP/1.1" 200
2026-05-27 10:06:39  INFO     uvicorn.access  172.64.215.63:10089 - "GET /play HTTP/1.1" 200
2026-05-27 10:06:39  INFO     uvicorn.access  172.71.8.22:13345 - "GET /static/css/play.css?v=1779876137 HTTP/1.1" 200
2026-05-27 10:06:39  INFO     uvicorn.access  172.71.8.22:13345 - "GET /static/css/play.css?v=1779876137 HTTP/1.1" 200
2026-05-27 10:06:39  INFO     uvicorn.access  172.64.213.91:13352 - "GET /static/js/play.js?v=1779876137 HTTP/1.1" 200
2026-05-27 10:06:39  INFO     uvicorn.access  172.64.213.91:13352 - "GET /static/js/play.js?v=1779876137 HTTP/1.1" 200
2026-05-27 10:06:40  INFO     uvicorn.access  172.64.215.219:11662 - "GET /api/announcement?page=play HTTP/1.1" 200
2026-05-27 10:06:40  INFO     uvicorn.access  172.64.215.219:11662 - "GET /api/announcement?page=play HTTP/1.1" 200
2026-05-27 10:06:41  INFO     uvicorn.access  172.64.215.219:11662 - "GET /gallery HTTP/1.1" 200
2026-05-27 10:06:41  INFO     uvicorn.access  172.64.215.219:11662 - "GET /gallery HTTP/1.1" 200
2026-05-27 10:06:41  INFO     uvicorn.access  172.70.223.232:12380 - "GET /static/js/gallery.js?v=1779876137 HTTP/1.1" 200
2026-05-27 10:06:41  INFO     uvicorn.access  172.70.223.232:12380 - "GET /static/js/gallery.js?v=1779876137 HTTP/1.1" 200
2026-05-27 10:06:41  INFO     uvicorn.access  172.64.215.70:12218 - "GET /static/css/gallery.css?v=1779876137 HTTP/1.1" 200
2026-05-27 10:06:41  INFO     uvicorn.access  172.64.215.70:12218 - "GET /static/css/gallery.css?v=1779876137 HTTP/1.1" 200
2026-05-27 10:06:41  INFO     uvicorn.access  172.64.215.63:10089 - "GET /api/announcement?page=gallery HTTP/1.1" 200
2026-05-27 10:06:41  INFO     uvicorn.access  172.64.215.63:10089 - "GET /api/announcement?page=gallery HTTP/1.1" 200
2026-05-27 10:06:41  INFO     uvicorn.access  172.64.215.219:11662 - "GET /api/gallery/liked?fingerprint=45f7a8eb HTTP/1.1" 200
2026-05-27 10:06:41  INFO     uvicorn.access  172.64.215.219:11662 - "GET /api/gallery/liked?fingerprint=45f7a8eb HTTP/1.1" 200
2026-05-27 10:06:41  INFO     uvicorn.access  172.64.215.63:10089 - "GET /api/gallery/images?page=1&sort=likes HTTP/1.1" 200
2026-05-27 10:06:41  INFO     uvicorn.access  172.64.215.63:10089 - "GET /api/gallery/images?page=1&sort=likes HTTP/1.1" 200
2026-05-27 10:06:42  INFO     uvicorn.access  172.71.8.108:12224 - "GET /api/gallery/avatar/IMG_8531.png HTTP/1.1" 200
2026-05-27 10:06:42  INFO     uvicorn.access  172.71.8.108:12224 - "GET /api/gallery/avatar/IMG_8531.png HTTP/1.1" 200
2026-05-27 10:06:42  INFO     uvicorn.access  172.71.212.10:10243 - "GET /api/gallery/avatar/IMG_8559.png HTTP/1.1" 200
2026-05-27 10:06:42  INFO     uvicorn.access  172.71.212.10:10243 - "GET /api/gallery/avatar/IMG_8559.png HTTP/1.1" 200
2026-05-27 10:06:42  INFO     uvicorn.access  162.159.108.152:10894 - "GET /api/gallery/avatar/IMG_8578.png HTTP/1.1" 200
2026-05-27 10:06:42  INFO     uvicorn.access  162.159.108.152:10894 - "GET /api/gallery/avatar/IMG_8578.png HTTP/1.1" 200
2026-05-27 10:06:42  INFO     uvicorn.access  172.70.223.224:9648 - "GET /api/gallery/file/bf8659bfd921477e9b19db3dc33fb5b1.png HTTP/1.1" 200
2026-05-27 10:06:42  INFO     uvicorn.access  172.70.223.224:9648 - "GET /api/gallery/file/bf8659bfd921477e9b19db3dc33fb5b1.png HTTP/1.1" 200
2026-05-27 10:06:42  INFO     uvicorn.access  172.71.8.119:12882 - "GET /api/gallery/file/4146c931c3244121ae6704675aad583b.png HTTP/1.1" 200
2026-05-27 10:06:42  INFO     uvicorn.access  172.71.8.119:12882 - "GET /api/gallery/file/4146c931c3244121ae6704675aad583b.png HTTP/1.1" 200
2026-05-27 10:06:42  INFO     uvicorn.access  172.64.213.82:13092 - "GET /api/gallery/file/504cff89cfa0457a983588b56e14224d.png HTTP/1.1" 200
2026-05-27 10:06:42  INFO     uvicorn.access  172.64.213.82:13092 - "GET /api/gallery/file/504cff89cfa0457a983588b56e14224d.png HTTP/1.1" 200
2026-05-27 10:06:42  INFO     uvicorn.access  172.64.213.87:12380 - "GET /api/gallery/file/039985f90d01467c8aa2f27d4b719282.png HTTP/1.1" 200
2026-05-27 10:06:42  INFO     uvicorn.access  172.64.213.87:12380 - "GET /api/gallery/file/039985f90d01467c8aa2f27d4b719282.png HTTP/1.1" 200
2026-05-27 10:06:42  INFO     uvicorn.access  172.64.215.74:10109 - "GET /api/gallery/file/3afbc016ab104c9eb569ca1c3d813b39.png HTTP/1.1" 200
2026-05-27 10:06:42  INFO     uvicorn.access  172.64.215.74:10109 - "GET /api/gallery/file/3afbc016ab104c9eb569ca1c3d813b39.png HTTP/1.1" 200
2026-05-27 10:06:42  INFO     uvicorn.access  162.159.108.70:11343 - "GET /api/gallery/file/5288082c3c2f480ba32bf60a2b7a0a8d.png HTTP/1.1" 200
2026-05-27 10:06:42  INFO     uvicorn.access  162.159.108.70:11343 - "GET /api/gallery/file/5288082c3c2f480ba32bf60a2b7a0a8d.png HTTP/1.1" 200
2026-05-27 10:06:42  INFO     uvicorn.access  172.68.118.235:11654 - "GET /api/gallery/file/03ebfe77ba784cd4967369a9bf682555.png HTTP/1.1" 200
2026-05-27 10:06:42  INFO     uvicorn.access  172.68.118.235:11654 - "GET /api/gallery/file/03ebfe77ba784cd4967369a9bf682555.png HTTP/1.1" 200
2026-05-27 10:06:44  INFO     uvicorn.access  104.23.172.34:12788 - "GET /play HTTP/1.1" 200
2026-05-27 10:06:44  INFO     uvicorn.access  104.23.172.34:12788 - "GET /play HTTP/1.1" 200
2026-05-27 10:06:44  INFO     uvicorn.access  172.64.215.63:10089 - "GET /docs HTTP/1.1" 200
2026-05-27 10:06:44  INFO     uvicorn.access  172.64.215.63:10089 - "GET /docs HTTP/1.1" 200
2026-05-27 10:06:44  INFO     uvicorn.access  162.159.113.65:10306 - "GET /static/css/common.css HTTP/1.1" 200
2026-05-27 10:06:44  INFO     uvicorn.access  162.159.113.65:10306 - "GET /static/css/common.css HTTP/1.1" 200
2026-05-27 10:06:44  INFO     uvicorn.access  162.159.113.12:11092 - "GET /static/css/play.css?v=1779876137 HTTP/1.1" 200
2026-05-27 10:06:44  INFO     uvicorn.access  162.159.113.12:11092 - "GET /static/css/play.css?v=1779876137 HTTP/1.1" 200
2026-05-27 10:06:44  INFO     uvicorn.access  172.71.95.117:13861 - "GET /static/js/common.js HTTP/1.1" 200
2026-05-27 10:06:44  INFO     uvicorn.access  172.71.95.117:13861 - "GET /static/js/common.js HTTP/1.1" 200
2026-05-27 10:06:44  INFO     uvicorn.access  162.159.113.106:9648 - "GET /play HTTP/1.1" 200
2026-05-27 10:06:44  INFO     uvicorn.access  162.159.113.106:9648 - "GET /play HTTP/1.1" 200
2026-05-27 10:06:44  INFO     uvicorn.access  104.23.168.48:13630 - "GET /static/js/play.js?v=1779876137 HTTP/1.1" 200
2026-05-27 10:06:44  INFO     uvicorn.access  104.23.168.48:13630 - "GET /static/js/play.js?v=1779876137 HTTP/1.1" 200
2026-05-27 10:06:44  INFO     uvicorn.access  162.159.110.55:12225 - "GET /static/css/docs.css?v=1779876137 HTTP/1.1" 200
2026-05-27 10:06:44  INFO     uvicorn.access  162.159.110.55:12225 - "GET /static/css/docs.css?v=1779876137 HTTP/1.1" 200
2026-05-27 10:06:45  INFO     uvicorn.access  172.64.215.63:10089 - "GET /api/announcement?page=docs HTTP/1.1" 200
2026-05-27 10:06:45  INFO     uvicorn.access  172.64.215.63:10089 - "GET /api/announcement?page=docs HTTP/1.1" 200
2026-05-27 10:06:46  INFO     uvicorn.access  172.71.95.26:13359 - "GET /api/announcement?page=play HTTP/1.1" 200
2026-05-27 10:06:46  INFO     uvicorn.access  172.71.95.26:13359 - "GET /api/announcement?page=play HTTP/1.1" 200
2026-05-27 10:06:46  INFO     uvicorn.access  162.159.113.106:9648 - "GET /api/announcement?page=play HTTP/1.1" 200
2026-05-27 10:06:46  INFO     uvicorn.access  162.159.113.106:9648 - "GET /api/announcement?page=play HTTP/1.1" 200
2026-05-27 10:06:46  INFO     uvicorn.access  172.71.95.26:13353 - "GET /api/history/usage HTTP/1.1" 200
2026-05-27 10:06:46  INFO     uvicorn.access  172.71.95.26:13353 - "GET /api/history/usage HTTP/1.1" 200
2026-05-27 10:06:47  INFO     uvicorn.access  172.71.95.26:13359 - "GET /api/history/list HTTP/1.1" 200
2026-05-27 10:06:47  INFO     uvicorn.access  172.71.95.26:13359 - "GET /api/history/list HTTP/1.1" 200
2026-05-27 10:06:48  INFO     uvicorn.access  162.159.113.106:9648 - "GET /play HTTP/1.1" 200
2026-05-27 10:06:48  INFO     uvicorn.access  162.159.113.106:9648 - "GET /play HTTP/1.1" 200
2026-05-27 10:06:50  INFO     uvicorn.access  162.159.113.106:9648 - "GET /api/announcement?page=play HTTP/1.1" 200
2026-05-27 10:06:50  INFO     uvicorn.access  162.159.113.106:9648 - "GET /api/announcement?page=play HTTP/1.1" 200
2026-05-27 10:06:50  INFO     uvicorn.access  162.159.113.106:9648 - "GET /api/history/usage HTTP/1.1" 200
2026-05-27 10:06:50  INFO     uvicorn.access  162.159.113.106:9648 - "GET /api/history/usage HTTP/1.1" 200
2026-05-27 10:06:50  INFO     uvicorn.access  162.159.113.106:9656 - "GET /api/history/list HTTP/1.1" 200
2026-05-27 10:06:50  INFO     uvicorn.access  162.159.113.106:9656 - "GET /api/history/list HTTP/1.1" 200
2026-05-27 10:07:00  INFO     uvicorn.access  162.158.91.67:12607 - "GET /play HTTP/1.1" 200
2026-05-27 10:07:00  INFO     uvicorn.access  162.158.91.67:12607 - "GET /play HTTP/1.1" 200
2026-05-27 10:07:00  INFO     uvicorn.access  172.70.215.21:10510 - "GET /static/css/play.css?v=1779876137 HTTP/1.1" 200
2026-05-27 10:07:00  INFO     uvicorn.access  172.70.215.21:10510 - "GET /static/css/play.css?v=1779876137 HTTP/1.1" 200
2026-05-27 10:07:00  INFO     uvicorn.access  172.69.33.64:10671 - "GET /static/js/play.js?v=1779876137 HTTP/1.1" 200
2026-05-27 10:07:00  INFO     uvicorn.access  172.69.33.64:10671 - "GET /static/js/play.js?v=1779876137 HTTP/1.1" 200
2026-05-27 10:07:00  INFO     uvicorn.access  162.158.91.116:13747 - "GET /static/css/common.css HTTP/1.1" 200
2026-05-27 10:07:00  INFO     uvicorn.access  162.158.91.116:13747 - "GET /static/css/common.css HTTP/1.1" 200
2026-05-27 10:07:00  INFO     uvicorn.access  172.64.217.136:11373 - "GET /static/js/common.js HTTP/1.1" 200
2026-05-27 10:07:00  INFO     uvicorn.access  172.64.217.136:11373 - "GET /static/js/common.js HTTP/1.1" 200
2026-05-27 10:07:01  INFO     uvicorn.access  162.158.91.67:12607 - "GET /api/announcement?page=play HTTP/1.1" 200
2026-05-27 10:07:01  INFO     uvicorn.access  162.158.91.67:12607 - "GET /api/announcement?page=play HTTP/1.1" 200
2026-05-27 10:07:01  INFO     uvicorn.access  162.158.91.67:12607 - "GET /api/history/usage HTTP/1.1" 200
2026-05-27 10:07:01  INFO     uvicorn.access  162.158.91.67:12607 - "GET /api/history/usage HTTP/1.1" 200
2026-05-27 10:07:01  INFO     uvicorn.access  162.158.91.67:12614 - "GET /api/history/list HTTP/1.1" 200
2026-05-27 10:07:01  INFO     uvicorn.access  162.158.91.67:12614 - "GET /api/history/list HTTP/1.1" 200
2026-05-27 10:07:10  INFO     uvicorn.access  162.158.91.68:11015 - "GET /api/proxy/v1/models HTTP/1.1" 200
2026-05-27 10:07:10  INFO     uvicorn.access  162.158.91.68:11015 - "GET /api/proxy/v1/models HTTP/1.1" 200
2026-05-27 10:07:36  INFO     uvicorn.access  172.70.208.24:10769 - "GET /play HTTP/1.1" 200
2026-05-27 10:07:36  INFO     uvicorn.access  172.70.208.24:10769 - "GET /play HTTP/1.1" 200
2026-05-27 10:07:36  INFO     uvicorn.access  172.70.208.24:10769 - "GET /api/announcement?page=play HTTP/1.1" 200
2026-05-27 10:07:36  INFO     uvicorn.access  172.70.208.24:10769 - "GET /api/announcement?page=play HTTP/1.1" 200
2026-05-27 10:07:37  INFO     uvicorn.access  172.70.208.25:10143 - "GET /api/history/usage HTTP/1.1" 200
2026-05-27 10:07:37  INFO     uvicorn.access  172.70.208.25:10143 - "GET /api/history/usage HTTP/1.1" 200
2026-05-27 10:07:37  INFO     uvicorn.access  172.70.208.25:10145 - "GET /api/history/list HTTP/1.1" 200
2026-05-27 10:07:37  INFO     uvicorn.access  172.70.208.25:10145 - "GET /api/history/list HTTP/1.1" 200
2026-05-27 10:07:40  INFO     uvicorn.access  172.70.208.24:10769 - "GET /api/proxy/v1/models HTTP/1.1" 200
2026-05-27 10:07:40  INFO     uvicorn.access  172.70.208.24:10769 - "GET /api/proxy/v1/models HTTP/1.1" 200
2026-05-27 10:09:19  WARNING  app.routers.api_proxy  代理上游返回 HTML 错误 [524] https://newapi-cf.qianqianye.com/v1/images/generations: <!DOCTYPE html>
<!--[if lt IE 7]> <html class="no-js ie6 oldie" lang="en-US"> <![endif]-->
<!--[if I
2026-05-27 10:09:19  WARNING  app.routers.api_proxy  代理上游返回 HTML 错误 [524] https://newapi-cf.qianqianye.com/v1/images/generations: <!DOCTYPE html>
<!--[if lt IE 7]> <html class="no-js ie6 oldie" lang="en-US"> <![endif]-->
<!--[if I
2026-05-27 10:09:51  INFO     uvicorn.access  162.159.113.106:12190 - "GET /play HTTP/1.1" 200
2026-05-27 10:09:51  INFO     uvicorn.access  162.159.113.106:12190 - "GET /play HTTP/1.1" 200
2026-05-27 10:09:51  INFO     uvicorn.access  162.159.113.106:12190 - "GET /api/announcement?page=play HTTP/1.1" 200
2026-05-27 10:09:51  INFO     uvicorn.access  162.159.113.106:12190 - "GET /api/announcement?page=play HTTP/1.1" 200
2026-05-27 10:09:55  INFO     uvicorn.access  172.70.208.24:11412 - "POST /api/proxy/v1/images/generations HTTP/1.1" 200
2026-05-27 10:09:55  INFO     uvicorn.access  172.70.208.24:11412 - "POST /api/proxy/v1/images/generations HTTP/1.1" 200
2026-05-27 10:10:20  INFO     uvicorn.access  162.159.113.107:14079 - "POST /auth/login HTTP/1.1" 200
2026-05-27 10:10:20  INFO     uvicorn.access  162.159.113.107:14079 - "POST /auth/login HTTP/1.1" 200
2026-05-27 10:10:21  INFO     uvicorn.access  162.159.113.107:14079 - "GET /api/history/usage HTTP/1.1" 200
2026-05-27 10:10:21  INFO     uvicorn.access  162.159.113.107:14079 - "GET /api/history/usage HTTP/1.1" 200
2026-05-27 10:10:21  INFO     uvicorn.access  162.159.113.106:12127 - "GET /api/history/list HTTP/1.1" 200
2026-05-27 10:10:21  INFO     uvicorn.access  162.159.113.106:12127 - "GET /api/history/list HTTP/1.1" 200
2026-05-27 10:10:22  INFO     uvicorn.access  172.70.208.24:11601 - "POST /api/history/save HTTP/1.1" 200
2026-05-27 10:10:22  INFO     uvicorn.access  172.70.208.24:11601 - "POST /api/history/save HTTP/1.1" 200
2026-05-27 10:10:23  INFO     uvicorn.access  172.70.208.24:11601 - "GET /api/history/usage HTTP/1.1" 200
2026-05-27 10:10:23  INFO     uvicorn.access  172.70.208.24:11601 - "GET /api/history/usage HTTP/1.1" 200
2026-05-27 10:11:12  INFO     uvicorn.access  104.23.168.57:11854 - "GET /api/proxy/v1/models HTTP/1.1" 200
2026-05-27 10:11:12  INFO     uvicorn.access  104.23.168.57:11854 - "GET /api/proxy/v1/models HTTP/1.1" 200
2026-05-27 10:11:42  INFO     uvicorn.access  172.70.208.24:11237 - "GET /gallery HTTP/1.1" 200
2026-05-27 10:11:42  INFO     uvicorn.access  172.70.208.24:11237 - "GET /gallery HTTP/1.1" 200
2026-05-27 10:11:43  INFO     uvicorn.access  172.70.208.24:11237 - "GET /api/announcement?page=gallery HTTP/1.1" 200
2026-05-27 10:11:43  INFO     uvicorn.access  172.70.208.24:11237 - "GET /api/announcement?page=gallery HTTP/1.1" 200
2026-05-27 10:11:43  INFO     uvicorn.access  172.70.208.24:11241 - "POST /auth/verify HTTP/1.1" 200
2026-05-27 10:11:43  INFO     uvicorn.access  172.70.208.24:11241 - "POST /auth/verify HTTP/1.1" 200
2026-05-27 10:11:43  INFO     uvicorn.access  172.70.208.24:11237 - "GET /api/gallery/liked?fingerprint=469ac5c5 HTTP/1.1" 200
2026-05-27 10:11:43  INFO     uvicorn.access  172.70.208.24:11237 - "GET /api/gallery/liked?fingerprint=469ac5c5 HTTP/1.1" 200
2026-05-27 10:11:44  INFO     uvicorn.access  172.70.208.24:11241 - "GET /api/gallery/images?page=1&sort=likes HTTP/1.1" 200
2026-05-27 10:11:44  INFO     uvicorn.access  172.70.208.24:11241 - "GET /api/gallery/images?page=1&sort=likes HTTP/1.1" 200
2026-05-27 10:11:49  INFO     uvicorn.access  172.70.208.24:11241 - "POST /api/gallery/view/8 HTTP/1.1" 200
2026-05-27 10:11:49  INFO     uvicorn.access  172.70.208.24:11241 - "POST /api/gallery/view/8 HTTP/1.1" 200
2026-05-27 10:11:49  INFO     uvicorn.access  172.70.208.24:11241 - "GET /api/gallery/comments/8?sort=newest HTTP/1.1" 200
2026-05-27 10:11:49  INFO     uvicorn.access  172.70.208.24:11241 - "GET /api/gallery/comments/8?sort=newest HTTP/1.1" 200
2026-05-27 10:25:51  INFO     uvicorn.access  162.158.179.197:13520 - "GET /play HTTP/1.1" 200
2026-05-27 10:25:51  INFO     uvicorn.access  162.158.179.197:13520 - "GET /play HTTP/1.1" 200
2026-05-27 10:25:51  INFO     uvicorn.access  162.159.98.152:12786 - "GET /static/js/common.js HTTP/1.1" 200
2026-05-27 10:25:51  INFO     uvicorn.access  162.159.98.152:12786 - "GET /static/js/common.js HTTP/1.1" 200
2026-05-27 10:25:51  INFO     uvicorn.access  172.68.211.187:12263 - "GET /static/css/common.css HTTP/1.1" 200
2026-05-27 10:25:51  INFO     uvicorn.access  172.68.211.187:12263 - "GET /static/css/common.css HTTP/1.1" 200
2026-05-27 10:25:51  INFO     uvicorn.access  172.68.211.5:10112 - "GET /static/css/play.css?v=1779876137 HTTP/1.1" 200
2026-05-27 10:25:51  INFO     uvicorn.access  172.68.211.5:10112 - "GET /static/css/play.css?v=1779876137 HTTP/1.1" 200
2026-05-27 10:25:52  INFO     uvicorn.access  162.158.193.101:11785 - "GET /static/js/play.js?v=1779876137 HTTP/1.1" 200
2026-05-27 10:25:52  INFO     uvicorn.access  162.158.193.101:11785 - "GET /static/js/play.js?v=1779876137 HTTP/1.1" 200
2026-05-27 10:25:52  INFO     uvicorn.access  162.158.179.197:13520 - "GET /api/announcement?page=play HTTP/1.1" 200
2026-05-27 10:25:52  INFO     uvicorn.access  162.158.179.197:13520 - "GET /api/announcement?page=play HTTP/1.1" 200
2026-05-27 10:26:01  INFO     uvicorn.access  162.158.179.198:9691 - "GET /api/proxy/v1/models HTTP/1.1" 200
2026-05-27 10:26:01  INFO     uvicorn.access  162.158.179.198:9691 - "GET /api/proxy/v1/models HTTP/1.1" 200
2026-05-27 10:28:25  INFO     uvicorn.access  172.70.206.95:9559 - "GET / HTTP/1.1" 200
2026-05-27 10:28:25  INFO     uvicorn.access  172.70.206.95:9559 - "GET / HTTP/1.1" 200
2026-05-27 10:28:25  INFO     uvicorn.access  172.70.206.95:9559 - "GET /api/announcement?page=home HTTP/1.1" 200
2026-05-27 10:28:25  INFO     uvicorn.access  172.70.206.95:9559 - "GET /api/announcement?page=home HTTP/1.1" 200
2026-05-27 10:28:27  INFO     uvicorn.access  172.70.206.95:9559 - "GET /play HTTP/1.1" 200
2026-05-27 10:28:27  INFO     uvicorn.access  172.70.206.95:9559 - "GET /play HTTP/1.1" 200
2026-05-27 10:28:27  INFO     uvicorn.access  172.70.206.95:9559 - "GET /api/announcement?page=play HTTP/1.1" 200
2026-05-27 10:28:27  INFO     uvicorn.access  172.70.206.95:9559 - "GET /api/announcement?page=play HTTP/1.1" 200
2026-05-27 10:28:27  INFO     uvicorn.access  172.70.206.95:9564 - "GET /api/history/usage HTTP/1.1" 200
2026-05-27 10:28:27  INFO     uvicorn.access  172.70.206.95:9564 - "GET /api/history/usage HTTP/1.1" 200
2026-05-27 10:28:27  INFO     uvicorn.access  172.70.206.95:9559 - "GET /api/history/list HTTP/1.1" 200
2026-05-27 10:28:27  INFO     uvicorn.access  172.70.206.95:9559 - "GET /api/history/list HTTP/1.1" 200
2026-05-27 10:28:39  INFO     uvicorn.access  172.70.206.95:12566 - "GET /gallery HTTP/1.1" 200
2026-05-27 10:28:39  INFO     uvicorn.access  172.70.206.95:12566 - "GET /gallery HTTP/1.1" 200
2026-05-27 10:28:40  INFO     uvicorn.access  172.64.217.41:14302 - "GET /static/css/gallery.css?v=1779876137 HTTP/1.1" 200
2026-05-27 10:28:40  INFO     uvicorn.access  172.64.217.41:14302 - "GET /static/css/gallery.css?v=1779876137 HTTP/1.1" 200
2026-05-27 10:28:40  INFO     uvicorn.access  172.70.215.50:9966 - "GET /static/js/gallery.js?v=1779876137 HTTP/1.1" 200
2026-05-27 10:28:40  INFO     uvicorn.access  172.70.215.50:9966 - "GET /static/js/gallery.js?v=1779876137 HTTP/1.1" 200
2026-05-27 10:28:40  INFO     uvicorn.access  172.70.206.95:12566 - "GET /api/announcement?page=gallery HTTP/1.1" 200
2026-05-27 10:28:40  INFO     uvicorn.access  172.70.206.95:12566 - "GET /api/announcement?page=gallery HTTP/1.1" 200
2026-05-27 10:28:40  INFO     uvicorn.access  172.70.206.95:12566 - "POST /auth/verify HTTP/1.1" 200
2026-05-27 10:28:40  INFO     uvicorn.access  172.70.206.95:12566 - "POST /auth/verify HTTP/1.1" 200
2026-05-27 10:28:40  INFO     uvicorn.access  172.70.206.95:12566 - "GET /api/gallery/liked?fingerprint=3c57f162 HTTP/1.1" 200
2026-05-27 10:28:40  INFO     uvicorn.access  172.70.206.95:12566 - "GET /api/gallery/liked?fingerprint=3c57f162 HTTP/1.1" 200
2026-05-27 10:28:40  INFO     uvicorn.access  172.70.206.95:12566 - "GET /api/gallery/images?page=1&sort=likes HTTP/1.1" 200
2026-05-27 10:28:40  INFO     uvicorn.access  172.70.206.95:12566 - "GET /api/gallery/images?page=1&sort=likes HTTP/1.1" 200
2026-05-27 10:28:40  INFO     uvicorn.access  104.23.251.95:10278 - "GET /api/gallery/avatar/IMG_8578.png HTTP/1.1" 200
2026-05-27 10:28:40  INFO     uvicorn.access  104.23.251.95:10278 - "GET /api/gallery/avatar/IMG_8578.png HTTP/1.1" 200
2026-05-27 10:28:40  INFO     uvicorn.access  172.70.207.44:10524 - "GET /api/gallery/avatar/IMG_8559.png HTTP/1.1" 200
2026-05-27 10:28:40  INFO     uvicorn.access  172.70.207.44:10524 - "GET /api/gallery/avatar/IMG_8559.png HTTP/1.1" 200
2026-05-27 10:28:40  INFO     uvicorn.access  162.158.90.58:12339 - "GET /api/gallery/avatar/IMG_8531.png HTTP/1.1" 200
2026-05-27 10:28:40  INFO     uvicorn.access  162.158.90.58:12339 - "GET /api/gallery/avatar/IMG_8531.png HTTP/1.1" 200
2026-05-27 10:28:40  INFO     uvicorn.access  172.70.206.45:9277 - "GET /api/gallery/file/039985f90d01467c8aa2f27d4b719282.png HTTP/1.1" 200
2026-05-27 10:28:40  INFO     uvicorn.access  172.70.206.45:9277 - "GET /api/gallery/file/039985f90d01467c8aa2f27d4b719282.png HTTP/1.1" 200
2026-05-27 10:28:40  INFO     uvicorn.access  172.70.214.38:12101 - "GET /api/gallery/file/4146c931c3244121ae6704675aad583b.png HTTP/1.1" 200
2026-05-27 10:28:40  INFO     uvicorn.access  172.70.214.38:12101 - "GET /api/gallery/file/4146c931c3244121ae6704675aad583b.png HTTP/1.1" 200
2026-05-27 10:28:40  INFO     uvicorn.access  172.70.207.183:13902 - "GET /api/gallery/file/03ebfe77ba784cd4967369a9bf682555.png HTTP/1.1" 200
2026-05-27 10:28:40  INFO     uvicorn.access  172.70.207.183:13902 - "GET /api/gallery/file/03ebfe77ba784cd4967369a9bf682555.png HTTP/1.1" 200
2026-05-27 10:28:40  INFO     uvicorn.access  172.64.217.124:14096 - "GET /api/gallery/file/bf8659bfd921477e9b19db3dc33fb5b1.png HTTP/1.1" 200
2026-05-27 10:28:40  INFO     uvicorn.access  172.64.217.124:14096 - "GET /api/gallery/file/bf8659bfd921477e9b19db3dc33fb5b1.png HTTP/1.1" 200
2026-05-27 10:28:40  INFO     uvicorn.access  172.69.33.27:9963 - "GET /api/gallery/file/504cff89cfa0457a983588b56e14224d.png HTTP/1.1" 200
2026-05-27 10:28:40  INFO     uvicorn.access  172.69.33.27:9963 - "GET /api/gallery/file/504cff89cfa0457a983588b56e14224d.png HTTP/1.1" 200
2026-05-27 10:28:40  INFO     uvicorn.access  162.158.90.145:14228 - "GET /api/gallery/file/3afbc016ab104c9eb569ca1c3d813b39.png HTTP/1.1" 200
2026-05-27 10:28:40  INFO     uvicorn.access  162.158.90.145:14228 - "GET /api/gallery/file/3afbc016ab104c9eb569ca1c3d813b39.png HTTP/1.1" 200
2026-05-27 10:28:40  INFO     uvicorn.access  162.158.187.132:11717 - "GET /api/gallery/file/5288082c3c2f480ba32bf60a2b7a0a8d.png HTTP/1.1" 200
2026-05-27 10:28:40  INFO     uvicorn.access  162.158.187.132:11717 - "GET /api/gallery/file/5288082c3c2f480ba32bf60a2b7a0a8d.png HTTP/1.1" 200
2026-05-27 10:28:50  INFO     uvicorn.access  172.70.206.95:12880 - "GET /api/gallery/comments/6?sort=newest HTTP/1.1" 200
2026-05-27 10:28:50  INFO     uvicorn.access  172.70.206.95:12880 - "GET /api/gallery/comments/6?sort=newest HTTP/1.1" 200
2026-05-27 10:28:50  INFO     uvicorn.access  172.70.206.94:14077 - "POST /api/gallery/view/6 HTTP/1.1" 200
2026-05-27 10:28:50  INFO     uvicorn.access  172.70.206.94:14077 - "POST /api/gallery/view/6 HTTP/1.1" 200
2026-05-27 10:29:01  INFO     uvicorn.access  172.70.206.94:11061 - "GET /api/gallery/comments/4?sort=newest HTTP/1.1" 200
2026-05-27 10:29:01  INFO     uvicorn.access  172.70.206.94:11061 - "GET /api/gallery/comments/4?sort=newest HTTP/1.1" 200
2026-05-27 10:29:01  INFO     uvicorn.access  172.70.206.94:11054 - "POST /api/gallery/view/4 HTTP/1.1" 200
2026-05-27 10:29:01  INFO     uvicorn.access  172.70.206.94:11054 - "POST /api/gallery/view/4 HTTP/1.1" 200
2026-05-27 10:29:03  INFO     uvicorn.access  172.70.206.94:11054 - "GET /api/gallery/comments/5?sort=newest HTTP/1.1" 200
2026-05-27 10:29:03  INFO     uvicorn.access  172.70.206.94:11054 - "GET /api/gallery/comments/5?sort=newest HTTP/1.1" 200
2026-05-27 10:29:03  INFO     uvicorn.access  172.70.206.94:11061 - "POST /api/gallery/view/5 HTTP/1.1" 200
2026-05-27 10:29:03  INFO     uvicorn.access  172.70.206.94:11061 - "POST /api/gallery/view/5 HTTP/1.1" 200
2026-05-27 10:29:05  INFO     uvicorn.access  172.70.206.94:11061 - "GET /api/gallery/comments/3?sort=newest HTTP/1.1" 200
2026-05-27 10:29:05  INFO     uvicorn.access  172.70.206.94:11061 - "GET /api/gallery/comments/3?sort=newest HTTP/1.1" 200
2026-05-27 10:29:05  INFO     uvicorn.access  172.70.206.94:11054 - "POST /api/gallery/view/3 HTTP/1.1" 200
2026-05-27 10:29:05  INFO     uvicorn.access  172.70.206.94:11054 - "POST /api/gallery/view/3 HTTP/1.1" 200
2026-05-27 10:29:08  INFO     uvicorn.access  172.70.206.94:11054 - "GET /api/gallery/comments/7?sort=newest HTTP/1.1" 200
2026-05-27 10:29:08  INFO     uvicorn.access  172.70.206.94:11054 - "GET /api/gallery/comments/7?sort=newest HTTP/1.1" 200
2026-05-27 10:29:08  INFO     uvicorn.access  172.70.206.94:11061 - "POST /api/gallery/view/7 HTTP/1.1" 200
2026-05-27 10:29:08  INFO     uvicorn.access  172.70.206.94:11061 - "POST /api/gallery/view/7 HTTP/1.1" 200
2026-05-27 10:29:14  INFO     uvicorn.access  172.70.206.95:13357 - "GET /play HTTP/1.1" 200
2026-05-27 10:29:14  INFO     uvicorn.access  172.70.206.95:13357 - "GET /play HTTP/1.1" 200
2026-05-27 10:29:15  INFO     uvicorn.access  172.70.206.95:13357 - "GET /api/announcement?page=play HTTP/1.1" 200
2026-05-27 10:29:15  INFO     uvicorn.access  172.70.206.95:13357 - "GET /api/announcement?page=play HTTP/1.1" 200
2026-05-27 10:29:15  INFO     uvicorn.access  172.70.206.94:11597 - "GET /api/history/usage HTTP/1.1" 200
2026-05-27 10:29:15  INFO     uvicorn.access  172.70.206.94:11597 - "GET /api/history/usage HTTP/1.1" 200
2026-05-27 10:29:15  INFO     uvicorn.access  172.70.206.95:13364 - "GET /api/history/list HTTP/1.1" 200
2026-05-27 10:29:15  INFO     uvicorn.access  172.70.206.95:13364 - "GET /api/history/list HTTP/1.1" 200
2026-05-27 10:31:38  INFO     uvicorn.access  172.68.225.119:9894 - "POST /api/proxy/v1/images/generations HTTP/1.1" 200
2026-05-27 10:31:38  INFO     uvicorn.access  172.68.225.119:9894 - "POST /api/proxy/v1/images/generations HTTP/1.1" 200
2026-05-27 10:32:05  INFO     uvicorn.access  172.70.206.123:11322 - "GET /api/history/image/xiaoan/1779876622099_4256_0.png?token=eyJpZCI6IDAsICJ1c2VybmFtZSI6ICJ4aWFvYW4iLCAicm9sZSI6IDAsICJpc19hZG1pbiI6IGZhbHNlLCAiZXhwIjogMTc4MjIyMzE3NX0%3D.d97c080ac2ae57d6b42057826b9b4499 HTTP/1.1" 404
2026-05-27 10:32:05  INFO     uvicorn.access  172.70.206.123:11322 - "GET /api/history/image/xiaoan/1779876622099_4256_0.png?token=eyJpZCI6IDAsICJ1c2VybmFtZSI6ICJ4aWFvYW4iLCAicm9sZSI6IDAsICJpc19hZG1pbiI6IGZhbHNlLCAiZXhwIjogMTc4MjIyMzE3NX0%3D.d97c080ac2ae57d6b42057826b9b4499 HTTP/1.1" 404
2026-05-27 10:32:44  INFO     uvicorn.access  104.23.251.190:10674 - "GET /api/proxy/v1/models HTTP/1.1" 200
2026-05-27 10:32:44  INFO     uvicorn.access  104.23.251.190:10674 - "GET /api/proxy/v1/models HTTP/1.1" 200
2026-05-27 10:33:02  INFO     uvicorn.access  104.23.251.191:12531 - "POST /api/balance/overview HTTP/1.1" 200
2026-05-27 10:33:02  INFO     uvicorn.access  104.23.251.191:12531 - "POST /api/balance/overview HTTP/1.1" 200
2026-05-27 10:42:06  INFO     uvicorn.access  172.71.103.137:10494 - "GET / HTTP/1.1" 200
2026-05-27 10:42:06  INFO     uvicorn.access  172.71.103.137:10494 - "GET / HTTP/1.1" 200
2026-05-27 11:39:40  INFO     uvicorn.access  162.158.108.103:9940 - "GET /api/announcement?page=gallery HTTP/1.1" 200
2026-05-27 11:39:40  INFO     uvicorn.access  162.158.108.103:9940 - "GET /api/announcement?page=gallery HTTP/1.1" 200
2026-05-27 11:39:40  INFO     uvicorn.access  162.158.108.103:9942 - "POST /auth/verify HTTP/1.1" 200
2026-05-27 11:39:40  INFO     uvicorn.access  162.158.108.103:9942 - "POST /auth/verify HTTP/1.1" 200
2026-05-27 11:39:40  INFO     uvicorn.access  162.158.108.103:9940 - "GET /api/gallery/liked?fingerprint=469ac5c5 HTTP/1.1" 200
2026-05-27 11:39:40  INFO     uvicorn.access  162.158.108.103:9940 - "GET /api/gallery/liked?fingerprint=469ac5c5 HTTP/1.1" 200
2026-05-27 11:39:41  INFO     uvicorn.access  162.158.108.62:13019 - "GET /api/gallery/images?page=1&sort=likes HTTP/1.1" 200
2026-05-27 11:39:41  INFO     uvicorn.access  162.158.108.62:13019 - "GET /api/gallery/images?page=1&sort=likes HTTP/1.1" 200
2026-05-27 11:43:55  INFO     uvicorn.access  104.22.66.151:12980 - "GET /api/gallery/profile HTTP/1.1" 200
2026-05-27 11:43:55  INFO     uvicorn.access  104.22.66.151:12980 - "GET /api/gallery/profile HTTP/1.1" 200
2026-05-27 11:43:56  INFO     uvicorn.access  104.22.66.20:12531 - "GET /api/gallery/my HTTP/1.1" 200
2026-05-27 11:43:56  INFO     uvicorn.access  104.22.66.20:12531 - "GET /api/gallery/my HTTP/1.1" 200
2026-05-27 12:21:54  WARNING  uvicorn.error  Invalid HTTP request received.
2026-05-27 12:21:54  WARNING  uvicorn.error  Invalid HTTP request received.
2026-05-27 12:22:32  INFO     uvicorn.access  162.158.108.102:12122 - "GET /api/announcement?page=gallery HTTP/1.1" 200
2026-05-27 12:22:32  INFO     uvicorn.access  162.158.108.102:12122 - "GET /api/announcement?page=gallery HTTP/1.1" 200
2026-05-27 12:22:32  INFO     uvicorn.access  162.158.108.103:12845 - "POST /auth/verify HTTP/1.1" 200
2026-05-27 12:22:32  INFO     uvicorn.access  162.158.108.103:12845 - "POST /auth/verify HTTP/1.1" 200
2026-05-27 12:22:32  INFO     uvicorn.access  162.158.108.63:13828 - "GET /api/gallery/liked?fingerprint=469ac5c5 HTTP/1.1" 200
2026-05-27 12:22:32  INFO     uvicorn.access  162.158.108.63:13828 - "GET /api/gallery/liked?fingerprint=469ac5c5 HTTP/1.1" 200
2026-05-27 12:22:33  INFO     uvicorn.access  162.158.108.102:12122 - "GET /api/gallery/images?page=1&sort=likes HTTP/1.1" 200
2026-05-27 12:22:33  INFO     uvicorn.access  162.158.108.102:12122 - "GET /api/gallery/images?page=1&sort=likes HTTP/1.1" 200
2026-05-27 13:05:55  INFO     uvicorn.access  104.22.20.213:13746 - "GET / HTTP/1.1" 200
2026-05-27 13:05:55  INFO     uvicorn.access  104.22.20.213:13746 - "GET / HTTP/1.1" 200
2026-05-27 13:34:30  INFO     uvicorn.access  108.162.237.37:11780 - "GET /robots.txt HTTP/1.1" 307
2026-05-27 13:34:30  INFO     uvicorn.access  108.162.237.37:11780 - "GET /robots.txt HTTP/1.1" 307
2026-05-27 13:34:30  INFO     uvicorn.access  104.22.1.32:13640 - "GET / HTTP/1.1" 200
2026-05-27 13:34:30  INFO     uvicorn.access  104.22.1.32:13640 - "GET / HTTP/1.1" 200
2026-05-27 14:06:36  INFO     uvicorn.access  172.70.206.94:10044 - "GET / HTTP/1.1" 200
2026-05-27 14:06:36  INFO     uvicorn.access  172.70.206.94:10044 - "GET / HTTP/1.1" 200
2026-05-27 14:06:36  INFO     uvicorn.access  162.158.91.169:11705 - "GET /static/css/home.css HTTP/1.1" 200
2026-05-27 14:06:36  INFO     uvicorn.access  162.158.91.169:11705 - "GET /static/css/home.css HTTP/1.1" 200
2026-05-27 14:06:36  INFO     uvicorn.access  162.158.91.115:10340 - "GET /static/css/common.css HTTP/1.1" 304
2026-05-27 14:06:36  INFO     uvicorn.access  162.158.91.115:10340 - "GET /static/css/common.css HTTP/1.1" 304
2026-05-27 14:06:36  INFO     uvicorn.access  172.64.217.137:13421 - "GET /static/js/common.js HTTP/1.1" 304
2026-05-27 14:06:36  INFO     uvicorn.access  172.64.217.137:13421 - "GET /static/js/common.js HTTP/1.1" 304
2026-05-27 14:06:37  INFO     uvicorn.access  172.70.206.94:10044 - "GET /api/announcement?page=home HTTP/1.1" 200
2026-05-27 14:06:37  INFO     uvicorn.access  172.70.206.94:10044 - "GET /api/announcement?page=home HTTP/1.1" 200
2026-05-27 14:06:39  INFO     uvicorn.access  172.70.206.94:10044 - "GET /play HTTP/1.1" 200
2026-05-27 14:06:39  INFO     uvicorn.access  172.70.206.94:10044 - "GET /play HTTP/1.1" 200
2026-05-27 14:06:39  INFO     uvicorn.access  172.69.33.64:10456 - "GET /static/js/play.js?v=1779876137 HTTP/1.1" 304
2026-05-27 14:06:39  INFO     uvicorn.access  172.69.33.64:10456 - "GET /static/js/play.js?v=1779876137 HTTP/1.1" 304
2026-05-27 14:06:39  INFO     uvicorn.access  172.70.215.22:13753 - "GET /static/css/play.css?v=1779876137 HTTP/1.1" 304
2026-05-27 14:06:39  INFO     uvicorn.access  172.70.215.22:13753 - "GET /static/css/play.css?v=1779876137 HTTP/1.1" 304
2026-05-27 14:06:39  INFO     uvicorn.access  172.70.206.94:10044 - "GET /api/announcement?page=play HTTP/1.1" 200
2026-05-27 14:06:39  INFO     uvicorn.access  172.70.206.94:10044 - "GET /api/announcement?page=play HTTP/1.1" 200
2026-05-27 14:06:39  INFO     uvicorn.access  172.70.206.95:10852 - "GET /api/history/usage HTTP/1.1" 200
2026-05-27 14:06:39  INFO     uvicorn.access  172.70.206.95:10852 - "GET /api/history/usage HTTP/1.1" 200
2026-05-27 14:06:39  INFO     uvicorn.access  172.70.206.94:10044 - "GET /api/history/list HTTP/1.1" 200
2026-05-27 14:06:39  INFO     uvicorn.access  172.70.206.94:10044 - "GET /api/history/list HTTP/1.1" 200
2026-05-27 14:06:43  INFO     uvicorn.access  172.70.206.95:10852 - "GET /play HTTP/1.1" 200
2026-05-27 14:06:43  INFO     uvicorn.access  172.70.206.95:10852 - "GET /play HTTP/1.1" 200
2026-05-27 14:06:44  INFO     uvicorn.access  172.70.206.94:10044 - "GET /api/announcement?page=play HTTP/1.1" 200
2026-05-27 14:06:44  INFO     uvicorn.access  172.70.206.94:10044 - "GET /api/announcement?page=play HTTP/1.1" 200
2026-05-27 14:06:44  INFO     uvicorn.access  172.70.206.95:10852 - "GET /api/history/usage HTTP/1.1" 200
2026-05-27 14:06:44  INFO     uvicorn.access  172.70.206.95:10852 - "GET /api/history/usage HTTP/1.1" 200
2026-05-27 14:06:44  INFO     uvicorn.access  172.70.206.94:10044 - "GET /api/history/list HTTP/1.1" 200
2026-05-27 14:06:44  INFO     uvicorn.access  172.70.206.94:10044 - "GET /api/history/list HTTP/1.1" 200
2026-05-27 14:06:50  INFO     uvicorn.access  162.158.187.199:12323 - "GET /api/history/image/7878/1779876622099_4256_0.png?token=eyJpZCI6IDAsICJ1c2VybmFtZSI6ICI3ODc4IiwgInJvbGUiOiAwLCAiaXNfYWRtaW4iOiBmYWxzZSwgImV4cCI6IDE3ODI0NTU1MTB9.0ace470850350752585ebc9f59bafee5 HTTP/1.1" 404
2026-05-27 14:06:50  INFO     uvicorn.access  162.158.187.199:12323 - "GET /api/history/image/7878/1779876622099_4256_0.png?token=eyJpZCI6IDAsICJ1c2VybmFtZSI6ICI3ODc4IiwgInJvbGUiOiAwLCAiaXNfYWRtaW4iOiBmYWxzZSwgImV4cCI6IDE3ODI0NTU1MTB9.0ace470850350752585ebc9f59bafee5 HTTP/1.1" 404
2026-05-27 14:15:59  INFO     uvicorn.access  104.23.251.190:13897 - "GET /docs HTTP/1.1" 200
2026-05-27 14:15:59  INFO     uvicorn.access  104.23.251.190:13897 - "GET /docs HTTP/1.1" 200
2026-05-27 14:15:59  INFO     uvicorn.access  172.70.214.31:9560 - "GET /static/css/docs.css?v=1779876137 HTTP/1.1" 200
2026-05-27 14:15:59  INFO     uvicorn.access  172.70.214.31:9560 - "GET /static/css/docs.css?v=1779876137 HTTP/1.1" 200
2026-05-27 14:15:59  INFO     uvicorn.access  104.23.251.190:13897 - "GET /api/announcement?page=docs HTTP/1.1" 200
2026-05-27 14:15:59  INFO     uvicorn.access  104.23.251.190:13897 - "GET /api/announcement?page=docs HTTP/1.1" 200
2026-05-27 14:16:21  INFO     uvicorn.access  104.23.251.191:12543 - "GET /api/history/list HTTP/1.1" 200
2026-05-27 14:16:21  INFO     uvicorn.access  104.23.251.191:12543 - "GET /api/history/list HTTP/1.1" 200
2026-05-27 14:33:43  INFO     uvicorn.access  172.70.135.182:9833 - "GET / HTTP/1.1" 200
2026-05-27 14:33:43  INFO     uvicorn.access  172.70.135.182:9833 - "GET / HTTP/1.1" 200
2026-05-27 14:41:35  INFO     uvicorn.access  85.217.149.36:44520 - "GET / HTTP/1.1" 200
2026-05-27 14:41:35  INFO     uvicorn.access  85.217.149.36:44520 - "GET / HTTP/1.1" 200
2026-05-27 14:48:05  INFO     uvicorn.access  104.23.166.135:12646 - "GET /play HTTP/1.1" 200
2026-05-27 14:48:05  INFO     uvicorn.access  104.23.166.135:12646 - "GET /play HTTP/1.1" 200
2026-05-27 14:48:06  INFO     uvicorn.access  162.159.113.64:9878 - "GET /static/css/common.css HTTP/1.1" 304
2026-05-27 14:48:06  INFO     uvicorn.access  162.159.113.64:9878 - "GET /static/css/common.css HTTP/1.1" 304
2026-05-27 14:48:06  INFO     uvicorn.access  162.159.113.13:13140 - "GET /static/css/play.css?v=1779876137 HTTP/1.1" 304
2026-05-27 14:48:06  INFO     uvicorn.access  162.159.113.13:13140 - "GET /static/css/play.css?v=1779876137 HTTP/1.1" 304
2026-05-27 14:48:06  INFO     uvicorn.access  104.23.168.48:12208 - "GET /static/js/play.js?v=1779876137 HTTP/1.1" 304
2026-05-27 14:48:06  INFO     uvicorn.access  104.23.168.48:12208 - "GET /static/js/play.js?v=1779876137 HTTP/1.1" 304
2026-05-27 14:48:06  INFO     uvicorn.access  172.71.95.117:12111 - "GET /static/js/common.js HTTP/1.1" 304
2026-05-27 14:48:06  INFO     uvicorn.access  172.71.95.117:12111 - "GET /static/js/common.js HTTP/1.1" 304
2026-05-27 14:48:07  INFO     uvicorn.access  104.23.166.135:12646 - "GET /api/announcement?page=play HTTP/1.1" 200
2026-05-27 14:48:07  INFO     uvicorn.access  104.23.166.135:12646 - "GET /api/announcement?page=play HTTP/1.1" 200
2026-05-27 14:51:45  INFO     uvicorn.access  172.70.35.193:12641 - "GET /play HTTP/1.1" 200
2026-05-27 14:51:45  INFO     uvicorn.access  172.70.35.193:12641 - "GET /play HTTP/1.1" 200
2026-05-27 14:52:05  INFO     uvicorn.access  172.64.213.152:10102 - "GET / HTTP/1.1" 200
2026-05-27 14:52:05  INFO     uvicorn.access  172.64.213.152:10102 - "GET / HTTP/1.1" 200
2026-05-27 14:52:06  INFO     uvicorn.access  162.159.108.116:11966 - "GET /static/css/common.css HTTP/1.1" 200
2026-05-27 14:52:06  INFO     uvicorn.access  162.159.108.116:11966 - "GET /static/css/common.css HTTP/1.1" 200
2026-05-27 14:52:06  INFO     uvicorn.access  172.70.223.144:13715 - "GET /static/js/common.js HTTP/1.1" 200
2026-05-27 14:52:06  INFO     uvicorn.access  172.70.223.144:13715 - "GET /static/js/common.js HTTP/1.1" 200
2026-05-27 14:52:06  INFO     uvicorn.access  172.70.49.253:9343 - "GET /static/css/home.css HTTP/1.1" 200
2026-05-27 14:52:06  INFO     uvicorn.access  172.70.49.253:9343 - "GET /static/css/home.css HTTP/1.1" 200
2026-05-27 14:52:07  INFO     uvicorn.access  172.64.213.150:13741 - "GET /api/announcement?page=home HTTP/1.1" 200
2026-05-27 14:52:07  INFO     uvicorn.access  172.64.213.150:13741 - "GET /api/announcement?page=home HTTP/1.1" 200
2026-05-27 14:52:12  INFO     uvicorn.access  172.64.213.152:12419 - "GET /play HTTP/1.1" 200
2026-05-27 14:52:12  INFO     uvicorn.access  172.64.213.152:12419 - "GET /play HTTP/1.1" 200
2026-05-27 14:52:12  INFO     uvicorn.access  172.71.8.23:12736 - "GET /static/css/play.css?v=1779876137 HTTP/1.1" 304
2026-05-27 14:52:12  INFO     uvicorn.access  172.71.8.23:12736 - "GET /static/css/play.css?v=1779876137 HTTP/1.1" 304
2026-05-27 14:52:12  INFO     uvicorn.access  172.64.213.91:12564 - "GET /static/js/play.js?v=1779876137 HTTP/1.1" 304
2026-05-27 14:52:12  INFO     uvicorn.access  172.64.213.91:12564 - "GET /static/js/play.js?v=1779876137 HTTP/1.1" 304
2026-05-27 14:52:12  INFO     uvicorn.access  172.64.213.152:12419 - "GET /api/announcement?page=play HTTP/1.1" 200
2026-05-27 14:52:12  INFO     uvicorn.access  172.64.213.152:12419 - "GET /api/announcement?page=play HTTP/1.1" 200
2026-05-27 14:52:13  INFO     uvicorn.access  172.64.213.152:12419 - "GET /api/history/usage HTTP/1.1" 200
2026-05-27 14:52:13  INFO     uvicorn.access  172.64.213.152:12419 - "GET /api/history/usage HTTP/1.1" 200
2026-05-27 14:52:13  INFO     uvicorn.access  172.64.213.152:12419 - "GET /api/history/list HTTP/1.1" 200
2026-05-27 14:52:13  INFO     uvicorn.access  172.64.213.152:12419 - "GET /api/history/list HTTP/1.1" 200
2026-05-27 14:52:20  INFO     uvicorn.access  172.68.119.203:9628 - "GET /api/history/image/qianqianye/1779876622099_4256_0.png?token=eyJpZCI6IDAsICJ1c2VybmFtZSI6ICJxaWFucWlhbnllIiwgInJvbGUiOiAwLCAiaXNfYWRtaW4iOiBmYWxzZSwgImV4cCI6IDE3Nzk5NzQ1OTR9.1367099ad9e9b4e91aef9e4835d942c7 HTTP/1.1" 200
2026-05-27 14:52:20  INFO     uvicorn.access  172.68.119.203:9628 - "GET /api/history/image/qianqianye/1779876622099_4256_0.png?token=eyJpZCI6IDAsICJ1c2VybmFtZSI6ICJxaWFucWlhbnllIiwgInJvbGUiOiAwLCAiaXNfYWRtaW4iOiBmYWxzZSwgImV4cCI6IDE3Nzk5NzQ1OTR9.1367099ad9e9b4e91aef9e4835d942c7 HTTP/1.1" 200
2026-05-27 14:52:40  INFO     uvicorn.access  172.64.213.152:10464 - "GET /gallery HTTP/1.1" 200
2026-05-27 14:52:40  INFO     uvicorn.access  172.64.213.152:10464 - "GET /gallery HTTP/1.1" 200
2026-05-27 14:52:41  INFO     uvicorn.access  172.70.223.232:13745 - "GET /static/js/gallery.js?v=1779876137 HTTP/1.1" 304
2026-05-27 14:52:41  INFO     uvicorn.access  172.70.223.232:13745 - "GET /static/js/gallery.js?v=1779876137 HTTP/1.1" 304
2026-05-27 14:52:41  INFO     uvicorn.access  172.64.215.70:11941 - "GET /static/css/gallery.css?v=1779876137 HTTP/1.1" 304
2026-05-27 14:52:41  INFO     uvicorn.access  172.64.215.70:11941 - "GET /static/css/gallery.css?v=1779876137 HTTP/1.1" 304
2026-05-27 14:52:41  INFO     uvicorn.access  172.64.213.152:10464 - "GET /api/announcement?page=gallery HTTP/1.1" 200
2026-05-27 14:52:41  INFO     uvicorn.access  172.64.213.152:10464 - "GET /api/announcement?page=gallery HTTP/1.1" 200
2026-05-27 14:52:41  INFO     uvicorn.access  172.64.213.153:10033 - "POST /auth/verify HTTP/1.1" 200
2026-05-27 14:52:41  INFO     uvicorn.access  172.64.213.153:10033 - "POST /auth/verify HTTP/1.1" 200
2026-05-27 14:52:41  INFO     uvicorn.access  172.64.213.152:10464 - "GET /api/gallery/liked?fingerprint=66e433ed HTTP/1.1" 200
2026-05-27 14:52:41  INFO     uvicorn.access  172.64.213.152:10464 - "GET /api/gallery/liked?fingerprint=66e433ed HTTP/1.1" 200
2026-05-27 14:52:42  INFO     uvicorn.access  172.64.213.153:10033 - "GET /api/gallery/images?page=1&sort=likes HTTP/1.1" 200
2026-05-27 14:52:42  INFO     uvicorn.access  172.64.213.153:10033 - "GET /api/gallery/images?page=1&sort=likes HTTP/1.1" 200
2026-05-27 14:52:42  INFO     uvicorn.access  172.71.212.9:13969 - "GET /api/gallery/avatar/IMG_8559.png HTTP/1.1" 200
2026-05-27 14:52:42  INFO     uvicorn.access  172.71.212.9:13969 - "GET /api/gallery/avatar/IMG_8559.png HTTP/1.1" 200
2026-05-27 14:52:42  INFO     uvicorn.access  162.159.108.152:14315 - "GET /api/gallery/avatar/IMG_8578.png HTTP/1.1" 200
2026-05-27 14:52:42  INFO     uvicorn.access  162.159.108.152:14315 - "GET /api/gallery/avatar/IMG_8578.png HTTP/1.1" 200
2026-05-27 14:52:42  INFO     uvicorn.access  172.71.8.108:11599 - "GET /api/gallery/avatar/IMG_8531.png HTTP/1.1" 200
2026-05-27 14:52:42  INFO     uvicorn.access  172.71.8.108:11599 - "GET /api/gallery/avatar/IMG_8531.png HTTP/1.1" 200
2026-05-27 14:52:42  INFO     uvicorn.access  162.159.108.70:10159 - "GET /api/gallery/file/5288082c3c2f480ba32bf60a2b7a0a8d.png HTTP/1.1" 200
2026-05-27 14:52:42  INFO     uvicorn.access  162.159.108.70:10159 - "GET /api/gallery/file/5288082c3c2f480ba32bf60a2b7a0a8d.png HTTP/1.1" 200
2026-05-27 14:52:42  INFO     uvicorn.access  172.71.8.119:12110 - "GET /api/gallery/file/4146c931c3244121ae6704675aad583b.png HTTP/1.1" 200
2026-05-27 14:52:42  INFO     uvicorn.access  172.71.8.119:12110 - "GET /api/gallery/file/4146c931c3244121ae6704675aad583b.png HTTP/1.1" 200
2026-05-27 14:52:42  INFO     uvicorn.access  172.64.215.74:12758 - "GET /api/gallery/file/3afbc016ab104c9eb569ca1c3d813b39.png HTTP/1.1" 200
2026-05-27 14:52:42  INFO     uvicorn.access  172.64.215.74:12758 - "GET /api/gallery/file/3afbc016ab104c9eb569ca1c3d813b39.png HTTP/1.1" 200
2026-05-27 14:52:42  INFO     uvicorn.access  172.64.213.82:13984 - "GET /api/gallery/file/504cff89cfa0457a983588b56e14224d.png HTTP/1.1" 200
2026-05-27 14:52:42  INFO     uvicorn.access  172.64.213.82:13984 - "GET /api/gallery/file/504cff89cfa0457a983588b56e14224d.png HTTP/1.1" 200
2026-05-27 14:52:42  INFO     uvicorn.access  172.68.118.235:13155 - "GET /api/gallery/file/03ebfe77ba784cd4967369a9bf682555.png HTTP/1.1" 200
2026-05-27 14:52:42  INFO     uvicorn.access  172.68.118.235:13155 - "GET /api/gallery/file/03ebfe77ba784cd4967369a9bf682555.png HTTP/1.1" 200
2026-05-27 14:52:42  INFO     uvicorn.access  172.70.223.224:12761 - "GET /api/gallery/file/bf8659bfd921477e9b19db3dc33fb5b1.png HTTP/1.1" 200
2026-05-27 14:52:42  INFO     uvicorn.access  172.70.223.224:12761 - "GET /api/gallery/file/bf8659bfd921477e9b19db3dc33fb5b1.png HTTP/1.1" 200
2026-05-27 14:52:42  INFO     uvicorn.access  172.64.213.86:13443 - "GET /api/gallery/file/039985f90d01467c8aa2f27d4b719282.png HTTP/1.1" 200
2026-05-27 14:52:42  INFO     uvicorn.access  172.64.213.86:13443 - "GET /api/gallery/file/039985f90d01467c8aa2f27d4b719282.png HTTP/1.1" 200
2026-05-27 16:30:22  INFO     uvicorn.access  172.71.194.67:13513 - "GET /play HTTP/1.1" 200
2026-05-27 16:30:22  INFO     uvicorn.access  172.71.194.67:13513 - "GET /play HTTP/1.1" 200
2026-05-27 16:58:17  INFO     uvicorn.access  172.70.206.94:9251 - "GET / HTTP/1.1" 200
2026-05-27 16:58:17  INFO     uvicorn.access  172.70.206.94:9251 - "GET / HTTP/1.1" 200
2026-05-27 16:58:17  INFO     uvicorn.access  162.158.91.116:11579 - "GET /static/css/common.css HTTP/1.1" 304
2026-05-27 16:58:17  INFO     uvicorn.access  162.158.91.116:11579 - "GET /static/css/common.css HTTP/1.1" 304
2026-05-27 16:58:17  INFO     uvicorn.access  172.64.217.137:11685 - "GET /static/js/common.js HTTP/1.1" 304
2026-05-27 16:58:17  INFO     uvicorn.access  172.64.217.137:11685 - "GET /static/js/common.js HTTP/1.1" 304
2026-05-27 16:58:17  INFO     uvicorn.access  162.158.91.169:13414 - "GET /static/css/home.css HTTP/1.1" 304
2026-05-27 16:58:17  INFO     uvicorn.access  162.158.91.169:13414 - "GET /static/css/home.css HTTP/1.1" 304
2026-05-27 16:58:17  INFO     uvicorn.access  172.70.206.94:9251 - "GET /api/announcement?page=home HTTP/1.1" 200
2026-05-27 16:58:17  INFO     uvicorn.access  172.70.206.94:9251 - "GET /api/announcement?page=home HTTP/1.1" 200
2026-05-27 16:58:22  INFO     uvicorn.access  172.70.206.95:12615 - "GET /gallery HTTP/1.1" 200
2026-05-27 16:58:22  INFO     uvicorn.access  172.70.206.95:12615 - "GET /gallery HTTP/1.1" 200
2026-05-27 16:58:23  INFO     uvicorn.access  172.70.215.50:12193 - "GET /static/js/gallery.js?v=1779876137 HTTP/1.1" 304
2026-05-27 16:58:23  INFO     uvicorn.access  172.70.215.50:12193 - "GET /static/js/gallery.js?v=1779876137 HTTP/1.1" 304
2026-05-27 16:58:23  INFO     uvicorn.access  172.64.217.40:11863 - "GET /static/css/gallery.css?v=1779876137 HTTP/1.1" 304
2026-05-27 16:58:23  INFO     uvicorn.access  172.64.217.40:11863 - "GET /static/css/gallery.css?v=1779876137 HTTP/1.1" 304
2026-05-27 16:58:23  INFO     uvicorn.access  172.70.206.95:12615 - "GET /api/announcement?page=gallery HTTP/1.1" 200
2026-05-27 16:58:23  INFO     uvicorn.access  172.70.206.95:12615 - "GET /api/announcement?page=gallery HTTP/1.1" 200
2026-05-27 16:58:23  INFO     uvicorn.access  172.70.206.95:12615 - "POST /auth/verify HTTP/1.1" 200
2026-05-27 16:58:23  INFO     uvicorn.access  172.70.206.95:12615 - "POST /auth/verify HTTP/1.1" 200
2026-05-27 16:58:23  INFO     uvicorn.access  172.70.206.95:12615 - "GET /api/gallery/liked?fingerprint=3c57f162 HTTP/1.1" 200
2026-05-27 16:58:23  INFO     uvicorn.access  172.70.206.95:12615 - "GET /api/gallery/liked?fingerprint=3c57f162 HTTP/1.1" 200
2026-05-27 16:58:23  INFO     uvicorn.access  172.70.206.95:12615 - "GET /api/gallery/images?page=1&sort=likes HTTP/1.1" 200
2026-05-27 16:58:23  INFO     uvicorn.access  172.70.206.95:12615 - "GET /api/gallery/images?page=1&sort=likes HTTP/1.1" 200
2026-05-27 16:58:24  INFO     uvicorn.access  172.70.207.44:13421 - "GET /api/gallery/avatar/IMG_8559.png HTTP/1.1" 200
2026-05-27 16:58:24  INFO     uvicorn.access  172.70.207.44:13421 - "GET /api/gallery/avatar/IMG_8559.png HTTP/1.1" 200
2026-05-27 16:58:24  INFO     uvicorn.access  162.158.90.59:9658 - "GET /api/gallery/avatar/IMG_8531.png HTTP/1.1" 200
2026-05-27 16:58:24  INFO     uvicorn.access  162.158.90.59:9658 - "GET /api/gallery/avatar/IMG_8531.png HTTP/1.1" 200
2026-05-27 16:58:24  INFO     uvicorn.access  104.23.251.94:10504 - "GET /api/gallery/avatar/IMG_8578.png HTTP/1.1" 200
2026-05-27 16:58:24  INFO     uvicorn.access  104.23.251.94:10504 - "GET /api/gallery/avatar/IMG_8578.png HTTP/1.1" 200
2026-05-27 16:58:24  INFO     uvicorn.access  172.70.214.39:10907 - "GET /api/gallery/file/4146c931c3244121ae6704675aad583b.png HTTP/1.1" 200
2026-05-27 16:58:24  INFO     uvicorn.access  172.70.214.39:10907 - "GET /api/gallery/file/4146c931c3244121ae6704675aad583b.png HTTP/1.1" 200
2026-05-27 16:58:24  INFO     uvicorn.access  172.69.33.27:12067 - "GET /api/gallery/file/504cff89cfa0457a983588b56e14224d.png HTTP/1.1" 200
2026-05-27 16:58:24  INFO     uvicorn.access  172.69.33.27:12067 - "GET /api/gallery/file/504cff89cfa0457a983588b56e14224d.png HTTP/1.1" 200
2026-05-27 16:58:24  INFO     uvicorn.access  162.158.90.145:10798 - "GET /api/gallery/file/3afbc016ab104c9eb569ca1c3d813b39.png HTTP/1.1" 200
2026-05-27 16:58:24  INFO     uvicorn.access  162.158.90.145:10798 - "GET /api/gallery/file/3afbc016ab104c9eb569ca1c3d813b39.png HTTP/1.1" 200
2026-05-27 16:58:24  INFO     uvicorn.access  172.70.206.44:10216 - "GET /api/gallery/file/039985f90d01467c8aa2f27d4b719282.png HTTP/1.1" 200
2026-05-27 16:58:24  INFO     uvicorn.access  172.70.206.44:10216 - "GET /api/gallery/file/039985f90d01467c8aa2f27d4b719282.png HTTP/1.1" 200
2026-05-27 16:58:24  INFO     uvicorn.access  172.70.207.184:11916 - "GET /api/gallery/file/03ebfe77ba784cd4967369a9bf682555.png HTTP/1.1" 200
2026-05-27 16:58:24  INFO     uvicorn.access  172.70.207.184:11916 - "GET /api/gallery/file/03ebfe77ba784cd4967369a9bf682555.png HTTP/1.1" 200
2026-05-27 16:58:24  INFO     uvicorn.access  162.158.187.132:13073 - "GET /api/gallery/file/5288082c3c2f480ba32bf60a2b7a0a8d.png HTTP/1.1" 200
2026-05-27 16:58:24  INFO     uvicorn.access  162.158.187.132:13073 - "GET /api/gallery/file/5288082c3c2f480ba32bf60a2b7a0a8d.png HTTP/1.1" 200
2026-05-27 16:58:24  INFO     uvicorn.access  172.64.217.124:12258 - "GET /api/gallery/file/bf8659bfd921477e9b19db3dc33fb5b1.png HTTP/1.1" 200
2026-05-27 16:58:24  INFO     uvicorn.access  172.64.217.124:12258 - "GET /api/gallery/file/bf8659bfd921477e9b19db3dc33fb5b1.png HTTP/1.1" 200
2026-05-27 17:28:34  INFO     uvicorn.access  162.158.162.158:12179 - "GET / HTTP/1.1" 200
2026-05-27 17:28:34  INFO     uvicorn.access  162.158.162.158:12179 - "GET / HTTP/1.1" 200
2026-05-27 17:28:35  INFO     uvicorn.access  162.158.162.158:12179 - "GET /api/announcement?page=home HTTP/1.1" 200
2026-05-27 17:28:35  INFO     uvicorn.access  162.158.162.158:12179 - "GET /api/announcement?page=home HTTP/1.1" 200
2026-05-27 17:28:47  INFO     uvicorn.access  162.158.162.159:9676 - "GET /play HTTP/1.1" 200
2026-05-27 17:28:47  INFO     uvicorn.access  162.158.162.159:9676 - "GET /play HTTP/1.1" 200
2026-05-27 17:28:48  INFO     uvicorn.access  172.71.124.209:14254 - "GET /static/css/play.css?v=1779876137 HTTP/1.1" 304
2026-05-27 17:28:48  INFO     uvicorn.access  172.71.124.209:14254 - "GET /static/css/play.css?v=1779876137 HTTP/1.1" 304
2026-05-27 17:28:48  INFO     uvicorn.access  172.69.176.81:10508 - "GET /static/js/play.js?v=1779876137 HTTP/1.1" 304
2026-05-27 17:28:48  INFO     uvicorn.access  172.69.176.81:10508 - "GET /static/js/play.js?v=1779876137 HTTP/1.1" 304
2026-05-27 17:28:48  INFO     uvicorn.access  162.158.162.159:9676 - "GET /api/announcement?page=play HTTP/1.1" 200
2026-05-27 17:28:48  INFO     uvicorn.access  162.158.162.159:9676 - "GET /api/announcement?page=play HTTP/1.1" 200
2026-05-27 17:28:49  INFO     uvicorn.access  162.158.162.159:9676 - "GET /api/history/list HTTP/1.1" 200
2026-05-27 17:28:49  INFO     uvicorn.access  162.158.162.159:9676 - "GET /api/history/list HTTP/1.1" 200
2026-05-27 17:28:49  INFO     uvicorn.access  162.158.162.158:14008 - "GET /api/history/usage HTTP/1.1" 200
2026-05-27 17:28:49  INFO     uvicorn.access  162.158.162.158:14008 - "GET /api/history/usage HTTP/1.1" 200
2026-05-27 17:28:53  INFO     uvicorn.access  104.23.175.221:10509 - "GET /api/history/image/qianqianye/1779876622099_4256_0.png?token=eyJpZCI6IDAsICJ1c2VybmFtZSI6ICJxaWFucWlhbnllIiwgInJvbGUiOiAwLCAiaXNfYWRtaW4iOiBmYWxzZSwgImV4cCI6IDE3Nzk5NzQ1OTR9.1367099ad9e9b4e91aef9e4835d942c7 HTTP/1.1" 200
2026-05-27 17:28:53  INFO     uvicorn.access  104.23.175.221:10509 - "GET /api/history/image/qianqianye/1779876622099_4256_0.png?token=eyJpZCI6IDAsICJ1c2VybmFtZSI6ICJxaWFucWlhbnllIiwgInJvbGUiOiAwLCAiaXNfYWRtaW4iOiBmYWxzZSwgImV4cCI6IDE3Nzk5NzQ1OTR9.1367099ad9e9b4e91aef9e4835d942c7 HTTP/1.1" 200
2026-05-27 17:29:11  INFO     uvicorn.access  162.158.162.158:12407 - "DELETE /api/history/batch/mpbp6tg7tnkst HTTP/1.1" 200
2026-05-27 17:29:11  INFO     uvicorn.access  162.158.162.158:12407 - "DELETE /api/history/batch/mpbp6tg7tnkst HTTP/1.1" 200
2026-05-27 17:29:11  INFO     uvicorn.access  162.158.162.158:12407 - "GET /api/history/usage HTTP/1.1" 200
2026-05-27 17:29:11  INFO     uvicorn.access  162.158.162.158:12407 - "GET /api/history/usage HTTP/1.1" 200
2026-05-27 17:29:12  INFO     uvicorn.access  162.158.162.158:11073 - "DELETE /api/history/batch/mpbn8m33j7kcm HTTP/1.1" 200
2026-05-27 17:29:12  INFO     uvicorn.access  162.158.162.158:11073 - "DELETE /api/history/batch/mpbn8m33j7kcm HTTP/1.1" 200
2026-05-27 17:29:12  INFO     uvicorn.access  162.158.162.158:12407 - "GET /api/history/usage HTTP/1.1" 200
2026-05-27 17:29:12  INFO     uvicorn.access  162.158.162.158:12407 - "GET /api/history/usage HTTP/1.1" 200
2026-05-27 18:50:23  INFO     uvicorn.access  45.79.207.181:36247 - "GET / HTTP/1.1" 200
2026-05-27 18:50:23  INFO     uvicorn.access  45.79.207.181:36247 - "GET / HTTP/1.1" 200
2026-05-27 19:35:12  INFO     uvicorn.access  45.79.5.11:45654 - "GET / HTTP/1.1" 200
2026-05-27 19:35:12  INFO     uvicorn.access  45.79.5.11:45654 - "GET / HTTP/1.1" 200
2026-05-27 20:15:49  INFO     uvicorn.access  172.236.228.227:23130 - "GET / HTTP/1.1" 200
2026-05-27 20:15:49  INFO     uvicorn.access  172.236.228.227:23130 - "GET / HTTP/1.1" 200
2026-05-27 20:23:45  INFO     uvicorn.access  172.70.208.25:10422 - "GET /play HTTP/1.1" 200
2026-05-27 20:23:45  INFO     uvicorn.access  172.70.208.25:10422 - "GET /play HTTP/1.1" 200
2026-05-27 20:23:46  INFO     uvicorn.access  172.68.164.131:14115 - "GET /static/css/common.css HTTP/1.1" 304
2026-05-27 20:23:46  INFO     uvicorn.access  172.68.164.131:14115 - "GET /static/css/common.css HTTP/1.1" 304
2026-05-27 20:23:46  INFO     uvicorn.access  162.158.88.160:13322 - "GET /static/js/common.js HTTP/1.1" 304
2026-05-27 20:23:46  INFO     uvicorn.access  162.158.88.160:13322 - "GET /static/js/common.js HTTP/1.1" 304
2026-05-27 20:23:46  INFO     uvicorn.access  172.71.124.209:12966 - "GET /static/css/play.css?v=1779876137 HTTP/1.1" 304
2026-05-27 20:23:46  INFO     uvicorn.access  172.71.124.209:12966 - "GET /static/css/play.css?v=1779876137 HTTP/1.1" 304
2026-05-27 20:23:46  INFO     uvicorn.access  172.69.176.80:12604 - "GET /static/js/play.js?v=1779876137 HTTP/1.1" 304
2026-05-27 20:23:46  INFO     uvicorn.access  172.69.176.80:12604 - "GET /static/js/play.js?v=1779876137 HTTP/1.1" 304
2026-05-27 20:23:46  INFO     uvicorn.access  172.70.208.25:10422 - "GET /api/announcement?page=play HTTP/1.1" 200
2026-05-27 20:23:46  INFO     uvicorn.access  172.70.208.25:10422 - "GET /api/announcement?page=play HTTP/1.1" 200
2026-05-27 20:23:46  INFO     uvicorn.access  172.70.208.25:10424 - "GET /api/history/usage HTTP/1.1" 200
2026-05-27 20:23:46  INFO     uvicorn.access  172.70.208.25:10424 - "GET /api/history/usage HTTP/1.1" 200
2026-05-27 20:23:46  INFO     uvicorn.access  172.70.208.25:10425 - "GET /api/history/list HTTP/1.1" 200
2026-05-27 20:23:46  INFO     uvicorn.access  172.70.208.25:10425 - "GET /api/history/list HTTP/1.1" 200
2026-05-27 20:24:00  INFO     uvicorn.access  172.70.208.24:12040 - "GET / HTTP/1.1" 200
2026-05-27 20:24:00  INFO     uvicorn.access  172.70.208.24:12040 - "GET / HTTP/1.1" 200
2026-05-27 20:24:00  INFO     uvicorn.access  104.22.66.103:13348 - "GET /static/css/home.css HTTP/1.1" 200
2026-05-27 20:24:00  INFO     uvicorn.access  104.22.66.103:13348 - "GET /static/css/home.css HTTP/1.1" 200
2026-05-27 20:24:00  INFO     uvicorn.access  172.70.208.24:12040 - "GET /api/announcement?page=home HTTP/1.1" 200
2026-05-27 20:24:00  INFO     uvicorn.access  172.70.208.24:12040 - "GET /api/announcement?page=home HTTP/1.1" 200
2026-05-27 20:24:05  INFO     uvicorn.access  172.70.208.24:12040 - "GET /gallery HTTP/1.1" 200
2026-05-27 20:24:05  INFO     uvicorn.access  172.70.208.24:12040 - "GET /gallery HTTP/1.1" 200
2026-05-27 20:24:05  INFO     uvicorn.access  172.68.164.39:13735 - "GET /static/css/gallery.css?v=1779876137 HTTP/1.1" 304
2026-05-27 20:24:05  INFO     uvicorn.access  172.68.164.39:13735 - "GET /static/css/gallery.css?v=1779876137 HTTP/1.1" 304
2026-05-27 20:24:05  INFO     uvicorn.access  172.70.93.106:11397 - "GET /static/js/gallery.js?v=1779876137 HTTP/1.1" 304
2026-05-27 20:24:05  INFO     uvicorn.access  172.70.93.106:11397 - "GET /static/js/gallery.js?v=1779876137 HTTP/1.1" 304
2026-05-27 20:24:05  INFO     uvicorn.access  172.70.208.24:12040 - "GET /api/announcement?page=gallery HTTP/1.1" 200
2026-05-27 20:24:05  INFO     uvicorn.access  172.70.208.24:12040 - "GET /api/announcement?page=gallery HTTP/1.1" 200
2026-05-27 20:24:06  INFO     uvicorn.access  172.70.208.24:11142 - "POST /auth/verify HTTP/1.1" 200
2026-05-27 20:24:06  INFO     uvicorn.access  172.70.208.24:11142 - "POST /auth/verify HTTP/1.1" 200
2026-05-27 20:24:06  INFO     uvicorn.access  172.70.208.24:12040 - "GET /api/gallery/liked?fingerprint=2de21da4 HTTP/1.1" 200
2026-05-27 20:24:06  INFO     uvicorn.access  172.70.208.24:12040 - "GET /api/gallery/liked?fingerprint=2de21da4 HTTP/1.1" 200
2026-05-27 20:24:06  INFO     uvicorn.access  172.70.208.24:11142 - "GET /api/gallery/images?page=1&sort=likes HTTP/1.1" 200
2026-05-27 20:24:06  INFO     uvicorn.access  172.70.208.24:11142 - "GET /api/gallery/images?page=1&sort=likes HTTP/1.1" 200
2026-05-27 20:24:06  INFO     uvicorn.access  172.68.164.91:11460 - "GET /api/gallery/avatar/IMG_8559.png HTTP/1.1" 200
2026-05-27 20:24:06  INFO     uvicorn.access  172.68.164.91:11460 - "GET /api/gallery/avatar/IMG_8559.png HTTP/1.1" 200
2026-05-27 20:24:06  INFO     uvicorn.access  172.71.82.97:9804 - "GET /api/gallery/avatar/IMG_8531.png HTTP/1.1" 200
2026-05-27 20:24:06  INFO     uvicorn.access  172.71.82.97:9804 - "GET /api/gallery/avatar/IMG_8531.png HTTP/1.1" 200
2026-05-27 20:24:06  INFO     uvicorn.access  162.158.88.136:11591 - "GET /api/gallery/avatar/IMG_8578.png HTTP/1.1" 200
2026-05-27 20:24:06  INFO     uvicorn.access  162.158.88.136:11591 - "GET /api/gallery/avatar/IMG_8578.png HTTP/1.1" 200
2026-05-27 20:24:06  INFO     uvicorn.access  172.71.124.216:10681 - "GET /api/gallery/file/5288082c3c2f480ba32bf60a2b7a0a8d.png HTTP/1.1" 200
2026-05-27 20:24:06  INFO     uvicorn.access  172.71.124.216:10681 - "GET /api/gallery/file/5288082c3c2f480ba32bf60a2b7a0a8d.png HTTP/1.1" 200
2026-05-27 20:24:06  INFO     uvicorn.access  172.69.176.62:10940 - "GET /api/gallery/file/039985f90d01467c8aa2f27d4b719282.png HTTP/1.1" 200
2026-05-27 20:24:06  INFO     uvicorn.access  172.69.176.62:10940 - "GET /api/gallery/file/039985f90d01467c8aa2f27d4b719282.png HTTP/1.1" 200
2026-05-27 20:24:06  INFO     uvicorn.access  172.69.176.2:11341 - "GET /api/gallery/file/3afbc016ab104c9eb569ca1c3d813b39.png HTTP/1.1" 200
2026-05-27 20:24:06  INFO     uvicorn.access  172.69.176.2:11341 - "GET /api/gallery/file/3afbc016ab104c9eb569ca1c3d813b39.png HTTP/1.1" 200
2026-05-27 20:24:06  INFO     uvicorn.access  104.22.66.17:10885 - "GET /api/gallery/file/4146c931c3244121ae6704675aad583b.png HTTP/1.1" 200
2026-05-27 20:24:06  INFO     uvicorn.access  104.22.66.17:10885 - "GET /api/gallery/file/4146c931c3244121ae6704675aad583b.png HTTP/1.1" 200
2026-05-27 20:24:06  INFO     uvicorn.access  162.158.108.122:13086 - "GET /api/gallery/file/bf8659bfd921477e9b19db3dc33fb5b1.png HTTP/1.1" 200
2026-05-27 20:24:06  INFO     uvicorn.access  162.158.108.122:13086 - "GET /api/gallery/file/bf8659bfd921477e9b19db3dc33fb5b1.png HTTP/1.1" 200
2026-05-27 20:24:06  INFO     uvicorn.access  172.68.164.158:9534 - "GET /api/gallery/file/504cff89cfa0457a983588b56e14224d.png HTTP/1.1" 200
2026-05-27 20:24:06  INFO     uvicorn.access  172.68.164.158:9534 - "GET /api/gallery/file/504cff89cfa0457a983588b56e14224d.png HTTP/1.1" 200
2026-05-27 20:24:07  INFO     uvicorn.access  172.71.152.35:10401 - "GET /api/gallery/file/03ebfe77ba784cd4967369a9bf682555.png HTTP/1.1" 200
2026-05-27 20:24:07  INFO     uvicorn.access  172.71.152.35:10401 - "GET /api/gallery/file/03ebfe77ba784cd4967369a9bf682555.png HTTP/1.1" 200
2026-05-27 20:24:08  INFO     uvicorn.access  172.70.208.24:12040 - "GET /play HTTP/1.1" 200
2026-05-27 20:24:08  INFO     uvicorn.access  172.70.208.24:12040 - "GET /play HTTP/1.1" 200
2026-05-27 20:24:09  INFO     uvicorn.access  172.70.208.24:11142 - "GET /api/history/usage HTTP/1.1" 200
2026-05-27 20:24:09  INFO     uvicorn.access  172.70.208.24:11142 - "GET /api/history/usage HTTP/1.1" 200
2026-05-27 20:24:09  INFO     uvicorn.access  172.70.208.24:12040 - "GET /api/history/list HTTP/1.1" 200
2026-05-27 20:24:09  INFO     uvicorn.access  172.70.208.24:12040 - "GET /api/history/list HTTP/1.1" 200
2026-05-27 20:24:17  INFO     uvicorn.access  172.70.208.25:12970 - "GET /api/proxy/v1/models HTTP/1.1" 200
2026-05-27 20:24:17  INFO     uvicorn.access  172.70.208.25:12970 - "GET /api/proxy/v1/models HTTP/1.1" 200
2026-05-27 20:35:20  INFO     uvicorn.access  45.79.8.221:57336 - "GET / HTTP/1.1" 200
2026-05-27 20:35:20  INFO     uvicorn.access  45.79.8.221:57336 - "GET / HTTP/1.1" 200
2026-05-27 20:35:52  INFO     uvicorn.access  66.228.53.78:16648 - "GET / HTTP/1.1" 200
2026-05-27 20:35:52  INFO     uvicorn.access  66.228.53.78:16648 - "GET / HTTP/1.1" 200
2026-05-27 21:27:21  INFO     uvicorn.access  162.158.175.157:14157 - "GET /robots.txt HTTP/1.1" 307
2026-05-27 21:27:21  INFO     uvicorn.access  162.158.175.157:14157 - "GET /robots.txt HTTP/1.1" 307
2026-05-27 21:27:21  INFO     uvicorn.access  162.159.116.198:12157 - "GET / HTTP/1.1" 200
2026-05-27 21:27:21  INFO     uvicorn.access  162.159.116.198:12157 - "GET / HTTP/1.1" 200
2026-05-27 23:42:17  INFO     uvicorn.access  104.23.219.16:11967 - "GET /play HTTP/1.1" 200
2026-05-27 23:42:17  INFO     uvicorn.access  104.23.219.16:11967 - "GET /play HTTP/1.1" 200
2026-05-27 23:42:17  INFO     uvicorn.access  104.23.219.65:14318 - "GET /static/css/play.css?v=1779876137 HTTP/1.1" 200
2026-05-27 23:42:17  INFO     uvicorn.access  104.23.219.65:14318 - "GET /static/css/play.css?v=1779876137 HTTP/1.1" 200
2026-05-27 23:42:17  INFO     uvicorn.access  104.23.219.44:10799 - "GET /static/js/common.js HTTP/1.1" 200
2026-05-27 23:42:17  INFO     uvicorn.access  104.23.219.44:10799 - "GET /static/js/common.js HTTP/1.1" 200
2026-05-27 23:42:17  INFO     uvicorn.access  172.68.111.25:11118 - "GET /static/css/common.css HTTP/1.1" 200
2026-05-27 23:42:17  INFO     uvicorn.access  172.68.111.25:11118 - "GET /static/css/common.css HTTP/1.1" 200
2026-05-27 23:42:17  INFO     uvicorn.access  104.23.219.84:11755 - "GET /static/js/play.js?v=1779876137 HTTP/1.1" 200
2026-05-27 23:42:17  INFO     uvicorn.access  104.23.219.84:11755 - "GET /static/js/play.js?v=1779876137 HTTP/1.1" 200
2026-05-27 23:42:18  INFO     uvicorn.access  104.23.219.16:11967 - "GET /api/announcement?page=play HTTP/1.1" 200
2026-05-27 23:42:18  INFO     uvicorn.access  104.23.219.16:11967 - "GET /api/announcement?page=play HTTP/1.1" 200
2026-05-28 00:46:07  INFO     uvicorn.access  172.71.8.23:9325 - "GET /static/css/play.css?v=1779876137 HTTP/1.1" 304
2026-05-28 00:46:07  INFO     uvicorn.access  172.64.213.91:10761 - "GET /static/js/play.js?v=1779876137 HTTP/1.1" 304
2026-05-28 01:07:01  INFO     uvicorn.access  35.203.211.164:60406 - "GET / HTTP/1.1" 200
2026-05-28 01:12:26  INFO     uvicorn.access  172.68.211.155:9538 - "GET / HTTP/1.1" 200
2026-05-28 01:12:26  INFO     uvicorn.access  172.68.211.187:12668 - "GET /static/css/common.css HTTP/1.1" 304
2026-05-28 01:12:26  INFO     uvicorn.access  162.159.98.152:12355 - "GET /static/js/common.js HTTP/1.1" 304
2026-05-28 01:12:26  INFO     uvicorn.access  162.158.193.216:11610 - "GET /static/css/home.css HTTP/1.1" 200
2026-05-28 01:12:26  INFO     uvicorn.access  172.68.211.155:9538 - "GET /api/announcement?page=home HTTP/1.1" 200
2026-05-28 01:12:50  INFO     uvicorn.access  172.68.211.155:12754 - "GET / HTTP/1.1" 200
2026-05-28 01:12:50  INFO     uvicorn.access  172.68.211.155:12754 - "GET /api/announcement?page=home HTTP/1.1" 200
2026-05-28 01:13:12  INFO     uvicorn.access  172.68.211.154:13263 - "GET /play HTTP/1.1" 200
2026-05-28 01:13:12  INFO     uvicorn.access  172.68.211.4:12108 - "GET /static/css/play.css?v=1779876137 HTTP/1.1" 304
2026-05-28 01:13:12  INFO     uvicorn.access  162.158.193.100:11033 - "GET /static/js/play.js?v=1779876137 HTTP/1.1" 304
2026-05-28 01:13:13  INFO     uvicorn.access  172.68.211.154:13263 - "GET /api/announcement?page=play HTTP/1.1" 200
2026-05-28 01:13:13  INFO     uvicorn.access  172.68.211.154:13263 - "GET /api/history/usage HTTP/1.1" 200
2026-05-28 01:13:16  INFO     uvicorn.access  172.68.211.154:13263 - "GET /api/history/list HTTP/1.1" 200
2026-05-28 01:13:31  INFO     uvicorn.access  162.159.98.205:11820 - "GET / HTTP/1.1" 200
2026-05-28 01:13:32  INFO     uvicorn.access  162.159.98.205:11820 - "GET /api/announcement?page=home HTTP/1.1" 200
2026-05-28 01:13:36  INFO     uvicorn.access  162.159.98.205:11820 - "GET /docs HTTP/1.1" 200
2026-05-28 01:13:37  INFO     uvicorn.access  162.159.98.205:11820 - "GET /static/css/docs.css?v=1779876137 HTTP/1.1" 200
2026-05-28 01:13:37  INFO     uvicorn.access  162.159.98.205:11820 - "GET /api/announcement?page=docs HTTP/1.1" 200
2026-05-28 01:13:37  INFO     uvicorn.access  172.68.211.154:12934 - "GET /api/proxy/v1/models HTTP/1.1" 200
2026-05-28 01:13:49  INFO     uvicorn.access  162.159.98.205:14161 - "GET /gallery HTTP/1.1" 200
2026-05-28 01:13:49  INFO     uvicorn.access  162.159.98.28:14017 - "GET /static/css/gallery.css?v=1779876137 HTTP/1.1" 200
2026-05-28 01:13:49  INFO     uvicorn.access  162.158.178.158:13124 - "GET /static/js/gallery.js?v=1779876137 HTTP/1.1" 200
2026-05-28 01:13:50  INFO     uvicorn.access  162.159.98.205:14161 - "GET /api/announcement?page=gallery HTTP/1.1" 200
2026-05-28 01:13:50  INFO     uvicorn.access  162.159.98.204:11176 - "POST /auth/verify HTTP/1.1" 200
2026-05-28 01:13:50  INFO     uvicorn.access  162.159.98.205:14161 - "GET /api/gallery/liked?fingerprint=36385750 HTTP/1.1" 200
2026-05-28 01:13:51  INFO     uvicorn.access  162.159.98.204:11176 - "GET /api/gallery/images?page=1&sort=likes HTTP/1.1" 200
2026-05-28 01:13:51  INFO     uvicorn.access  172.71.215.203:12374 - "GET /api/gallery/avatar/IMG_8559.png HTTP/1.1" 200
2026-05-28 01:13:51  INFO     uvicorn.access  162.158.193.196:14036 - "GET /api/gallery/avatar/IMG_8578.png HTTP/1.1" 200
2026-05-28 01:13:51  INFO     uvicorn.access  162.158.193.34:12925 - "GET /api/gallery/avatar/IMG_8531.png HTTP/1.1" 200
2026-05-28 01:13:51  INFO     uvicorn.access  162.159.98.65:9895 - "GET /api/gallery/file/bf8659bfd921477e9b19db3dc33fb5b1.png HTTP/1.1" 200
2026-05-28 01:13:51  INFO     uvicorn.access  172.68.211.36:10882 - "GET /api/gallery/file/3afbc016ab104c9eb569ca1c3d813b39.png HTTP/1.1" 200
2026-05-28 01:13:51  INFO     uvicorn.access  162.158.178.104:9502 - "GET /api/gallery/file/03ebfe77ba784cd4967369a9bf682555.png HTTP/1.1" 200
2026-05-28 01:13:51  INFO     uvicorn.access  172.68.211.80:12848 - "GET /api/gallery/file/5288082c3c2f480ba32bf60a2b7a0a8d.png HTTP/1.1" 200
2026-05-28 01:13:51  INFO     uvicorn.access  162.158.193.153:12114 - "GET /api/gallery/file/504cff89cfa0457a983588b56e14224d.png HTTP/1.1" 200
2026-05-28 01:13:51  INFO     uvicorn.access  162.158.193.164:11932 - "GET /api/gallery/file/4146c931c3244121ae6704675aad583b.png HTTP/1.1" 200
2026-05-28 01:13:51  INFO     uvicorn.access  172.68.225.242:13615 - "GET /api/gallery/file/039985f90d01467c8aa2f27d4b719282.png HTTP/1.1" 200
2026-05-28 01:14:05  INFO     uvicorn.access  172.71.215.21:9987 - "GET /api/history/image/ichgez/1779876622099_4256_0.png?token=eyJpZCI6IDAsICJ1c2VybmFtZSI6ICJpY2hnZXoiLCAicm9sZSI6IDAsICJpc19hZG1pbiI6IGZhbHNlLCAiZXhwIjogMTc4MDM2MzI0N30%3D.777a61f2c56e347a58a8bf480387c227 HTTP/1.1" 404
2026-05-28 01:15:34  INFO     uvicorn.access  104.23.251.191:12636 - "GET / HTTP/1.1" 200
2026-05-28 01:15:34  INFO     uvicorn.access  162.158.91.170:11847 - "GET /static/css/home.css HTTP/1.1" 304
2026-05-28 01:15:34  INFO     uvicorn.access  172.64.217.136:11976 - "GET /static/js/common.js HTTP/1.1" 304
2026-05-28 01:15:34  INFO     uvicorn.access  162.158.91.115:14156 - "GET /static/css/common.css HTTP/1.1" 304
2026-05-28 01:15:34  INFO     uvicorn.access  104.23.251.191:12636 - "GET /api/announcement?page=home HTTP/1.1" 200
2026-05-28 01:16:49  INFO     uvicorn.access  162.159.98.204:10404 - "GET /play HTTP/1.1" 200
2026-05-28 01:16:49  INFO     uvicorn.access  162.159.98.204:10404 - "GET /api/announcement?page=play HTTP/1.1" 200
2026-05-28 01:16:49  INFO     uvicorn.access  162.159.98.204:10409 - "GET /api/history/usage HTTP/1.1" 200
2026-05-28 01:16:49  INFO     uvicorn.access  162.159.98.204:10404 - "GET /api/history/list HTTP/1.1" 200
2026-05-28 01:16:57  INFO     uvicorn.access  172.68.225.118:10405 - "POST /api/proxy/v1/images/edits HTTP/1.1" 200
2026-05-28 01:17:00  INFO     uvicorn.access  172.68.225.118:10405 - "POST /api/history/save HTTP/1.1" 200
2026-05-28 01:17:00  INFO     uvicorn.access  172.68.225.118:10405 - "GET /api/history/usage HTTP/1.1" 200
2026-05-28 01:17:06  INFO     uvicorn.access  162.159.98.205:12215 - "GET /api/proxy/v1/models HTTP/1.1" 200
2026-05-28 01:20:39  INFO     uvicorn.access  172.71.210.14:9255 - "POST /api/proxy/v1/images/edits HTTP/1.1" 200
2026-05-28 01:20:46  INFO     uvicorn.access  172.71.210.15:12328 - "POST /api/history/save HTTP/1.1" 200
2026-05-28 01:20:47  INFO     uvicorn.access  172.71.210.15:12328 - "GET /api/history/usage HTTP/1.1" 200
2026-05-28 01:22:56  INFO     uvicorn.access  172.71.210.14:12745 - "POST /api/proxy/v1/images/edits HTTP/1.1" 200
2026-05-28 01:23:00  INFO     uvicorn.access  172.71.210.14:12745 - "POST /api/history/save HTTP/1.1" 200
2026-05-28 01:23:00  INFO     uvicorn.access  172.71.210.14:12745 - "GET /api/history/usage HTTP/1.1" 200
2026-05-28 01:26:27  INFO     uvicorn.access  172.68.225.119:13144 - "POST /api/proxy/v1/images/edits HTTP/1.1" 200
2026-05-28 01:26:31  INFO     uvicorn.access  172.68.225.119:13144 - "POST /api/history/save HTTP/1.1" 200
2026-05-28 01:26:31  INFO     uvicorn.access  172.68.225.119:13144 - "GET /api/history/usage HTTP/1.1" 200
2026-05-28 01:30:56  INFO     uvicorn.access  172.71.215.38:10013 - "POST /api/proxy/v1/images/edits HTTP/1.1" 200
2026-05-28 01:31:01  INFO     uvicorn.access  172.71.215.38:10013 - "POST /api/history/save HTTP/1.1" 200
2026-05-28 01:31:01  INFO     uvicorn.access  172.71.215.38:10013 - "GET /api/history/usage HTTP/1.1" 200
2026-05-28 01:33:54  INFO     uvicorn.access  172.71.215.38:13782 - "POST /api/proxy/v1/images/edits HTTP/1.1" 200
2026-05-28 01:33:58  INFO     uvicorn.access  172.71.215.38:13782 - "POST /api/history/save HTTP/1.1" 200
2026-05-28 01:33:58  INFO     uvicorn.access  172.71.215.38:13782 - "GET /api/history/usage HTTP/1.1" 200
2026-05-28 01:36:14  INFO     uvicorn.access  172.71.215.38:10646 - "POST /api/proxy/v1/images/generations HTTP/1.1" 200
2026-05-28 01:36:19  INFO     uvicorn.access  172.71.215.38:10646 - "POST /api/history/save HTTP/1.1" 200
2026-05-28 01:36:19  INFO     uvicorn.access  172.71.215.38:10646 - "GET /api/history/usage HTTP/1.1" 200
2026-05-28 01:41:31  INFO     uvicorn.access  172.71.215.37:12552 - "GET / HTTP/1.1" 200
2026-05-28 01:41:31  INFO     uvicorn.access  172.71.215.37:12552 - "GET /api/announcement?page=home HTTP/1.1" 200
2026-05-28 01:41:33  INFO     uvicorn.access  162.158.193.212:13216 - "POST /api/proxy/v1/images/generations HTTP/1.1" 200
2026-05-28 01:41:37  INFO     uvicorn.access  162.158.193.212:13216 - "POST /api/history/save HTTP/1.1" 200
2026-05-28 01:41:37  INFO     uvicorn.access  162.158.193.212:13216 - "GET /api/history/usage HTTP/1.1" 200
2026-05-28 01:41:45  INFO     uvicorn.access  104.23.251.190:11956 - "GET / HTTP/1.1" 200
2026-05-28 01:41:46  INFO     uvicorn.access  104.23.251.190:11956 - "GET /api/announcement?page=home HTTP/1.1" 200
2026-05-28 01:44:07  INFO     uvicorn.access  162.158.193.213:14007 - "POST /api/proxy/v1/images/edits HTTP/1.1" 200
2026-05-28 01:44:11  INFO     uvicorn.access  162.158.193.213:14007 - "POST /api/history/save HTTP/1.1" 200
2026-05-28 01:44:11  INFO     uvicorn.access  162.158.193.213:14007 - "GET /api/history/usage HTTP/1.1" 200
2026-05-28 01:51:36  INFO     uvicorn.access  162.158.178.120:10731 - "POST /api/proxy/v1/images/edits HTTP/1.1" 200
2026-05-28 01:51:40  INFO     uvicorn.access  162.158.178.120:10731 - "POST /api/history/save HTTP/1.1" 200
2026-05-28 01:51:41  INFO     uvicorn.access  162.158.178.120:10731 - "GET /api/history/usage HTTP/1.1" 200
2026-05-28 01:52:57  INFO     uvicorn.access  162.158.178.121:11863 - "POST /api/proxy/v1/images/edits HTTP/1.1" 200
2026-05-28 01:53:01  INFO     uvicorn.access  162.158.178.121:11863 - "POST /api/history/save HTTP/1.1" 200
2026-05-28 01:53:01  INFO     uvicorn.access  162.158.178.121:11863 - "GET /api/history/usage HTTP/1.1" 200
2026-05-28 01:55:50  INFO     uvicorn.access  162.158.178.120:11691 - "POST /api/proxy/v1/images/edits HTTP/1.1" 200
2026-05-28 01:55:54  INFO     uvicorn.access  162.158.178.120:11691 - "POST /api/history/save HTTP/1.1" 200
2026-05-28 01:55:54  INFO     uvicorn.access  162.158.178.120:11691 - "GET /api/history/usage HTTP/1.1" 200
2026-05-28 01:58:46  INFO     uvicorn.access  162.158.178.120:14311 - "POST /api/proxy/v1/images/edits HTTP/1.1" 200
2026-05-28 01:58:50  INFO     uvicorn.access  162.158.178.120:14311 - "POST /api/history/save HTTP/1.1" 200
2026-05-28 01:58:50  INFO     uvicorn.access  162.158.178.120:14311 - "GET /api/history/usage HTTP/1.1" 200
2026-05-28 02:04:24  INFO     uvicorn.access  172.68.225.118:9824 - "POST /api/proxy/v1/images/edits HTTP/1.1" 200
2026-05-28 02:04:28  INFO     uvicorn.access  172.68.225.118:9824 - "POST /api/history/save HTTP/1.1" 200
2026-05-28 02:04:28  INFO     uvicorn.access  172.68.225.118:9824 - "GET /api/history/usage HTTP/1.1" 200
2026-05-28 02:06:58  INFO     uvicorn.access  172.68.225.118:13710 - "POST /api/proxy/v1/images/generations HTTP/1.1" 200
2026-05-28 02:07:02  INFO     uvicorn.access  172.68.225.118:13710 - "POST /api/history/save HTTP/1.1" 200
2026-05-28 02:07:03  INFO     uvicorn.access  172.68.225.118:13710 - "GET /api/history/usage HTTP/1.1" 200
2026-05-28 02:11:25  INFO     uvicorn.access  172.71.215.38:13528 - "POST /api/proxy/v1/images/generations HTTP/1.1" 200
2026-05-28 02:11:30  INFO     uvicorn.access  172.71.215.38:13528 - "POST /api/history/save HTTP/1.1" 200
2026-05-28 02:11:30  INFO     uvicorn.access  172.71.215.38:13528 - "GET /api/history/usage HTTP/1.1" 200
2026-05-28 02:13:59  INFO     uvicorn.access  172.71.215.37:9399 - "POST /api/proxy/v1/images/generations HTTP/1.1" 200
2026-05-28 02:14:05  INFO     uvicorn.access  172.71.215.37:9399 - "POST /api/history/save HTTP/1.1" 200
2026-05-28 02:14:05  INFO     uvicorn.access  172.71.215.37:9399 - "GET /api/history/usage HTTP/1.1" 200
2026-05-28 02:17:26  INFO     uvicorn.access  162.159.108.107:11672 - "GET /api/proxy/v1/models HTTP/1.1" 200
2026-05-28 02:17:36  INFO     uvicorn.access  162.158.193.212:9437 - "POST /api/proxy/v1/images/edits HTTP/1.1" 200
2026-05-28 02:17:42  INFO     uvicorn.access  162.158.193.212:9437 - "POST /api/history/save HTTP/1.1" 200
2026-05-28 02:17:42  INFO     uvicorn.access  162.158.193.212:9437 - "GET /api/history/usage HTTP/1.1" 200
2026-05-28 02:19:37  WARNING  app.routers.api_proxy  代理上游返回 HTML 错误 [524] https://newapi-cf.qianqianye.com/v1/images/generations: <!DOCTYPE html>
<!--[if lt IE 7]> <html class="no-js ie6 oldie" lang="en-US"> <![endif]-->
<!--[if I
2026-05-28 02:19:55  INFO     uvicorn.access  162.158.193.213:10999 - "POST /api/proxy/v1/images/edits HTTP/1.1" 200
2026-05-28 02:20:02  INFO     uvicorn.access  162.158.193.213:13220 - "POST /api/history/save HTTP/1.1" 200
2026-05-28 02:20:02  INFO     uvicorn.access  162.158.193.213:13220 - "GET /api/history/usage HTTP/1.1" 200
2026-05-28 02:22:53  INFO     uvicorn.access  162.158.193.213:9913 - "POST /api/proxy/v1/images/edits HTTP/1.1" 200
2026-05-28 02:23:00  INFO     uvicorn.access  162.158.193.212:11232 - "POST /api/history/save HTTP/1.1" 200
2026-05-28 02:23:00  INFO     uvicorn.access  162.158.193.212:11232 - "GET /api/history/usage HTTP/1.1" 200
2026-05-28 02:24:26  INFO     uvicorn.access  162.159.98.205:12904 - "GET / HTTP/1.1" 200
2026-05-28 02:24:26  INFO     uvicorn.access  162.159.98.205:12904 - "GET /api/announcement?page=home HTTP/1.1" 200
2026-05-28 02:35:56  INFO     uvicorn.access  162.159.98.205:11856 - "POST /api/proxy/v1/images/edits HTTP/1.1" 200
2026-05-28 02:36:01  INFO     uvicorn.access  162.159.98.205:11856 - "POST /api/history/save HTTP/1.1" 200
2026-05-28 02:36:01  INFO     uvicorn.access  162.159.98.205:11856 - "GET /api/history/usage HTTP/1.1" 200
2026-05-28 02:46:40  INFO     uvicorn.access  172.70.47.160:13900 - "GET / HTTP/1.1" 200
2026-05-28 02:46:41  INFO     uvicorn.access  162.159.113.65:13442 - "GET /static/css/common.css HTTP/1.1" 304
2026-05-28 02:46:41  INFO     uvicorn.access  104.23.166.66:9599 - "GET /static/css/home.css HTTP/1.1" 200
2026-05-28 02:46:41  INFO     uvicorn.access  172.71.95.118:9641 - "GET /static/js/common.js HTTP/1.1" 304
2026-05-28 02:46:42  INFO     uvicorn.access  172.70.47.160:13900 - "GET /api/announcement?page=home HTTP/1.1" 200
2026-05-28 02:46:55  INFO     uvicorn.access  172.70.47.160:11705 - "GET /play HTTP/1.1" 200
2026-05-28 02:46:56  INFO     uvicorn.access  162.159.113.13:10399 - "GET /static/css/play.css?v=1779876137 HTTP/1.1" 304
2026-05-28 02:46:56  INFO     uvicorn.access  104.23.168.49:10897 - "GET /static/js/play.js?v=1779876137 HTTP/1.1" 304
2026-05-28 02:46:57  INFO     uvicorn.access  172.70.47.160:11705 - "GET /api/announcement?page=play HTTP/1.1" 200
2026-05-28 03:08:20  INFO     uvicorn.access  172.71.95.25:10394 - "GET / HTTP/1.1" 200
2026-05-28 03:08:20  INFO     uvicorn.access  172.71.95.25:10394 - "GET /api/announcement?page=home HTTP/1.1" 200
2026-05-28 03:08:39  INFO     uvicorn.access  172.71.95.25:11733 - "GET / HTTP/1.1" 200
2026-05-28 03:08:39  INFO     uvicorn.access  172.71.95.25:11733 - "GET /api/announcement?page=home HTTP/1.1" 200
2026-05-28 03:08:43  INFO     uvicorn.access  172.71.95.25:11733 - "GET /play HTTP/1.1" 200
2026-05-28 03:08:44  INFO     uvicorn.access  172.71.95.25:11733 - "GET /api/announcement?page=play HTTP/1.1" 200
2026-05-28 03:09:32  INFO     uvicorn.access  172.71.95.26:12808 - "GET /api/proxy/v1/models HTTP/1.1" 200
2026-05-28 03:11:21  INFO     uvicorn.access  172.71.95.26:10782 - "POST /api/proxy/v1/images/generations HTTP/1.1" 200
2026-05-28 04:38:47  INFO     uvicorn.access  162.158.152.170:12381 - "GET / HTTP/1.1" 200
2026-05-28 05:12:08  INFO     uvicorn.access  172.70.47.160:11376 - "GET /gallery HTTP/1.1" 200
2026-05-28 05:12:09  INFO     uvicorn.access  162.159.113.64:14267 - "GET /static/css/common.css HTTP/1.1" 304
2026-05-28 05:12:09  INFO     uvicorn.access  104.23.172.104:10274 - "GET /static/css/gallery.css?v=1779876137 HTTP/1.1" 200
2026-05-28 05:12:09  INFO     uvicorn.access  141.101.76.35:13334 - "GET /static/js/gallery.js?v=1779876137 HTTP/1.1" 200
2026-05-28 05:12:09  INFO     uvicorn.access  172.71.95.118:11027 - "GET /static/js/common.js HTTP/1.1" 304
2026-05-28 05:12:10  INFO     uvicorn.access  172.70.47.160:11376 - "GET /api/announcement?page=gallery HTTP/1.1" 200
2026-05-28 05:16:05  INFO     uvicorn.access  172.64.217.52:9343 - "GET /play HTTP/1.1" 200
2026-05-28 05:16:07  INFO     uvicorn.access  162.158.91.115:12941 - "GET /static/css/common.css HTTP/1.1" 304
2026-05-28 05:16:07  INFO     uvicorn.access  172.69.33.64:11813 - "GET /static/js/play.js?v=1779876137 HTTP/1.1" 304
2026-05-28 05:16:07  INFO     uvicorn.access  172.70.215.22:12196 - "GET /static/css/play.css?v=1779876137 HTTP/1.1" 304
2026-05-28 05:16:07  INFO     uvicorn.access  172.64.217.136:13866 - "GET /static/js/common.js HTTP/1.1" 304
2026-05-28 05:16:08  INFO     uvicorn.access  162.158.186.5:10782 - "GET /api/announcement?page=play HTTP/1.1" 200
2026-05-28 05:16:08  INFO     uvicorn.access  162.158.186.5:10786 - "GET /api/history/list HTTP/1.1" 401
2026-05-28 05:16:08  INFO     uvicorn.access  162.158.186.5:10784 - "GET /api/history/usage HTTP/1.1" 401
2026-05-28 05:16:23  INFO     uvicorn.access  162.158.186.5:10183 - "GET /api/proxy/v1/models HTTP/1.1" 401
2026-05-28 05:19:28  INFO     uvicorn.access  172.68.23.39:11585 - "GET / HTTP/1.1" 200
2026-05-28 05:19:28  INFO     uvicorn.access  172.68.22.110:12486 - "GET /static/css/common.css HTTP/1.1" 200
2026-05-28 05:19:28  INFO     uvicorn.access  172.68.22.141:11842 - "GET /static/js/common.js HTTP/1.1" 200
2026-05-28 05:19:28  INFO     uvicorn.access  172.68.23.165:10583 - "GET /static/css/home.css HTTP/1.1" 200
2026-05-28 05:19:29  INFO     uvicorn.access  108.162.246.190:14314 - "GET /api/announcement?page=home HTTP/1.1" 200
2026-05-28 05:19:30  INFO     uvicorn.access  108.162.245.118:9337 - "GET /play HTTP/1.1" 200
2026-05-28 05:19:30  INFO     uvicorn.access  108.162.245.142:13495 - "GET /static/js/play.js?v=1779876137 HTTP/1.1" 200
2026-05-28 05:19:30  INFO     uvicorn.access  162.159.120.248:13778 - "GET /static/css/play.css?v=1779876137 HTTP/1.1" 200
2026-05-28 05:19:31  INFO     uvicorn.access  108.162.246.190:14314 - "GET /api/announcement?page=play HTTP/1.1" 200
2026-05-28 05:19:51  INFO     uvicorn.access  108.162.246.189:9844 - "POST /auth/login HTTP/1.1" 200
2026-05-28 05:19:56  INFO     uvicorn.access  108.162.246.189:9844 - "POST /auth/login HTTP/1.1" 200
2026-05-28 05:20:00  INFO     uvicorn.access  108.162.246.189:9844 - "POST /auth/login HTTP/1.1" 200
2026-05-28 05:20:07  INFO     uvicorn.access  108.162.246.189:10991 - "POST /auth/login HTTP/1.1" 200
2026-05-28 05:20:27  INFO     uvicorn.access  108.162.246.189:13904 - "POST /auth/login HTTP/1.1" 200
2026-05-28 05:20:27  INFO     uvicorn.access  108.162.246.189:13904 - "GET /api/history/usage HTTP/1.1" 200
2026-05-28 05:20:27  INFO     uvicorn.access  108.162.246.190:9610 - "GET /api/history/list HTTP/1.1" 200
2026-05-28 05:20:59  INFO     uvicorn.access  172.68.23.39:10089 - "GET /api/proxy/v1/models HTTP/1.1" 200
2026-05-28 05:21:04  INFO     uvicorn.access  108.162.246.253:10690 - "GET /api/history/image/napcat/1779931591210_7012_0.png?token=eyJpZCI6IDAsICJ1c2VybmFtZSI6ICJuYXBjYXQiLCAicm9sZSI6IDAsICJpc19hZG1pbiI6IGZhbHNlLCAiZXhwIjogMTc4MjUzNzYyN30%3D.2251ea26e5d27de2137b2d5eeb624eae HTTP/1.1" 404
2026-05-28 05:21:04  INFO     uvicorn.access  162.159.120.218:14080 - "GET /api/history/image/napcat/1779933530071_4970_0.png?token=eyJpZCI6IDAsICJ1c2VybmFtZSI6ICJuYXBjYXQiLCAicm9sZSI6IDAsICJpc19hZG1pbiI6IGZhbHNlLCAiZXhwIjogMTc4MjUzNzYyN30%3D.2251ea26e5d27de2137b2d5eeb624eae HTTP/1.1" 404
2026-05-28 05:21:04  INFO     uvicorn.access  108.162.246.93:9281 - "GET /api/history/image/napcat/1779933100651_3277_0.png?token=eyJpZCI6IDAsICJ1c2VybmFtZSI6ICJuYXBjYXQiLCAicm9sZSI6IDAsICJpc19hZG1pbiI6IGZhbHNlLCAiZXhwIjogMTc4MjUzNzYyN30%3D.2251ea26e5d27de2137b2d5eeb624eae HTTP/1.1" 404
2026-05-28 05:21:04  INFO     uvicorn.access  162.159.120.219:13025 - "GET /api/history/image/napcat/1779931246920_5746_0.png?token=eyJpZCI6IDAsICJ1c2VybmFtZSI6ICJuYXBjYXQiLCAicm9sZSI6IDAsICJpc19hZG1pbiI6IGZhbHNlLCAiZXhwIjogMTc4MjUzNzYyN30%3D.2251ea26e5d27de2137b2d5eeb624eae HTTP/1.1" 404
2026-05-28 05:21:04  INFO     uvicorn.access  108.162.246.205:12917 - "GET /api/history/image/napcat/1779931380281_5500_0.png?token=eyJpZCI6IDAsICJ1c2VybmFtZSI6ICJuYXBjYXQiLCAicm9sZSI6IDAsICJpc19hZG1pbiI6IGZhbHNlLCAiZXhwIjogMTc4MjUzNzYyN30%3D.2251ea26e5d27de2137b2d5eeb624eae HTTP/1.1" 404
2026-05-28 05:21:04  INFO     uvicorn.access  162.159.120.165:13685 - "GET /api/history/image/napcat/1779934980353_9616_0.png?token=eyJpZCI6IDAsICJ1c2VybmFtZSI6ICJuYXBjYXQiLCAicm9sZSI6IDAsICJpc19hZG1pbiI6IGZhbHNlLCAiZXhwIjogMTc4MjUzNzYyN30%3D.2251ea26e5d27de2137b2d5eeb624eae HTTP/1.1" 404
2026-05-28 05:21:04  INFO     uvicorn.access  108.162.245.49:11752 - "GET /api/history/image/napcat/1779932179017_7793_0.png?token=eyJpZCI6IDAsICJ1c2VybmFtZSI6ICJuYXBjYXQiLCAicm9sZSI6IDAsICJpc19hZG1pbiI6IGZhbHNlLCAiZXhwIjogMTc4MjUzNzYyN30%3D.2251ea26e5d27de2137b2d5eeb624eae HTTP/1.1" 404
2026-05-28 05:21:04  INFO     uvicorn.access  108.162.246.48:13063 - "GET /api/history/image/napcat/1779934445550_5044_0.png?token=eyJpZCI6IDAsICJ1c2VybmFtZSI6ICJuYXBjYXQiLCAicm9sZSI6IDAsICJpc19hZG1pbiI6IGZhbHNlLCAiZXhwIjogMTc4MjUzNzYyN30%3D.2251ea26e5d27de2137b2d5eeb624eae HTTP/1.1" 404
2026-05-28 05:21:04  INFO     uvicorn.access  108.162.246.70:13374 - "GET /api/history/image/napcat/1779934662353_8950_0.png?token=eyJpZCI6IDAsICJ1c2VybmFtZSI6ICJuYXBjYXQiLCAicm9sZSI6IDAsICJpc19hZG1pbiI6IGZhbHNlLCAiZXhwIjogMTc4MjUzNzYyN30%3D.2251ea26e5d27de2137b2d5eeb624eae HTTP/1.1" 404
2026-05-28 05:21:04  INFO     uvicorn.access  162.159.120.190:10319 - "GET /api/history/image/napcat/1779931861145_6987_0.png?token=eyJpZCI6IDAsICJ1c2VybmFtZSI6ICJuYXBjYXQiLCAicm9sZSI6IDAsICJpc19hZG1pbiI6IGZhbHNlLCAiZXhwIjogMTc4MjUzNzYyN30%3D.2251ea26e5d27de2137b2d5eeb624eae HTTP/1.1" 404
2026-05-28 05:21:04  INFO     uvicorn.access  108.162.246.101:10442 - "GET /api/history/image/napcat/1779933354413_1574_0.png?token=eyJpZCI6IDAsICJ1c2VybmFtZSI6ICJuYXBjYXQiLCAicm9sZSI6IDAsICJpc19hZG1pbiI6IGZhbHNlLCAiZXhwIjogMTc4MjUzNzYyN30%3D.2251ea26e5d27de2137b2d5eeb624eae HTTP/1.1" 404
2026-05-28 05:21:04  INFO     uvicorn.access  108.162.245.58:10919 - "GET /api/history/image/napcat/1779935761023_2790_0.png?token=eyJpZCI6IDAsICJ1c2VybmFtZSI6ICJuYXBjYXQiLCAicm9sZSI6IDAsICJpc19hZG1pbiI6IGZhbHNlLCAiZXhwIjogMTc4MjUzNzYyN30%3D.2251ea26e5d27de2137b2d5eeb624eae HTTP/1.1" 404
2026-05-28 05:21:04  INFO     uvicorn.access  108.162.246.117:13694 - "GET /api/history/image/napcat/1779931020302_4250_0.png?token=eyJpZCI6IDAsICJ1c2VybmFtZSI6ICJuYXBjYXQiLCAicm9sZSI6IDAsICJpc19hZG1pbiI6IGZhbHNlLCAiZXhwIjogMTc4MjUzNzYyN30%3D.2251ea26e5d27de2137b2d5eeb624eae HTTP/1.1" 404
2026-05-28 05:21:04  INFO     uvicorn.access  162.159.120.152:12398 - "GET /api/history/image/napcat/1779934802003_9477_0.png?token=eyJpZCI6IDAsICJ1c2VybmFtZSI6ICJuYXBjYXQiLCAicm9sZSI6IDAsICJpc19hZG1pbiI6IGZhbHNlLCAiZXhwIjogMTc4MjUzNzYyN30%3D.2251ea26e5d27de2137b2d5eeb624eae HTTP/1.1" 404
2026-05-28 05:21:04  INFO     uvicorn.access  108.162.245.148:10190 - "GET /api/history/image/napcat/1779933868221_9379_0.png?token=eyJpZCI6IDAsICJ1c2VybmFtZSI6ICJuYXBjYXQiLCAicm9sZSI6IDAsICJpc19hZG1pbiI6IGZhbHNlLCAiZXhwIjogMTc4MjUzNzYyN30%3D.2251ea26e5d27de2137b2d5eeb624eae HTTP/1.1" 404
2026-05-28 05:21:04  INFO     uvicorn.access  162.159.120.211:10567 - "GET /api/history/image/napcat/1779932038169_4494_0.png?token=eyJpZCI6IDAsICJ1c2VybmFtZSI6ICJuYXBjYXQiLCAicm9sZSI6IDAsICJpc19hZG1pbiI6IGZhbHNlLCAiZXhwIjogMTc4MjUzNzYyN30%3D.2251ea26e5d27de2137b2d5eeb624eae HTTP/1.1" 404
2026-05-28 05:21:04  INFO     uvicorn.access  108.162.246.72:11967 - "GET /api/history/image/napcat/1779933181088_1140_0.png?token=eyJpZCI6IDAsICJ1c2VybmFtZSI6ICJuYXBjYXQiLCAicm9sZSI6IDAsICJpc19hZG1pbiI6IGZhbHNlLCAiZXhwIjogMTc4MjUzNzYyN30%3D.2251ea26e5d27de2137b2d5eeb624eae HTTP/1.1" 404
2026-05-28 05:21:04  INFO     uvicorn.access  108.162.245.178:10844 - "GET /api/history/image/napcat/1779932651307_3349_0.png?token=eyJpZCI6IDAsICJ1c2VybmFtZSI6ICJuYXBjYXQiLCAicm9sZSI6IDAsICJpc19hZG1pbiI6IGZhbHNlLCAiZXhwIjogMTc4MjUzNzYyN30%3D.2251ea26e5d27de2137b2d5eeb624eae HTTP/1.1" 404
2026-05-28 05:21:04  INFO     uvicorn.access  108.162.245.216:9446 - "GET /api/history/image/napcat/1779934022428_8678_0.png?token=eyJpZCI6IDAsICJ1c2VybmFtZSI6ICJuYXBjYXQiLCAicm9sZSI6IDAsICJpc19hZG1pbiI6IGZhbHNlLCAiZXhwIjogMTc4MjUzNzYyN30%3D.2251ea26e5d27de2137b2d5eeb624eae HTTP/1.1" 404
2026-05-28 05:21:04  INFO     uvicorn.access  108.162.245.33:13320 - "GET /api/history/image/napcat/1779932497471_2967_0.png?token=eyJpZCI6IDAsICJ1c2VybmFtZSI6ICJuYXBjYXQiLCAicm9sZSI6IDAsICJpc19hZG1pbiI6IGZhbHNlLCAiZXhwIjogMTc4MjUzNzYyN30%3D.2251ea26e5d27de2137b2d5eeb624eae HTTP/1.1" 404
2026-05-28 05:21:04  INFO     uvicorn.access  108.162.246.150:9560 - "GET /api/history/image/napcat/1779934290626_3853_0.png?token=eyJpZCI6IDAsICJ1c2VybmFtZSI6ICJuYXBjYXQiLCAicm9sZSI6IDAsICJpc19hZG1pbiI6IGZhbHNlLCAiZXhwIjogMTc4MjUzNzYyN30%3D.2251ea26e5d27de2137b2d5eeb624eae HTTP/1.1" 404
2026-05-28 05:21:06  INFO     uvicorn.access  108.162.245.220:13110 - "GET /api/history/image/napcat/1779876622099_4256_0.png?token=eyJpZCI6IDAsICJ1c2VybmFtZSI6ICJuYXBjYXQiLCAicm9sZSI6IDAsICJpc19hZG1pbiI6IGZhbHNlLCAiZXhwIjogMTc4MjUzNzYyN30%3D.2251ea26e5d27de2137b2d5eeb624eae HTTP/1.1" 404
2026-05-28 05:27:29  INFO     uvicorn.access  172.68.23.39:9752 - "POST /api/proxy/v1/images/generations HTTP/1.1" 200
2026-05-28 05:27:39  INFO     uvicorn.access  172.68.23.39:9596 - "POST /api/history/save HTTP/1.1" 200
2026-05-28 05:27:39  INFO     uvicorn.access  108.162.246.189:11596 - "GET /api/history/usage HTTP/1.1" 200
2026-05-28 05:33:10  INFO     uvicorn.access  172.68.23.39:10729 - "POST /api/proxy/v1/images/generations HTTP/1.1" 200
2026-05-28 05:33:22  INFO     uvicorn.access  172.68.23.39:10729 - "POST /api/history/save HTTP/1.1" 200
2026-05-28 05:33:22  INFO     uvicorn.access  172.68.23.39:10729 - "GET /api/history/usage HTTP/1.1" 200
2026-05-28 05:43:39  INFO     uvicorn.access  162.158.193.212:10679 - "POST /api/proxy/v1/images/edits HTTP/1.1" 200
2026-05-28 05:43:50  INFO     uvicorn.access  162.158.193.212:9275 - "POST /api/history/save HTTP/1.1" 200
2026-05-28 05:43:50  INFO     uvicorn.access  162.158.193.212:9275 - "GET /api/history/usage HTTP/1.1" 200
2026-05-28 05:49:46  INFO     uvicorn.access  172.71.215.37:12292 - "POST /api/proxy/v1/images/edits HTTP/1.1" 200
2026-05-28 05:49:57  INFO     uvicorn.access  172.71.215.37:11125 - "POST /api/history/save HTTP/1.1" 200
2026-05-28 05:49:57  INFO     uvicorn.access  172.71.215.37:11125 - "GET /api/history/usage HTTP/1.1" 200
2026-05-28 05:55:14  INFO     uvicorn.access  162.158.193.213:11258 - "POST /api/proxy/v1/images/generations HTTP/1.1" 200
2026-05-28 05:55:31  INFO     uvicorn.access  162.158.193.213:11814 - "POST /api/history/save HTTP/1.1" 200
2026-05-28 05:55:31  INFO     uvicorn.access  162.158.193.213:11814 - "GET /api/history/usage HTTP/1.1" 200
2026-05-28 05:58:25  INFO     uvicorn.access  162.158.193.212:10052 - "POST /api/proxy/v1/images/edits HTTP/1.1" 200
2026-05-28 05:58:48  INFO     uvicorn.access  162.158.193.213:12592 - "POST /api/history/save HTTP/1.1" 200
2026-05-28 05:58:48  INFO     uvicorn.access  162.158.193.213:12592 - "GET /api/history/usage HTTP/1.1" 200
2026-05-28 06:03:09  WARNING  app.routers.api_proxy  代理上游返回 HTML 错误 [524] https://newapi-cf.qianqianye.com/v1/images/edits: <!DOCTYPE html>
<!--[if lt IE 7]> <html class="no-js ie6 oldie" lang="en-US"> <![endif]-->
<!--[if I
2026-05-28 06:05:01  WARNING  app.routers.api_proxy  代理上游返回 HTML 错误 [524] https://newapi-cf.qianqianye.com/v1/images/edits: <!DOCTYPE html>
<!--[if lt IE 7]> <html class="no-js ie6 oldie" lang="en-US"> <![endif]-->
<!--[if I
2026-05-28 06:05:28  INFO     uvicorn.access  104.22.102.27:14162 - "GET / HTTP/1.1" 200
2026-05-28 06:13:39  INFO     uvicorn.access  172.68.211.155:13928 - "POST /api/proxy/v1/images/edits HTTP/1.1" 200
2026-05-28 06:13:54  INFO     uvicorn.access  172.68.211.155:12376 - "POST /api/history/save HTTP/1.1" 200
2026-05-28 06:13:55  INFO     uvicorn.access  172.68.211.155:12376 - "GET /api/history/usage HTTP/1.1" 200
2026-05-28 06:14:40  INFO     uvicorn.access  162.216.150.30:64036 - "GET /metrics HTTP/1.1" 307
2026-05-28 06:14:40  INFO     uvicorn.access  162.216.150.30:64052 - "GET / HTTP/1.1" 200
2026-05-28 06:33:27  INFO     uvicorn.access  172.71.215.38:11558 - "POST /api/proxy/v1/images/edits HTTP/1.1" 200
2026-05-28 06:33:55  INFO     uvicorn.access  172.71.215.38:14144 - "POST /api/history/save HTTP/1.1" 200
2026-05-28 06:33:56  INFO     uvicorn.access  172.71.215.38:14144 - "GET /api/history/usage HTTP/1.1" 200
2026-05-28 06:37:05  INFO     uvicorn.access  172.71.215.37:9271 - "POST /api/proxy/v1/images/edits HTTP/1.1" 200
2026-05-28 06:37:59  INFO     uvicorn.access  172.71.215.37:11951 - "POST /api/history/save HTTP/1.1" 200
2026-05-28 06:37:59  INFO     uvicorn.access  172.71.215.37:11951 - "GET /api/history/usage HTTP/1.1" 200
2026-05-28 06:41:57  INFO     uvicorn.access  172.71.215.37:12323 - "POST /api/proxy/v1/images/edits HTTP/1.1" 200
2026-05-28 06:42:36  INFO     uvicorn.access  172.71.215.38:10109 - "POST /api/history/save HTTP/1.1" 200
2026-05-28 06:42:36  INFO     uvicorn.access  172.71.215.38:10109 - "GET /api/history/usage HTTP/1.1" 200
2026-05-28 06:44:22  INFO     uvicorn.access  172.68.225.118:12782 - "GET / HTTP/1.1" 200
2026-05-28 06:44:23  INFO     uvicorn.access  172.68.211.187:14216 - "GET /static/css/common.css HTTP/1.1" 304
2026-05-28 06:44:23  INFO     uvicorn.access  162.158.193.217:9320 - "GET /static/css/home.css HTTP/1.1" 304
2026-05-28 06:44:23  INFO     uvicorn.access  162.159.98.152:9554 - "GET /static/js/common.js HTTP/1.1" 304
2026-05-28 06:44:23  INFO     uvicorn.access  172.68.225.118:12782 - "GET /api/announcement?page=home HTTP/1.1" 200
2026-05-28 06:44:25  INFO     uvicorn.access  172.68.225.118:12782 - "GET /play HTTP/1.1" 200
2026-05-28 06:44:25  INFO     uvicorn.access  172.68.211.4:12180 - "GET /static/css/play.css?v=1779876137 HTTP/1.1" 304
2026-05-28 06:44:25  INFO     uvicorn.access  162.158.193.100:12686 - "GET /static/js/play.js?v=1779876137 HTTP/1.1" 304
2026-05-28 06:44:25  INFO     uvicorn.access  172.68.225.118:12782 - "GET /api/announcement?page=play HTTP/1.1" 200
2026-05-28 06:44:26  INFO     uvicorn.access  172.68.225.118:12782 - "GET /api/history/list HTTP/1.1" 200
2026-05-28 06:44:26  INFO     uvicorn.access  172.68.225.119:9379 - "GET /api/history/usage HTTP/1.1" 200
2026-05-28 06:44:34  INFO     uvicorn.access  172.68.225.118:9714 - "GET /api/proxy/v1/models HTTP/1.1" 403
2026-05-28 06:44:37  INFO     uvicorn.access  172.68.225.118:9714 - "GET /api/proxy/v1/models HTTP/1.1" 403
2026-05-28 06:44:48  INFO     uvicorn.access  172.68.225.119:9621 - "GET /api/proxy/v1/models HTTP/1.1" 401
2026-05-28 06:46:00  INFO     uvicorn.access  172.68.225.119:12553 - "POST /auth/login HTTP/1.1" 200
2026-05-28 06:46:00  INFO     uvicorn.access  172.68.225.119:12553 - "GET /api/history/usage HTTP/1.1" 200
2026-05-28 06:46:01  INFO     uvicorn.access  172.68.225.118:9416 - "GET /api/history/list HTTP/1.1" 200
2026-05-28 06:46:03  INFO     uvicorn.access  172.68.225.119:12553 - "GET /api/proxy/v1/models HTTP/1.1" 401
2026-05-28 06:46:04  INFO     uvicorn.access  172.68.225.118:9416 - "GET /api/proxy/v1/models HTTP/1.1" 401
2026-05-28 06:46:25  INFO     uvicorn.access  172.68.225.118:13247 - "GET /api/proxy/v1/models HTTP/1.1" 200
2026-05-28 06:46:33  INFO     uvicorn.access  162.158.193.22:11395 - "GET /api/history/image/2653780468%40qq.com/1779948834843_8550_0.png?token=eyJpZCI6IDAsICJ1c2VybmFtZSI6ICIyNjUzNzgwNDY4QHFxLmNvbSIsICJyb2xlIjogMCwgImlzX2FkbWluIjogZmFsc2UsICJleHAiOiAxNzgyNTQyNzYwfQ%3D%3D.b9da1fbb4cebdbdd6f02683a362719d8 HTTP/1.1" 404
2026-05-28 06:46:33  INFO     uvicorn.access  172.71.218.89:9403 - "GET /api/history/image/2653780468%40qq.com/1779950279004_9149_0.png?token=eyJpZCI6IDAsICJ1c2VybmFtZSI6ICIyNjUzNzgwNDY4QHFxLmNvbSIsICJyb2xlIjogMCwgImlzX2FkbWluIjogZmFsc2UsICJleHAiOiAxNzgyNTQyNzYwfQ%3D%3D.b9da1fbb4cebdbdd6f02683a362719d8 HTTP/1.1" 404
2026-05-28 06:46:33  INFO     uvicorn.access  172.71.215.173:11448 - "GET /api/history/image/2653780468%40qq.com/1779950035946_9142_0.png?token=eyJpZCI6IDAsICJ1c2VybmFtZSI6ICIyNjUzNzgwNDY4QHFxLmNvbSIsICJyb2xlIjogMCwgImlzX2FkbWluIjogZmFsc2UsICJleHAiOiAxNzgyNTQyNzYwfQ%3D%3D.b9da1fbb4cebdbdd6f02683a362719d8 HTTP/1.1" 404
2026-05-28 06:46:33  INFO     uvicorn.access  162.158.179.199:14080 - "GET /api/history/image/2653780468%40qq.com/1779947397480_8931_0.png?token=eyJpZCI6IDAsICJ1c2VybmFtZSI6ICIyNjUzNzgwNDY4QHFxLmNvbSIsICJyb2xlIjogMCwgImlzX2FkbWluIjogZmFsc2UsICJleHAiOiAxNzgyNTQyNzYwfQ%3D%3D.b9da1fbb4cebdbdd6f02683a362719d8 HTTP/1.1" 404
2026-05-28 06:46:33  INFO     uvicorn.access  172.68.211.10:9659 - "GET /api/history/image/2653780468%40qq.com/1779950556683_1146_0.png?token=eyJpZCI6IDAsICJ1c2VybmFtZSI6ICIyNjUzNzgwNDY4QHFxLmNvbSIsICJyb2xlIjogMCwgImlzX2FkbWluIjogZmFsc2UsICJleHAiOiAxNzgyNTQyNzYwfQ%3D%3D.b9da1fbb4cebdbdd6f02683a362719d8 HTTP/1.1" 404
2026-05-28 06:46:33  INFO     uvicorn.access  172.68.211.78:13887 - "GET /api/history/image/2653780468%40qq.com/1779934445550_5044_0.png?token=eyJpZCI6IDAsICJ1c2VybmFtZSI6ICIyNjUzNzgwNDY4QHFxLmNvbSIsICJyb2xlIjogMCwgImlzX2FkbWluIjogZmFsc2UsICJleHAiOiAxNzgyNTQyNzYwfQ%3D%3D.b9da1fbb4cebdbdd6f02683a362719d8 HTTP/1.1" 404
2026-05-28 06:46:33  INFO     uvicorn.access  162.158.193.86:13669 - "GET /api/history/image/2653780468%40qq.com/1779946402338_6651_0.png?token=eyJpZCI6IDAsICJ1c2VybmFtZSI6ICIyNjUzNzgwNDY4QHFxLmNvbSIsICJyb2xlIjogMCwgImlzX2FkbWluIjogZmFsc2UsICJleHAiOiAxNzgyNTQyNzYwfQ%3D%3D.b9da1fbb4cebdbdd6f02683a362719d8 HTTP/1.1" 404
2026-05-28 06:46:33  INFO     uvicorn.access  162.158.193.209:13483 - "GET /api/history/image/2653780468%40qq.com/1779934022428_8678_0.png?token=eyJpZCI6IDAsICJ1c2VybmFtZSI6ICIyNjUzNzgwNDY4QHFxLmNvbSIsICJyb2xlIjogMCwgImlzX2FkbWluIjogZmFsc2UsICJleHAiOiAxNzgyNTQyNzYwfQ%3D%3D.b9da1fbb4cebdbdd6f02683a362719d8 HTTP/1.1" 404
2026-05-28 06:46:33  INFO     uvicorn.access  162.158.178.123:9342 - "GET /api/history/image/2653780468%40qq.com/1779947731177_3525_0.png?token=eyJpZCI6IDAsICJ1c2VybmFtZSI6ICIyNjUzNzgwNDY4QHFxLmNvbSIsICJyb2xlIjogMCwgImlzX2FkbWluIjogZmFsc2UsICJleHAiOiAxNzgyNTQyNzYwfQ%3D%3D.b9da1fbb4cebdbdd6f02683a362719d8 HTTP/1.1" 404
2026-05-28 06:46:33  INFO     uvicorn.access  162.159.98.106:11225 - "GET /api/history/image/2653780468%40qq.com/1779934290626_3853_0.png?token=eyJpZCI6IDAsICJ1c2VybmFtZSI6ICIyNjUzNzgwNDY4QHFxLmNvbSIsICJyb2xlIjogMCwgImlzX2FkbWluIjogZmFsc2UsICJleHAiOiAxNzgyNTQyNzYwfQ%3D%3D.b9da1fbb4cebdbdd6f02683a362719d8 HTTP/1.1" 404
2026-05-28 06:46:33  INFO     uvicorn.access  162.159.98.217:10995 - "GET /api/history/image/2653780468%40qq.com/1779934662353_8950_0.png?token=eyJpZCI6IDAsICJ1c2VybmFtZSI6ICIyNjUzNzgwNDY4QHFxLmNvbSIsICJyb2xlIjogMCwgImlzX2FkbWluIjogZmFsc2UsICJleHAiOiAxNzgyNTQyNzYwfQ%3D%3D.b9da1fbb4cebdbdd6f02683a362719d8 HTTP/1.1" 404
2026-05-28 06:46:33  INFO     uvicorn.access  172.71.214.40:11662 - "GET /api/history/image/2653780468%40qq.com/1779947928016_5167_0.png?token=eyJpZCI6IDAsICJ1c2VybmFtZSI6ICIyNjUzNzgwNDY4QHFxLmNvbSIsICJyb2xlIjogMCwgImlzX2FkbWluIjogZmFsc2UsICJleHAiOiAxNzgyNTQyNzYwfQ%3D%3D.b9da1fbb4cebdbdd6f02683a362719d8 HTTP/1.1" 404
2026-05-28 06:46:33  INFO     uvicorn.access  172.68.211.131:13423 - "GET /api/history/image/2653780468%40qq.com/1779935761023_2790_0.png?token=eyJpZCI6IDAsICJ1c2VybmFtZSI6ICIyNjUzNzgwNDY4QHFxLmNvbSIsICJyb2xlIjogMCwgImlzX2FkbWluIjogZmFsc2UsICJleHAiOiAxNzgyNTQyNzYwfQ%3D%3D.b9da1fbb4cebdbdd6f02683a362719d8 HTTP/1.1" 404
2026-05-28 06:46:33  INFO     uvicorn.access  162.158.178.4:11575 - "GET /api/history/image/2653780468%40qq.com/1779947030033_3335_0.png?token=eyJpZCI6IDAsICJ1c2VybmFtZSI6ICIyNjUzNzgwNDY4QHFxLmNvbSIsICJyb2xlIjogMCwgImlzX2FkbWluIjogZmFsc2UsICJleHAiOiAxNzgyNTQyNzYwfQ%3D%3D.b9da1fbb4cebdbdd6f02683a362719d8 HTTP/1.1" 404
2026-05-28 06:46:33  INFO     uvicorn.access  172.71.215.130:13325 - "GET /api/history/image/2653780468%40qq.com/1779946059255_1732_0.png?token=eyJpZCI6IDAsICJ1c2VybmFtZSI6ICIyNjUzNzgwNDY4QHFxLmNvbSIsICJyb2xlIjogMCwgImlzX2FkbWluIjogZmFsc2UsICJleHAiOiAxNzgyNTQyNzYwfQ%3D%3D.b9da1fbb4cebdbdd6f02683a362719d8 HTTP/1.1" 404
2026-05-28 06:46:33  INFO     uvicorn.access  172.71.214.75:13987 - "GET /api/history/image/2653780468%40qq.com/1779934802003_9477_0.png?token=eyJpZCI6IDAsICJ1c2VybmFtZSI6ICIyNjUzNzgwNDY4QHFxLmNvbSIsICJyb2xlIjogMCwgImlzX2FkbWluIjogZmFsc2UsICJleHAiOiAxNzgyNTQyNzYwfQ%3D%3D.b9da1fbb4cebdbdd6f02683a362719d8 HTTP/1.1" 404
2026-05-28 06:46:33  INFO     uvicorn.access  172.71.218.243:11224 - "GET /api/history/image/2653780468%40qq.com/1779934980353_9616_0.png?token=eyJpZCI6IDAsICJ1c2VybmFtZSI6ICIyNjUzNzgwNDY4QHFxLmNvbSIsICJyb2xlIjogMCwgImlzX2FkbWluIjogZmFsc2UsICJleHAiOiAxNzgyNTQyNzYwfQ%3D%3D.b9da1fbb4cebdbdd6f02683a362719d8 HTTP/1.1" 404
2026-05-28 06:46:33  INFO     uvicorn.access  162.159.98.59:9865 - "GET /api/history/image/2653780468%40qq.com/1779933868221_9379_0.png?token=eyJpZCI6IDAsICJ1c2VybmFtZSI6ICIyNjUzNzgwNDY4QHFxLmNvbSIsICJyb2xlIjogMCwgImlzX2FkbWluIjogZmFsc2UsICJleHAiOiAxNzgyNTQyNzYwfQ%3D%3D.b9da1fbb4cebdbdd6f02683a362719d8 HTTP/1.1" 404
2026-05-28 06:46:35  INFO     uvicorn.access  162.159.98.202:13355 - "GET /api/history/image/2653780468%40qq.com/1779933530071_4970_0.png?token=eyJpZCI6IDAsICJ1c2VybmFtZSI6ICIyNjUzNzgwNDY4QHFxLmNvbSIsICJyb2xlIjogMCwgImlzX2FkbWluIjogZmFsc2UsICJleHAiOiAxNzgyNTQyNzYwfQ%3D%3D.b9da1fbb4cebdbdd6f02683a362719d8 HTTP/1.1" 404
2026-05-28 06:46:35  INFO     uvicorn.access  172.71.214.55:14245 - "GET /api/history/image/2653780468%40qq.com/1779933354413_1574_0.png?token=eyJpZCI6IDAsICJ1c2VybmFtZSI6ICIyNjUzNzgwNDY4QHFxLmNvbSIsICJyb2xlIjogMCwgImlzX2FkbWluIjogZmFsc2UsICJleHAiOiAxNzgyNTQyNzYwfQ%3D%3D.b9da1fbb4cebdbdd6f02683a362719d8 HTTP/1.1" 404
2026-05-28 06:46:35  INFO     uvicorn.access  172.68.211.112:14113 - "GET /api/history/image/2653780468%40qq.com/1779933181088_1140_0.png?token=eyJpZCI6IDAsICJ1c2VybmFtZSI6ICIyNjUzNzgwNDY4QHFxLmNvbSIsICJyb2xlIjogMCwgImlzX2FkbWluIjogZmFsc2UsICJleHAiOiAxNzgyNTQyNzYwfQ%3D%3D.b9da1fbb4cebdbdd6f02683a362719d8 HTTP/1.1" 404
2026-05-28 06:46:35  INFO     uvicorn.access  162.158.193.11:10265 - "GET /api/history/image/2653780468%40qq.com/1779933100651_3277_0.png?token=eyJpZCI6IDAsICJ1c2VybmFtZSI6ICIyNjUzNzgwNDY4QHFxLmNvbSIsICJyb2xlIjogMCwgImlzX2FkbWluIjogZmFsc2UsICJleHAiOiAxNzgyNTQyNzYwfQ%3D%3D.b9da1fbb4cebdbdd6f02683a362719d8 HTTP/1.1" 404
2026-05-28 06:46:35  INFO     uvicorn.access  172.71.219.107:10741 - "GET /api/history/image/2653780468%40qq.com/1779932651307_3349_0.png?token=eyJpZCI6IDAsICJ1c2VybmFtZSI6ICIyNjUzNzgwNDY4QHFxLmNvbSIsICJyb2xlIjogMCwgImlzX2FkbWluIjogZmFsc2UsICJleHAiOiAxNzgyNTQyNzYwfQ%3D%3D.b9da1fbb4cebdbdd6f02683a362719d8 HTTP/1.1" 404
2026-05-28 06:46:35  INFO     uvicorn.access  162.159.98.83:11660 - "GET /api/history/image/2653780468%40qq.com/1779932497471_2967_0.png?token=eyJpZCI6IDAsICJ1c2VybmFtZSI6ICIyNjUzNzgwNDY4QHFxLmNvbSIsICJyb2xlIjogMCwgImlzX2FkbWluIjogZmFsc2UsICJleHAiOiAxNzgyNTQyNzYwfQ%3D%3D.b9da1fbb4cebdbdd6f02683a362719d8 HTTP/1.1" 404
2026-05-28 06:46:36  INFO     uvicorn.access  162.158.178.103:13078 - "GET /api/history/image/2653780468%40qq.com/1779932179017_7793_0.png?token=eyJpZCI6IDAsICJ1c2VybmFtZSI6ICIyNjUzNzgwNDY4QHFxLmNvbSIsICJyb2xlIjogMCwgImlzX2FkbWluIjogZmFsc2UsICJleHAiOiAxNzgyNTQyNzYwfQ%3D%3D.b9da1fbb4cebdbdd6f02683a362719d8 HTTP/1.1" 404
2026-05-28 06:46:36  INFO     uvicorn.access  162.158.114.28:11789 - "GET /api/history/image/2653780468%40qq.com/1779932038169_4494_0.png?token=eyJpZCI6IDAsICJ1c2VybmFtZSI6ICIyNjUzNzgwNDY4QHFxLmNvbSIsICJyb2xlIjogMCwgImlzX2FkbWluIjogZmFsc2UsICJleHAiOiAxNzgyNTQyNzYwfQ%3D%3D.b9da1fbb4cebdbdd6f02683a362719d8 HTTP/1.1" 404
2026-05-28 06:46:36  INFO     uvicorn.access  162.158.178.98:13406 - "GET /api/history/image/2653780468%40qq.com/1779931861145_6987_0.png?token=eyJpZCI6IDAsICJ1c2VybmFtZSI6ICIyNjUzNzgwNDY4QHFxLmNvbSIsICJyb2xlIjogMCwgImlzX2FkbWluIjogZmFsc2UsICJleHAiOiAxNzgyNTQyNzYwfQ%3D%3D.b9da1fbb4cebdbdd6f02683a362719d8 HTTP/1.1" 404
2026-05-28 06:46:36  INFO     uvicorn.access  162.159.98.177:9700 - "GET /api/history/image/2653780468%40qq.com/1779931591210_7012_0.png?token=eyJpZCI6IDAsICJ1c2VybmFtZSI6ICIyNjUzNzgwNDY4QHFxLmNvbSIsICJyb2xlIjogMCwgImlzX2FkbWluIjogZmFsc2UsICJleHAiOiAxNzgyNTQyNzYwfQ%3D%3D.b9da1fbb4cebdbdd6f02683a362719d8 HTTP/1.1" 404
2026-05-28 06:46:36  INFO     uvicorn.access  162.158.114.122:9607 - "GET /api/history/image/2653780468%40qq.com/1779931246920_5746_0.png?token=eyJpZCI6IDAsICJ1c2VybmFtZSI6ICIyNjUzNzgwNDY4QHFxLmNvbSIsICJyb2xlIjogMCwgImlzX2FkbWluIjogZmFsc2UsICJleHAiOiAxNzgyNTQyNzYwfQ%3D%3D.b9da1fbb4cebdbdd6f02683a362719d8 HTTP/1.1" 404
2026-05-28 06:46:36  INFO     uvicorn.access  172.71.214.181:11053 - "GET /api/history/image/2653780468%40qq.com/1779931380281_5500_0.png?token=eyJpZCI6IDAsICJ1c2VybmFtZSI6ICIyNjUzNzgwNDY4QHFxLmNvbSIsICJyb2xlIjogMCwgImlzX2FkbWluIjogZmFsc2UsICJleHAiOiAxNzgyNTQyNzYwfQ%3D%3D.b9da1fbb4cebdbdd6f02683a362719d8 HTTP/1.1" 404
2026-05-28 06:46:36  INFO     uvicorn.access  162.158.179.88:11007 - "GET /api/history/image/2653780468%40qq.com/1779931020302_4250_0.png?token=eyJpZCI6IDAsICJ1c2VybmFtZSI6ICIyNjUzNzgwNDY4QHFxLmNvbSIsICJyb2xlIjogMCwgImlzX2FkbWluIjogZmFsc2UsICJleHAiOiAxNzgyNTQyNzYwfQ%3D%3D.b9da1fbb4cebdbdd6f02683a362719d8 HTTP/1.1" 404
2026-05-28 06:47:02  INFO     uvicorn.access  172.68.225.119:10141 - "DELETE /api/history/clear HTTP/1.1" 200
2026-05-28 06:47:02  INFO     uvicorn.access  172.68.225.119:10141 - "GET /api/history/usage HTTP/1.1" 200
2026-05-28 06:47:37  INFO     uvicorn.access  172.68.225.118:13563 - "GET /docs HTTP/1.1" 200
2026-05-28 06:47:38  INFO     uvicorn.access  162.159.98.205:10038 - "GET /static/css/docs.css?v=1779876137 HTTP/1.1" 304
2026-05-28 06:47:38  INFO     uvicorn.access  172.68.225.118:13563 - "GET /api/announcement?page=docs HTTP/1.1" 200
2026-05-28 06:47:48  INFO     uvicorn.access  172.71.215.151:11141 - "GET /api/history/image/2653780468%40qq.com/1779876622099_4256_0.png?token=eyJpZCI6IDAsICJ1c2VybmFtZSI6ICIyNjUzNzgwNDY4QHFxLmNvbSIsICJyb2xlIjogMCwgImlzX2FkbWluIjogZmFsc2UsICJleHAiOiAxNzgyNTQyNzYwfQ%3D%3D.b9da1fbb4cebdbdd6f02683a362719d8 HTTP/1.1" 404
2026-05-28 06:48:10  INFO     uvicorn.access  172.68.225.118:9429 - "GET /api/proxy/v1/models HTTP/1.1" 200
2026-05-28 06:48:17  INFO     uvicorn.access  162.159.98.204:9429 - "POST /api/proxy/v1/images/edits HTTP/1.1" 200
2026-05-28 06:48:26  INFO     uvicorn.access  172.68.225.118:10879 - "DELETE /api/history/batch/mpnwkjslwajqq HTTP/1.1" 200
2026-05-28 06:48:27  INFO     uvicorn.access  172.68.225.118:10879 - "GET /api/history/usage HTTP/1.1" 200
2026-05-28 06:48:43  INFO     uvicorn.access  172.68.225.118:10621 - "DELETE /api/history/batch/mpp4l6illxogo HTTP/1.1" 200
2026-05-28 06:48:43  INFO     uvicorn.access  172.68.225.118:10621 - "GET /api/history/usage HTTP/1.1" 200
2026-05-28 06:48:44  INFO     uvicorn.access  172.68.225.119:13258 - "DELETE /api/history/batch/mpp4f64lpwrnn HTTP/1.1" 200
2026-05-28 06:48:44  INFO     uvicorn.access  172.68.225.118:10621 - "GET /api/history/usage HTTP/1.1" 200
2026-05-28 06:48:44  INFO     uvicorn.access  172.68.225.119:13258 - "DELETE /api/history/batch/mpp4a3r5svzir HTTP/1.1" 200
2026-05-28 06:48:44  INFO     uvicorn.access  172.68.225.119:13258 - "GET /api/history/usage HTTP/1.1" 200
2026-05-28 06:48:44  INFO     uvicorn.access  172.68.225.118:10621 - "DELETE /api/history/batch/mpp3km3njz84k HTTP/1.1" 200
2026-05-28 06:48:44  INFO     uvicorn.access  172.68.225.119:13258 - "GET /api/history/usage HTTP/1.1" 200
2026-05-28 06:48:44  INFO     uvicorn.access  172.68.225.118:10621 - "DELETE /api/history/batch/mpp3104np30zl HTTP/1.1" 200
2026-05-28 06:48:45  INFO     uvicorn.access  172.68.225.119:13258 - "GET /api/history/usage HTTP/1.1" 200
2026-05-28 06:48:45  INFO     uvicorn.access  172.68.225.118:10621 - "DELETE /api/history/batch/mpp2wweif0l26 HTTP/1.1" 200
2026-05-28 06:48:45  INFO     uvicorn.access  172.68.225.119:13258 - "GET /api/history/usage HTTP/1.1" 200
2026-05-28 06:48:45  INFO     uvicorn.access  172.68.225.118:10621 - "DELETE /api/history/batch/mpp2puxfuwhxu HTTP/1.1" 200
2026-05-28 06:48:45  INFO     uvicorn.access  172.68.225.119:13258 - "GET /api/history/usage HTTP/1.1" 200
2026-05-28 06:48:45  INFO     uvicorn.access  172.68.225.118:10621 - "DELETE /api/history/batch/mpp2i0ufowtxq HTTP/1.1" 200
2026-05-28 06:48:45  INFO     uvicorn.access  172.68.225.119:13258 - "DELETE /api/history/batch/mpp24i81vbkyh HTTP/1.1" 200
2026-05-28 06:48:45  INFO     uvicorn.access  172.68.225.118:10621 - "DELETE /api/history/batch/mpp1x8gzzbivu HTTP/1.1" 200
2026-05-28 06:48:46  INFO     uvicorn.access  172.68.225.118:10627 - "GET /api/history/usage HTTP/1.1" 200
2026-05-28 06:48:46  INFO     uvicorn.access  172.68.225.119:13258 - "DELETE /api/history/batch/mpovsl936yclu HTTP/1.1" 200
2026-05-28 06:48:46  INFO     uvicorn.access  172.68.225.118:10621 - "DELETE /api/history/batch/mpovbsmuim59k HTTP/1.1" 200
2026-05-28 06:48:46  INFO     uvicorn.access  172.68.225.118:10627 - "GET /api/history/usage HTTP/1.1" 200
2026-05-28 06:48:46  INFO     uvicorn.access  172.68.225.119:13258 - "DELETE /api/history/batch/mpov7zec6xh64 HTTP/1.1" 200
2026-05-28 06:48:46  INFO     uvicorn.access  172.68.225.118:10621 - "DELETE /api/history/batch/mpov50j3abp0k HTTP/1.1" 200
2026-05-28 06:48:46  INFO     uvicorn.access  172.68.225.118:10627 - "GET /api/history/usage HTTP/1.1" 200
2026-05-28 06:48:46  INFO     uvicorn.access  172.68.225.119:13258 - "DELETE /api/history/batch/mpov0cys8r8sn HTTP/1.1" 200
2026-05-28 06:48:46  INFO     uvicorn.access  172.68.225.118:10621 - "DELETE /api/history/batch/mpoux28g5b07a HTTP/1.1" 200
2026-05-28 06:48:46  INFO     uvicorn.access  172.68.225.118:10627 - "GET /api/history/usage HTTP/1.1" 200
2026-05-28 06:48:46  INFO     uvicorn.access  172.68.225.119:13258 - "DELETE /api/history/batch/mpourc1fci3z4 HTTP/1.1" 200
2026-05-28 06:48:46  INFO     uvicorn.access  172.68.225.118:10621 - "DELETE /api/history/batch/mpouo13gzwwzc HTTP/1.1" 200
2026-05-28 06:48:46  INFO     uvicorn.access  172.68.225.118:10627 - "GET /api/history/usage HTTP/1.1" 200
2026-05-28 06:48:46  INFO     uvicorn.access  172.68.225.119:13258 - "DELETE /api/history/batch/mpougsjj9nwnh HTTP/1.1" 200
2026-05-28 06:48:47  INFO     uvicorn.access  172.68.225.118:10621 - "DELETE /api/history/batch/mpoud0vbiwn3m HTTP/1.1" 200
2026-05-28 06:48:47  INFO     uvicorn.access  172.68.225.118:10627 - "GET /api/history/usage HTTP/1.1" 200
2026-05-28 06:48:47  INFO     uvicorn.access  172.68.225.119:13258 - "DELETE /api/history/batch/mpou9b44g60bu HTTP/1.1" 200
2026-05-28 06:48:47  INFO     uvicorn.access  172.68.225.118:10621 - "DELETE /api/history/batch/mpou7khfhdzie HTTP/1.1" 200
2026-05-28 06:48:47  INFO     uvicorn.access  172.68.225.119:13258 - "GET /api/history/usage HTTP/1.1" 200
2026-05-28 06:48:47  INFO     uvicorn.access  172.68.225.118:10627 - "DELETE /api/history/batch/mpotxy7ujh7hi HTTP/1.1" 200
2026-05-28 06:48:47  INFO     uvicorn.access  172.68.225.118:10621 - "DELETE /api/history/batch/mpotunn310ugp HTTP/1.1" 200
2026-05-28 06:48:47  INFO     uvicorn.access  172.68.225.119:13258 - "GET /api/history/usage HTTP/1.1" 200
2026-05-28 06:48:47  INFO     uvicorn.access  172.68.225.118:10627 - "DELETE /api/history/batch/mpotntmp6853k HTTP/1.1" 200
2026-05-28 06:48:47  INFO     uvicorn.access  172.68.225.118:10621 - "DELETE /api/history/batch/mpotkt8vehtun HTTP/1.1" 200
2026-05-28 06:48:47  INFO     uvicorn.access  172.68.225.119:13258 - "GET /api/history/usage HTTP/1.1" 200
2026-05-28 06:48:47  INFO     uvicorn.access  172.68.225.118:10627 - "DELETE /api/history/batch/mpotgzy5ysm96 HTTP/1.1" 200
2026-05-28 06:48:47  INFO     uvicorn.access  172.68.225.118:10621 - "DELETE /api/history/batch/mpotb886vke0g HTTP/1.1" 200
2026-05-28 06:48:48  INFO     uvicorn.access  172.68.225.119:13258 - "GET /api/history/usage HTTP/1.1" 200
2026-05-28 06:48:48  INFO     uvicorn.access  172.68.225.118:10627 - "DELETE /api/history/batch/mpot6pg3wm9r4 HTTP/1.1" 200
2026-05-28 06:48:48  INFO     uvicorn.access  172.68.225.118:10621 - "DELETE /api/history/batch/mpot3t3qvwmfz HTTP/1.1" 200
2026-05-28 06:48:48  INFO     uvicorn.access  172.68.225.119:13258 - "GET /api/history/usage HTTP/1.1" 200
2026-05-28 06:48:48  INFO     uvicorn.access  172.68.225.118:10627 - "DELETE /api/history/batch/mposz062aw10i HTTP/1.1" 200
2026-05-28 06:48:48  INFO     uvicorn.access  172.68.225.118:10621 - "GET /api/history/usage HTTP/1.1" 200
2026-05-28 06:48:48  INFO     uvicorn.access  172.68.225.119:13258 - "GET /api/history/usage HTTP/1.1" 200
2026-05-28 06:48:48  INFO     uvicorn.access  172.68.225.118:10627 - "GET /api/history/usage HTTP/1.1" 200
2026-05-28 06:48:49  INFO     uvicorn.access  172.68.225.118:10621 - "GET /api/history/usage HTTP/1.1" 200
2026-05-28 06:48:49  INFO     uvicorn.access  172.68.225.119:13258 - "GET /api/history/usage HTTP/1.1" 200
2026-05-28 06:48:49  INFO     uvicorn.access  172.68.225.118:10627 - "GET /api/history/usage HTTP/1.1" 200
2026-05-28 06:48:49  INFO     uvicorn.access  172.68.225.118:10621 - "GET /api/history/usage HTTP/1.1" 200
2026-05-28 06:48:49  INFO     uvicorn.access  172.68.225.119:13258 - "GET /api/history/usage HTTP/1.1" 200
2026-05-28 06:48:50  INFO     uvicorn.access  172.68.225.118:10627 - "GET /api/history/usage HTTP/1.1" 200
2026-05-28 06:48:50  INFO     uvicorn.access  172.68.225.118:10621 - "GET /api/history/usage HTTP/1.1" 200
2026-05-28 06:48:50  INFO     uvicorn.access  172.68.225.119:13258 - "GET /api/history/usage HTTP/1.1" 200
2026-05-28 06:48:50  INFO     uvicorn.access  172.68.225.118:10627 - "GET /api/history/usage HTTP/1.1" 200
2026-05-28 06:48:51  INFO     uvicorn.access  172.68.225.118:10621 - "GET /api/history/usage HTTP/1.1" 200
2026-05-28 06:50:33  INFO     uvicorn.access  172.68.211.154:14169 - "POST /api/proxy/v1/images/edits HTTP/1.1" 200
2026-05-28 06:50:50  INFO     uvicorn.access  172.68.211.154:10069 - "POST /api/history/save HTTP/1.1" 200
2026-05-28 06:50:50  INFO     uvicorn.access  172.68.211.154:10069 - "GET /api/history/usage HTTP/1.1" 200
2026-05-28 06:54:06  WARNING  app.routers.api_proxy  代理上游返回 HTML 错误 [524] https://newapi-cf.qianqianye.com/v1/images/edits: <!DOCTYPE html>
<!--[if lt IE 7]> <html class="no-js ie6 oldie" lang="en-US"> <![endif]-->
<!--[if I
2026-05-28 06:55:38  INFO     uvicorn.access  162.158.193.213:13651 - "POST /api/proxy/v1/images/edits HTTP/1.1" 200
2026-05-28 06:57:58  INFO     uvicorn.access  162.158.178.121:11508 - "GET /play HTTP/1.1" 200
2026-05-28 06:57:58  INFO     uvicorn.access  162.158.178.121:11505 - "GET /api/history/list HTTP/1.1" 200
2026-05-28 06:57:58  INFO     uvicorn.access  162.158.178.121:11515 - "GET /api/proxy/v1/models HTTP/1.1" 200
2026-05-28 06:58:06  INFO     uvicorn.access  104.23.225.89:11361 - "GET /api/announcement?page=play HTTP/1.1" 200
2026-05-28 06:58:06  INFO     uvicorn.access  104.23.225.88:12673 - "GET /api/history/usage HTTP/1.1" 200
2026-05-28 06:58:07  INFO     uvicorn.access  104.23.225.89:11361 - "GET / HTTP/1.1" 200
2026-05-28 06:58:08  INFO     uvicorn.access  104.23.225.88:12673 - "GET /api/announcement?page=home HTTP/1.1" 200
2026-05-28 06:58:08  INFO     uvicorn.access  172.68.211.155:10084 - "GET /play HTTP/1.1" 200
2026-05-28 06:58:09  INFO     uvicorn.access  172.68.211.155:10084 - "GET /api/announcement?page=play HTTP/1.1" 200
2026-05-28 06:58:09  INFO     uvicorn.access  172.68.211.155:10084 - "GET /api/history/usage HTTP/1.1" 200
2026-05-28 06:58:10  INFO     uvicorn.access  172.68.211.155:10084 - "GET /api/history/list HTTP/1.1" 200
2026-05-28 06:58:14  INFO     uvicorn.access  172.68.211.155:10084 - "GET /api/history/list HTTP/1.1" 200
2026-05-28 06:58:34  INFO     uvicorn.access  172.68.211.154:12137 - "GET /api/proxy/v1/models HTTP/1.1" 200
2026-05-28 07:01:08  INFO     uvicorn.access  162.158.193.213:9393 - "POST /api/proxy/v1/images/edits HTTP/1.1" 200
2026-05-28 07:01:25  INFO     uvicorn.access  162.158.193.213:13838 - "POST /api/history/save HTTP/1.1" 200
2026-05-28 07:01:26  INFO     uvicorn.access  162.158.193.213:13838 - "GET /api/history/usage HTTP/1.1" 200
2026-05-28 07:14:29  INFO     uvicorn.access  172.68.225.118:10510 - "POST /api/proxy/v1/images/edits HTTP/1.1" 200
2026-05-28 07:14:52  INFO     uvicorn.access  172.68.225.119:11849 - "POST /api/history/save HTTP/1.1" 200
2026-05-28 07:14:52  INFO     uvicorn.access  172.68.225.119:11849 - "GET /api/history/usage HTTP/1.1" 200
2026-05-28 07:26:05  INFO     uvicorn.access  172.71.210.14:14174 - "POST /api/proxy/v1/images/edits HTTP/1.1" 200
2026-05-28 07:26:26  INFO     uvicorn.access  172.71.210.15:13333 - "POST /api/history/save HTTP/1.1" 200
2026-05-28 07:26:26  INFO     uvicorn.access  172.71.210.15:13333 - "GET /api/history/usage HTTP/1.1" 200
2026-05-28 07:29:35  WARNING  app.routers.api_proxy  代理上游返回 HTML 错误 [524] https://newapi-cf.qianqianye.com/v1/images/edits: <!DOCTYPE html>
<!--[if lt IE 7]> <html class="no-js ie6 oldie" lang="en-US"> <![endif]-->
<!--[if I
2026-05-28 07:33:24  INFO     uvicorn.access  172.68.225.118:9839 - "POST /api/proxy/v1/images/edits HTTP/1.1" 200
2026-05-28 07:33:50  INFO     uvicorn.access  172.68.225.118:12827 - "POST /api/history/save HTTP/1.1" 200
2026-05-28 07:33:51  INFO     uvicorn.access  172.68.225.118:12827 - "GET /api/history/usage HTTP/1.1" 200
2026-05-28 07:36:18  WARNING  uvicorn.error  Invalid HTTP request received.
2026-05-28 07:36:18  WARNING  uvicorn.error  Invalid HTTP request received.
2026-05-28 07:36:18  WARNING  uvicorn.error  Invalid HTTP request received.
2026-05-28 07:36:18  WARNING  uvicorn.error  Invalid HTTP request received.
2026-05-28 07:36:18  WARNING  uvicorn.error  Invalid HTTP request received.
2026-05-28 07:36:18  WARNING  uvicorn.error  Invalid HTTP request received.
2026-05-28 07:43:58  WARNING  app.routers.api_proxy  代理上游返回 HTML 错误 [524] https://newapi-cf.qianqianye.com/v1/images/edits: <!DOCTYPE html>
<!--[if lt IE 7]> <html class="no-js ie6 oldie" lang="en-US"> <![endif]-->
<!--[if I
2026-05-28 07:44:25  INFO     uvicorn.access  172.70.135.181:13732 - "GET /docs HTTP/1.1" 200
2026-05-28 07:47:51  INFO     uvicorn.access  172.68.225.119:10089 - "POST /api/proxy/v1/images/edits HTTP/1.1" 200
2026-05-28 07:48:04  INFO     uvicorn.access  172.68.225.118:13896 - "POST /api/history/save HTTP/1.1" 200
2026-05-28 07:48:05  INFO     uvicorn.access  172.68.225.118:13896 - "GET /api/history/usage HTTP/1.1" 200
2026-05-28 07:56:42  WARNING  app.routers.api_proxy  代理上游返回 HTML 错误 [524] https://newapi-cf.qianqianye.com/v1/images/generations: <!DOCTYPE html>
<!--[if lt IE 7]> <html class="no-js ie6 oldie" lang="en-US"> <![endif]-->
<!--[if I
2026-05-28 08:06:48  INFO     uvicorn.access  172.71.8.129:9252 - "GET /api/proxy/v1/models HTTP/1.1" 200
2026-05-28 08:10:49  WARNING  app.routers.api_proxy  代理上游返回 HTML 错误 [524] https://newapi-cf.qianqianye.com/v1/images/generations: <!DOCTYPE html>
<!--[if lt IE 7]> <html class="no-js ie6 oldie" lang="en-US"> <![endif]-->
<!--[if I
2026-05-28 08:17:09  INFO     uvicorn.access  162.158.178.120:9482 - "GET /api/proxy/v1/models HTTP/1.1" 200
2026-05-28 08:19:01  INFO     uvicorn.access  162.158.178.120:14314 - "POST /api/proxy/v1/images/edits HTTP/1.1" 200
2026-05-28 08:19:24  INFO     uvicorn.access  162.158.178.121:13915 - "POST /api/history/save HTTP/1.1" 200
2026-05-28 08:19:24  INFO     uvicorn.access  162.158.178.121:13915 - "GET /api/history/usage HTTP/1.1" 200
2026-05-28 08:59:26  INFO     uvicorn.access  172.236.228.198:56130 - "GET / HTTP/1.1" 200
2026-05-28 09:00:50  INFO     uvicorn.access  172.68.225.118:14233 - "POST /api/proxy/v1/images/generations HTTP/1.1" 200
2026-05-28 09:01:19  INFO     uvicorn.access  172.68.225.119:13780 - "POST /api/history/save HTTP/1.1" 200
2026-05-28 09:01:19  INFO     uvicorn.access  172.68.225.119:13780 - "GET /api/history/usage HTTP/1.1" 200
2026-05-28 09:15:02  INFO     uvicorn.access  162.158.178.121:9833 - "POST /api/proxy/v1/images/generations HTTP/1.1" 200
2026-05-28 09:15:15  INFO     uvicorn.access  162.158.178.121:12073 - "POST /api/history/save HTTP/1.1" 200
2026-05-28 09:15:15  INFO     uvicorn.access  162.158.178.121:12073 - "GET /api/history/usage HTTP/1.1" 200
2026-05-28 09:17:37  INFO     uvicorn.access  162.158.178.120:12567 - "POST /api/proxy/v1/images/generations HTTP/1.1" 200
2026-05-28 09:17:49  INFO     uvicorn.access  162.158.178.121:13918 - "POST /api/history/save HTTP/1.1" 200
2026-05-28 09:17:49  INFO     uvicorn.access  162.158.178.121:13918 - "GET /api/history/usage HTTP/1.1" 200
2026-05-28 09:20:54  INFO     uvicorn.access  162.158.178.120:13234 - "POST /api/proxy/v1/images/generations HTTP/1.1" 200
2026-05-28 09:21:09  INFO     uvicorn.access  162.158.178.121:12220 - "POST /api/history/save HTTP/1.1" 200
2026-05-28 09:21:09  INFO     uvicorn.access  162.158.178.121:12220 - "GET /api/history/usage HTTP/1.1" 200
2026-05-28 09:23:58  INFO     uvicorn.access  172.68.225.118:14245 - "POST /api/proxy/v1/images/generations HTTP/1.1" 200
2026-05-28 09:24:11  INFO     uvicorn.access  172.68.225.118:9568 - "POST /api/history/save HTTP/1.1" 200
2026-05-28 09:24:11  INFO     uvicorn.access  172.68.225.118:9568 - "GET /api/history/usage HTTP/1.1" 200
2026-05-28 09:25:22  INFO     uvicorn.access  172.68.225.118:12033 - "POST /api/proxy/v1/images/generations HTTP/1.1" 200
2026-05-28 09:25:42  INFO     uvicorn.access  172.68.225.119:13090 - "POST /api/history/save HTTP/1.1" 200
2026-05-28 09:25:42  INFO     uvicorn.access  172.68.225.119:13090 - "GET /api/history/usage HTTP/1.1" 200
2026-05-28 09:26:19  INFO     uvicorn.access  172.68.225.119:10827 - "POST /api/proxy/v1/images/generations HTTP/1.1" 200
2026-05-28 09:26:47  INFO     uvicorn.access  172.68.225.119:10254 - "POST /api/history/save HTTP/1.1" 200
2026-05-28 09:26:47  INFO     uvicorn.access  172.68.225.119:10254 - "GET /api/history/usage HTTP/1.1" 200
2026-05-28 09:40:02  INFO     uvicorn.access  162.158.178.120:14146 - "POST /api/proxy/v1/images/generations HTTP/1.1" 200
2026-05-28 09:40:15  INFO     uvicorn.access  162.158.178.121:12360 - "POST /api/history/save HTTP/1.1" 200
2026-05-28 09:40:15  INFO     uvicorn.access  162.158.178.121:12360 - "GET /api/history/usage HTTP/1.1" 200
2026-05-28 09:43:14  INFO     uvicorn.access  162.158.178.121:11861 - "POST /api/proxy/v1/images/generations HTTP/1.1" 200
2026-05-28 09:43:25  INFO     uvicorn.access  162.158.178.121:12382 - "POST /api/history/save HTTP/1.1" 200
2026-05-28 09:43:25  INFO     uvicorn.access  162.158.178.121:12382 - "GET /api/history/usage HTTP/1.1" 200
2026-05-28 09:45:30  INFO     uvicorn.access  162.158.178.121:11819 - "POST /api/proxy/v1/images/edits HTTP/1.1" 200
2026-05-28 09:45:44  INFO     uvicorn.access  162.158.178.120:14155 - "POST /api/history/save HTTP/1.1" 200
2026-05-28 09:45:45  INFO     uvicorn.access  162.158.178.120:14155 - "GET /api/history/usage HTTP/1.1" 200
2026-05-28 09:47:31  INFO     uvicorn.access  18.221.195.141:27930 - "GET / HTTP/1.1" 200
2026-05-28 09:48:22  INFO     uvicorn.access  162.158.178.121:11828 - "POST /api/proxy/v1/images/edits HTTP/1.1" 200
2026-05-28 09:48:36  INFO     uvicorn.access  162.158.178.121:13930 - "POST /api/history/save HTTP/1.1" 200
2026-05-28 09:48:36  INFO     uvicorn.access  162.158.178.121:13930 - "GET /api/history/usage HTTP/1.1" 200
2026-05-28 09:49:29  INFO     uvicorn.access  18.221.195.141:10140 - "GET / HTTP/1.1" 200
2026-05-28 09:50:22  INFO     uvicorn.access  162.158.178.121:10868 - "POST /api/proxy/v1/images/edits HTTP/1.1" 200
2026-05-28 09:50:32  INFO     uvicorn.access  162.158.178.120:10417 - "POST /api/history/save HTTP/1.1" 200
2026-05-28 09:50:33  INFO     uvicorn.access  162.158.178.120:10417 - "GET /api/history/usage HTTP/1.1" 200
2026-05-28 09:51:47  WARNING  uvicorn.error  Invalid HTTP request received.
2026-05-28 09:52:30  INFO     uvicorn.access  162.158.178.121:13326 - "POST /api/proxy/v1/images/edits HTTP/1.1" 200
2026-05-28 09:52:41  INFO     uvicorn.access  162.158.178.121:13911 - "POST /api/history/save HTTP/1.1" 200
2026-05-28 09:52:41  INFO     uvicorn.access  162.158.178.121:13911 - "GET /api/history/usage HTTP/1.1" 200
2026-05-28 09:53:31  WARNING  uvicorn.error  Invalid HTTP request received.
2026-05-28 09:54:00  INFO     uvicorn.access  162.158.178.121:9576 - "POST /api/proxy/v1/images/generations HTTP/1.1" 200
2026-05-28 09:54:12  INFO     uvicorn.access  162.158.178.120:10677 - "POST /api/history/save HTTP/1.1" 200
2026-05-28 09:54:12  INFO     uvicorn.access  162.158.178.120:10677 - "GET /api/history/usage HTTP/1.1" 200
2026-05-28 09:58:19  INFO     uvicorn.access  172.68.211.155:10129 - "POST /api/proxy/v1/images/edits HTTP/1.1" 200
2026-05-28 09:58:31  INFO     uvicorn.access  172.68.211.154:13226 - "POST /api/history/save HTTP/1.1" 200
2026-05-28 09:58:31  INFO     uvicorn.access  172.68.211.154:13226 - "GET /api/history/usage HTTP/1.1" 200
2026-05-28 10:15:30  INFO     uvicorn.access  162.158.167.150:12360 - "GET / HTTP/1.1" 200
2026-05-28 10:15:30  INFO     uvicorn.access  172.69.22.61:9774 - "GET /static/css/common.css HTTP/1.1" 200
2026-05-28 10:15:30  INFO     uvicorn.access  172.69.134.76:11844 - "GET /static/css/home.css HTTP/1.1" 200
2026-05-28 10:15:30  INFO     uvicorn.access  104.22.20.65:11773 - "GET /static/js/common.js HTTP/1.1" 200
2026-05-28 10:15:31  INFO     uvicorn.access  162.158.167.150:12360 - "GET /api/announcement?page=home HTTP/1.1" 200
2026-05-28 10:15:34  INFO     uvicorn.access  162.158.167.150:12360 - "GET /play HTTP/1.1" 200
2026-05-28 10:15:34  INFO     uvicorn.access  162.158.167.103:12061 - "GET /static/css/play.css?v=1779876137 HTTP/1.1" 200
2026-05-28 10:15:34  INFO     uvicorn.access  172.71.155.104:11158 - "GET /static/js/play.js?v=1779876137 HTTP/1.1" 200
2026-05-28 10:15:35  INFO     uvicorn.access  162.158.167.150:12360 - "GET /api/announcement?page=play HTTP/1.1" 200
2026-05-28 10:23:14  INFO     uvicorn.access  104.23.170.65:10581 - "GET / HTTP/1.1" 200
2026-05-28 10:54:55  INFO     uvicorn.access  172.69.134.46:10469 - "GET /gallery HTTP/1.1" 200
2026-05-28 10:54:55  INFO     uvicorn.access  172.71.159.87:9944 - "GET /static/css/gallery.css?v=1779876137 HTTP/1.1" 200
2026-05-28 10:54:55  INFO     uvicorn.access  172.71.154.6:12219 - "GET /static/js/gallery.js?v=1779876137 HTTP/1.1" 200
2026-05-28 10:54:56  INFO     uvicorn.access  172.69.134.10:10788 - "GET /api/announcement?page=gallery HTTP/1.1" 200
2026-05-28 10:54:56  INFO     uvicorn.access  172.69.134.46:10469 - "GET /api/gallery/liked?fingerprint=35b34489 HTTP/1.1" 200
2026-05-28 10:54:56  INFO     uvicorn.access  172.69.134.10:10788 - "GET /api/gallery/images?page=1&sort=likes HTTP/1.1" 200
2026-05-28 10:54:56  INFO     uvicorn.access  172.71.154.151:12881 - "GET /api/gallery/avatar/IMG_8559.png HTTP/1.1" 200
2026-05-28 10:54:56  INFO     uvicorn.access  172.69.134.203:10486 - "GET /api/gallery/avatar/IMG_8531.png HTTP/1.1" 200
2026-05-28 10:54:56  INFO     uvicorn.access  104.22.17.226:11147 - "GET /api/gallery/avatar/IMG_8578.png HTTP/1.1" 200
2026-05-28 10:54:56  INFO     uvicorn.access  104.22.17.69:10555 - "GET /api/gallery/file/039985f90d01467c8aa2f27d4b719282.png HTTP/1.1" 200
2026-05-28 10:54:56  INFO     uvicorn.access  172.69.134.32:10689 - "GET /api/gallery/file/4146c931c3244121ae6704675aad583b.png HTTP/1.1" 200
2026-05-28 10:54:56  INFO     uvicorn.access  172.71.154.52:10688 - "GET /api/gallery/file/bf8659bfd921477e9b19db3dc33fb5b1.png HTTP/1.1" 200
2026-05-28 10:54:56  INFO     uvicorn.access  104.22.17.33:13902 - "GET /api/gallery/file/3afbc016ab104c9eb569ca1c3d813b39.png HTTP/1.1" 200
2026-05-28 10:54:56  INFO     uvicorn.access  172.71.155.108:12870 - "GET /api/gallery/file/03ebfe77ba784cd4967369a9bf682555.png HTTP/1.1" 200
2026-05-28 10:54:56  INFO     uvicorn.access  162.158.167.220:10092 - "GET /api/gallery/file/5288082c3c2f480ba32bf60a2b7a0a8d.png HTTP/1.1" 200
2026-05-28 10:54:56  INFO     uvicorn.access  172.69.23.194:10015 - "GET /api/gallery/file/504cff89cfa0457a983588b56e14224d.png HTTP/1.1" 200
2026-05-28 10:55:02  INFO     uvicorn.access  172.69.134.46:10474 - "POST /api/gallery/view/6 HTTP/1.1" 200
2026-05-28 10:55:02  INFO     uvicorn.access  172.69.134.46:10478 - "GET /api/gallery/comments/6?sort=newest HTTP/1.1" 200
2026-05-28 10:55:05  INFO     uvicorn.access  172.69.134.46:10478 - "GET /api/gallery/comments/5?sort=newest HTTP/1.1" 200
2026-05-28 10:55:05  INFO     uvicorn.access  172.69.134.46:10474 - "POST /api/gallery/view/5 HTTP/1.1" 200
2026-05-28 10:55:11  INFO     uvicorn.access  172.69.134.47:13867 - "GET /api/gallery/images?page=1&sort=newest HTTP/1.1" 200
2026-05-28 11:44:48  INFO     uvicorn.access  162.158.41.181:11397 - "GET / HTTP/1.1" 200
2026-05-28 11:44:48  INFO     uvicorn.access  162.158.41.39:9890 - "GET /static/css/common.css HTTP/1.1" 200
2026-05-28 11:44:48  INFO     uvicorn.access  162.158.42.147:10201 - "GET /static/js/common.js HTTP/1.1" 200
2026-05-28 11:44:48  INFO     uvicorn.access  162.158.41.154:9761 - "GET /static/css/home.css HTTP/1.1" 200
2026-05-28 11:44:49  INFO     uvicorn.access  162.158.42.81:14247 - "GET /api/announcement?page=home HTTP/1.1" 200
2026-05-28 12:26:09  INFO     uvicorn.access  104.23.170.178:10460 - "GET / HTTP/1.1" 200
2026-05-28 12:55:51  INFO     uvicorn.access  172.70.38.224:11727 - "GET /robots.txt HTTP/1.1" 307
2026-05-28 12:55:51  INFO     uvicorn.access  172.71.190.67:12942 - "GET / HTTP/1.1" 200
2026-05-28 12:55:55  INFO     uvicorn.access  172.68.245.56:9595 - "GET / HTTP/1.1" 200
2026-05-28 15:31:36  INFO     uvicorn.access  172.71.98.55:12156 - "POST /api/proxy/v1/images/generations HTTP/1.1" 200
2026-05-28 15:39:12  WARNING  app.routers.api_proxy  代理上游返回 HTML 错误 [524] https://newapi-cf.qianqianye.com/v1/images/generations: <!DOCTYPE html>
<!--[if lt IE 7]> <html class="no-js ie6 oldie" lang="en-US"> <![endif]-->
<!--[if I
2026-05-28 15:44:05  WARNING  app.routers.api_proxy  代理上游返回 HTML 错误 [524] https://newapi-cf.qianqianye.com/v1/images/generations: <!DOCTYPE html>
<!--[if lt IE 7]> <html class="no-js ie6 oldie" lang="en-US"> <![endif]-->
<!--[if I
2026-05-28 15:44:43  INFO     uvicorn.access  172.70.100.74:12136 - "POST /api/proxy/v1/chat/completions HTTP/1.1" 200
2026-05-28 15:46:22  INFO     uvicorn.access  172.71.103.137:12724 - "POST /api/proxy/v1/chat/completions HTTP/1.1" 200
2026-05-28 15:50:32  INFO     uvicorn.access  104.23.168.56:13860 - "POST /api/proxy/v1/chat/completions HTTP/1.1" 200
2026-05-28 15:51:30  INFO     uvicorn.access  104.23.172.34:11694 - "POST /api/proxy/v1/chat/completions HTTP/1.1" 200
2026-05-28 15:53:54  INFO     uvicorn.access  85.217.149.0:39830 - "GET / HTTP/1.1" 200
2026-05-28 16:11:48  INFO     uvicorn.access  85.217.149.5:57150 - "GET / HTTP/1.1" 200
2026-05-28 16:43:57  INFO     uvicorn.access  172.71.98.55:13308 - "POST /api/proxy/v1/images/generations HTTP/1.1" 200
2026-05-28 16:52:25  INFO     uvicorn.access  172.71.183.186:14039 - "POST /api/proxy/v1/images/edits HTTP/1.1" 200
2026-05-28 17:01:19  INFO     uvicorn.access  172.71.183.186:10247 - "POST /api/proxy/v1/images/edits HTTP/1.1" 200
2026-05-28 17:06:19  INFO     uvicorn.access  104.23.166.134:10155 - "POST /api/proxy/v1/images/edits HTTP/1.1" 200
2026-05-28 17:35:36  WARNING  uvicorn.error  Invalid HTTP request received.
2026-05-28 17:48:31  INFO     uvicorn.access  104.23.172.35:9880 - "POST /api/proxy/v1/images/edits HTTP/1.1" 200
2026-05-28 17:49:56  INFO     uvicorn.access  104.23.168.56:14026 - "GET /.env HTTP/1.1" 307
2026-05-28 17:49:56  INFO     uvicorn.access  104.23.168.56:14026 - "GET / HTTP/1.1" 200
2026-05-28 17:52:40  INFO     uvicorn.access  172.70.47.159:12120 - "POST /api/proxy/v1/images/edits HTTP/1.1" 200
2026-05-28 17:58:39  WARNING  app.routers.api_proxy  代理上游返回 HTML 错误 [524] https://newapi-cf.qianqianye.com/v1/images/edits: <!DOCTYPE html>
<!--[if lt IE 7]> <html class="no-js ie6 oldie" lang="en-US"> <![endif]-->
<!--[if I
2026-05-28 18:13:31  INFO     uvicorn.access  172.239.71.245:30646 - "GET / HTTP/1.1" 200
2026-05-28 18:16:54  INFO     uvicorn.access  104.23.166.134:11747 - "POST /api/proxy/v1/chat/completions HTTP/1.1" 200
2026-05-28 18:19:33  INFO     uvicorn.access  162.159.113.106:9230 - "POST /api/proxy/v1/chat/completions HTTP/1.1" 200
2026-05-28 18:20:10  INFO     uvicorn.access  162.159.113.107:11412 - "POST /api/proxy/v1/chat/completions HTTP/1.1" 200
2026-05-28 18:21:46  INFO     uvicorn.access  172.71.103.137:12007 - "POST /api/proxy/v1/chat/completions HTTP/1.1" 200
2026-05-28 18:23:44  INFO     uvicorn.access  172.70.47.160:14172 - "POST /api/proxy/v1/chat/completions HTTP/1.1" 200
2026-05-28 18:25:29  INFO     uvicorn.access  172.71.98.55:13165 - "POST /api/proxy/v1/chat/completions HTTP/1.1" 200
2026-05-28 18:26:57  INFO     uvicorn.access  104.23.170.178:13321 - "POST /api/proxy/v1/chat/completions HTTP/1.1" 200
2026-05-28 18:31:41  INFO     uvicorn.access  172.70.47.159:9438 - "POST /api/proxy/v1/chat/completions HTTP/1.1" 200
2026-05-28 19:17:52  INFO     uvicorn.access  162.158.175.157:11908 - "GET /robots.txt HTTP/1.1" 307
2026-05-28 19:17:52  INFO     uvicorn.access  162.159.104.9:14255 - "GET / HTTP/1.1" 200
2026-05-28 19:25:57  INFO     uvicorn.access  172.71.95.25:10305 - "GET / HTTP/1.1" 200
2026-05-28 19:25:57  INFO     uvicorn.access  104.23.166.66:9808 - "GET /static/css/home.css HTTP/1.1" 304
2026-05-28 19:25:57  INFO     uvicorn.access  162.159.113.64:11412 - "GET /static/css/common.css HTTP/1.1" 304
2026-05-28 19:25:57  INFO     uvicorn.access  172.71.95.118:10908 - "GET /static/js/common.js HTTP/1.1" 304
2026-05-28 19:25:58  INFO     uvicorn.access  172.71.95.25:10305 - "GET /api/announcement?page=home HTTP/1.1" 200
2026-05-28 19:26:30  INFO     uvicorn.access  172.71.95.26:10079 - "GET /gallery HTTP/1.1" 200
2026-05-28 19:26:30  INFO     uvicorn.access  104.23.172.104:10100 - "GET /static/css/gallery.css?v=1779876137 HTTP/1.1" 304
2026-05-28 19:26:30  INFO     uvicorn.access  141.101.76.35:13046 - "GET /static/js/gallery.js?v=1779876137 HTTP/1.1" 200
2026-05-28 19:26:30  INFO     uvicorn.access  172.71.95.26:10079 - "GET /api/announcement?page=gallery HTTP/1.1" 200
2026-05-28 19:26:31  INFO     uvicorn.access  172.71.95.26:10079 - "GET /api/gallery/liked?fingerprint=4bd2cad5 HTTP/1.1" 200
2026-05-28 19:26:31  INFO     uvicorn.access  172.71.95.26:10079 - "GET /api/gallery/images?page=1&sort=likes HTTP/1.1" 200
2026-05-28 19:26:32  INFO     uvicorn.access  104.23.170.48:12358 - "GET /api/gallery/avatar/IMG_8531.png HTTP/1.1" 200
2026-05-28 19:26:32  INFO     uvicorn.access  104.23.170.101:14294 - "GET /api/gallery/avatar/IMG_8578.png HTTP/1.1" 200
2026-05-28 19:26:32  INFO     uvicorn.access  172.70.46.46:9507 - "GET /api/gallery/avatar/IMG_8559.png HTTP/1.1" 200
2026-05-28 19:26:32  INFO     uvicorn.access  141.101.76.19:13496 - "GET /api/gallery/file/4146c931c3244121ae6704675aad583b.png HTTP/1.1" 200
2026-05-28 19:26:32  INFO     uvicorn.access  104.23.168.45:9704 - "GET /api/gallery/file/03ebfe77ba784cd4967369a9bf682555.png HTTP/1.1" 200
2026-05-28 19:26:32  INFO     uvicorn.access  141.101.76.75:13703 - "GET /api/gallery/file/039985f90d01467c8aa2f27d4b719282.png HTTP/1.1" 200
2026-05-28 19:26:32  INFO     uvicorn.access  162.159.113.101:11701 - "GET /api/gallery/file/5288082c3c2f480ba32bf60a2b7a0a8d.png HTTP/1.1" 200
2026-05-28 19:26:32  INFO     uvicorn.access  172.71.98.223:11435 - "GET /api/gallery/file/3afbc016ab104c9eb569ca1c3d813b39.png HTTP/1.1" 200
2026-05-28 19:26:32  INFO     uvicorn.access  104.23.168.61:10014 - "GET /api/gallery/file/504cff89cfa0457a983588b56e14224d.png HTTP/1.1" 200
2026-05-28 19:26:32  INFO     uvicorn.access  172.71.102.39:13901 - "GET /api/gallery/file/bf8659bfd921477e9b19db3dc33fb5b1.png HTTP/1.1" 200
2026-05-28 19:26:43  INFO     uvicorn.access  172.71.95.25:9346 - "GET /play HTTP/1.1" 200
2026-05-28 19:26:44  INFO     uvicorn.access  162.159.113.12:14256 - "GET /static/css/play.css?v=1779876137 HTTP/1.1" 304
2026-05-28 19:26:44  INFO     uvicorn.access  104.23.168.48:11709 - "GET /static/js/play.js?v=1779876137 HTTP/1.1" 304
2026-05-28 19:26:45  INFO     uvicorn.access  172.71.95.25:9346 - "GET /api/announcement?page=play HTTP/1.1" 200
2026-05-28 19:35:58  INFO     uvicorn.access  104.23.197.234:13788 - "GET / HTTP/1.1" 200
2026-05-28 19:37:15  INFO     uvicorn.access  104.23.197.234:11721 - "GET / HTTP/1.1" 200
2026-05-28 19:45:25  INFO     uvicorn.access  104.23.170.179:13902 - "GET /api/proxy/v1/models HTTP/1.1" 200
2026-05-28 19:58:20  INFO     uvicorn.access  172.70.47.160:9936 - "POST /api/proxy/v1/images/generations HTTP/1.1" 200
2026-05-28 20:05:34  INFO     uvicorn.access  172.71.183.185:11055 - "POST /api/proxy/v1/images/edits HTTP/1.1" 200
2026-05-28 20:07:38  INFO     uvicorn.access  104.23.166.135:11394 - "POST /api/proxy/v1/chat/completions HTTP/1.1" 200
2026-05-28 20:07:55  INFO     uvicorn.access  104.23.166.135:11394 - "POST /api/proxy/v1/chat/completions HTTP/1.1" 200
2026-05-28 20:08:14  INFO     uvicorn.access  104.23.166.135:11394 - "POST /api/proxy/v1/chat/completions HTTP/1.1" 200
2026-05-28 20:08:49  INFO     uvicorn.access  104.23.166.134:12391 - "POST /api/proxy/v1/chat/completions HTTP/1.1" 200
2026-05-28 20:09:08  INFO     uvicorn.access  104.23.166.134:12391 - "POST /api/proxy/v1/chat/completions HTTP/1.1" 200
2026-05-28 20:09:35  INFO     uvicorn.access  104.23.166.134:12391 - "POST /api/proxy/v1/chat/completions HTTP/1.1" 200
2026-05-28 20:10:08  INFO     uvicorn.access  104.23.211.191:13028 - "GET / HTTP/1.1" 200
2026-05-28 20:10:12  INFO     uvicorn.access  172.70.114.242:13848 - "GET /gallery HTTP/1.1" 200
2026-05-28 20:11:43  INFO     uvicorn.access  172.71.98.55:10426 - "POST /api/proxy/v1/images/edits HTTP/1.1" 200
2026-05-28 20:12:50  INFO     uvicorn.access  104.23.170.178:13581 - "GET /gallery HTTP/1.1" 200
2026-05-28 20:12:50  INFO     uvicorn.access  104.23.170.178:13581 - "GET /api/announcement?page=gallery HTTP/1.1" 200
2026-05-28 20:12:51  INFO     uvicorn.access  104.23.170.178:13585 - "GET /api/gallery/liked?fingerprint=4bd2cad5 HTTP/1.1" 200
2026-05-28 20:12:51  INFO     uvicorn.access  104.23.170.178:13581 - "GET /api/gallery/images?page=1&sort=likes HTTP/1.1" 200
2026-05-28 20:12:55  INFO     uvicorn.access  104.23.170.178:13585 - "GET /play HTTP/1.1" 200
2026-05-28 20:12:56  INFO     uvicorn.access  104.23.170.178:13581 - "GET /api/announcement?page=play HTTP/1.1" 200
2026-05-28 20:13:00  INFO     uvicorn.access  104.23.170.178:13581 - "GET /api/proxy/v1/models HTTP/1.1" 200
2026-05-28 20:16:23  INFO     uvicorn.access  172.71.95.25:13825 - "POST /api/proxy/v1/images/edits HTTP/1.1" 200
2026-05-28 20:19:37  INFO     uvicorn.access  104.23.166.135:13939 - "POST /api/proxy/v1/images/edits HTTP/1.1" 200
2026-05-28 20:23:58  INFO     uvicorn.access  104.23.172.34:10940 - "POST /api/proxy/v1/images/edits HTTP/1.1" 200
2026-05-28 20:26:10  INFO     uvicorn.access  172.71.98.55:13642 - "POST /api/proxy/v1/images/edits HTTP/1.1" 200
2026-05-28 20:28:29  INFO     uvicorn.access  172.71.98.54:10875 - "POST /api/proxy/v1/images/edits HTTP/1.1" 200
2026-05-28 20:32:26  INFO     uvicorn.access  172.70.47.159:10136 - "POST /api/proxy/v1/images/edits HTTP/1.1" 200
2026-05-28 20:34:40  INFO     uvicorn.access  172.71.103.137:9462 - "POST /api/proxy/v1/images/edits HTTP/1.1" 200
2026-05-28 20:38:37  INFO     uvicorn.access  104.23.172.35:13487 - "POST /api/proxy/v1/images/edits HTTP/1.1" 200
2026-05-28 20:40:45  INFO     uvicorn.access  162.159.113.106:10928 - "POST /api/proxy/v1/images/edits HTTP/1.1" 200
2026-05-28 20:43:43  INFO     uvicorn.access  162.159.113.106:10068 - "POST /api/proxy/v1/images/edits HTTP/1.1" 200
2026-05-28 21:39:10  WARNING  uvicorn.error  Invalid HTTP request received.
2026-05-28 21:39:14  INFO     uvicorn.access  91.196.152.207:59315 - "GET / HTTP/1.1" 200
2026-05-28 21:41:15  INFO     uvicorn.access  91.231.89.139:33611 - "GET /favicon.ico HTTP/1.1" 307
2026-05-28 22:35:23  INFO     uvicorn.access  172.71.98.54:13099 - "GET / HTTP/1.1" 200
2026-05-29 00:51:00  INFO     uvicorn.access  108.162.237.37:12803 - "GET /robots.txt HTTP/1.1" 307
2026-05-29 00:51:00  INFO     uvicorn.access  172.71.22.135:11440 - "GET / HTTP/1.1" 200
2026-05-29 00:51:00  INFO     uvicorn.access  172.69.71.73:13682 - "GET / HTTP/1.1" 200
2026-05-29 01:16:31  INFO     uvicorn.access  104.23.170.179:13041 - "GET / HTTP/1.1" 200
2026-05-29 01:16:32  INFO     uvicorn.access  104.23.166.67:9494 - "GET /static/css/home.css HTTP/1.1" 304
2026-05-29 01:16:32  INFO     uvicorn.access  172.71.95.118:9741 - "GET /static/js/common.js HTTP/1.1" 304
2026-05-29 01:16:32  INFO     uvicorn.access  162.159.113.64:9739 - "GET /static/css/common.css HTTP/1.1" 304
2026-05-29 01:16:33  INFO     uvicorn.access  172.71.95.26:11628 - "GET /api/announcement?page=home HTTP/1.1" 200
2026-05-29 01:16:45  INFO     uvicorn.access  162.159.98.205:9440 - "POST /api/proxy/v1/images/edits HTTP/1.1" 200
2026-05-29 01:16:45  INFO     uvicorn.access  172.71.95.26:12534 - "GET /play HTTP/1.1" 200
2026-05-29 01:16:46  INFO     uvicorn.access  162.159.113.12:12060 - "GET /static/css/play.css?v=1779876137 HTTP/1.1" 304
2026-05-29 01:16:46  INFO     uvicorn.access  104.23.168.48:10191 - "GET /static/js/play.js?v=1779876137 HTTP/1.1" 304
2026-05-29 01:16:46  INFO     uvicorn.access  172.71.95.26:12534 - "GET /api/announcement?page=play HTTP/1.1" 200
2026-05-29 01:16:46  INFO     uvicorn.access  172.71.95.25:13663 - "GET /api/history/usage HTTP/1.1" 200
2026-05-29 01:16:47  INFO     uvicorn.access  172.71.95.26:12534 - "GET /api/history/list HTTP/1.1" 200
2026-05-29 01:16:49  INFO     uvicorn.access  162.158.90.237:10148 - "GET / HTTP/1.1" 200
2026-05-29 01:16:49  INFO     uvicorn.access  162.158.91.169:14112 - "GET /static/css/home.css HTTP/1.1" 304
2026-05-29 01:16:49  INFO     uvicorn.access  162.158.91.115:12645 - "GET /static/css/common.css HTTP/1.1" 200
2026-05-29 01:16:49  INFO     uvicorn.access  172.64.217.136:10228 - "GET /static/js/common.js HTTP/1.1" 200
2026-05-29 01:16:49  INFO     uvicorn.access  162.159.98.205:9440 - "POST /api/history/save HTTP/1.1" 200
2026-05-29 01:16:49  INFO     uvicorn.access  162.158.90.237:10148 - "GET /api/announcement?page=home HTTP/1.1" 200
2026-05-29 01:16:49  INFO     uvicorn.access  162.159.98.205:9440 - "GET /api/history/usage HTTP/1.1" 200
2026-05-29 01:16:57  INFO     uvicorn.access  162.158.186.4:9441 - "GET /docs HTTP/1.1" 200
2026-05-29 01:16:57  INFO     uvicorn.access  172.70.214.30:9266 - "GET /static/css/docs.css?v=1779876137 HTTP/1.1" 200
2026-05-29 01:16:57  INFO     uvicorn.access  162.158.186.4:9441 - "GET /api/announcement?page=docs HTTP/1.1" 200
2026-05-29 01:16:58  INFO     uvicorn.access  162.158.186.4:9441 - "GET /gallery HTTP/1.1" 200
2026-05-29 01:16:58  INFO     uvicorn.access  172.64.217.40:14081 - "GET /static/css/gallery.css?v=1779876137 HTTP/1.1" 200
2026-05-29 01:16:58  INFO     uvicorn.access  172.70.215.49:10467 - "GET /static/js/gallery.js?v=1779876137 HTTP/1.1" 304
2026-05-29 01:16:58  INFO     uvicorn.access  162.158.186.4:9441 - "GET /api/announcement?page=gallery HTTP/1.1" 200
2026-05-29 01:16:59  INFO     uvicorn.access  162.158.186.4:9441 - "GET /api/gallery/liked?fingerprint=628054d1 HTTP/1.1" 200
2026-05-29 01:16:59  INFO     uvicorn.access  162.158.186.4:9441 - "GET /api/gallery/images?page=1&sort=likes HTTP/1.1" 200
2026-05-29 01:16:59  INFO     uvicorn.access  172.70.207.43:12653 - "GET /api/gallery/avatar/IMG_8559.png HTTP/1.1" 200
2026-05-29 01:16:59  INFO     uvicorn.access  172.70.214.38:10457 - "GET /api/gallery/file/4146c931c3244121ae6704675aad583b.png HTTP/1.1" 200
2026-05-29 01:16:59  INFO     uvicorn.access  172.70.206.45:12893 - "GET /api/gallery/file/039985f90d01467c8aa2f27d4b719282.png HTTP/1.1" 200
2026-05-29 01:16:59  INFO     uvicorn.access  172.69.33.26:10474 - "GET /api/gallery/file/504cff89cfa0457a983588b56e14224d.png HTTP/1.1" 200
2026-05-29 01:16:59  INFO     uvicorn.access  162.158.187.132:12143 - "GET /api/gallery/file/5288082c3c2f480ba32bf60a2b7a0a8d.png HTTP/1.1" 200
2026-05-29 01:16:59  INFO     uvicorn.access  172.70.207.184:10105 - "GET /api/gallery/file/03ebfe77ba784cd4967369a9bf682555.png HTTP/1.1" 200
2026-05-29 01:16:59  INFO     uvicorn.access  162.158.90.145:11405 - "GET /api/gallery/file/3afbc016ab104c9eb569ca1c3d813b39.png HTTP/1.1" 200
2026-05-29 01:16:59  INFO     uvicorn.access  172.64.217.125:11789 - "GET /api/gallery/file/bf8659bfd921477e9b19db3dc33fb5b1.png HTTP/1.1" 200
2026-05-29 01:16:59  INFO     uvicorn.access  104.23.251.95:11761 - "GET /api/gallery/avatar/IMG_8578.png HTTP/1.1" 200
2026-05-29 01:16:59  INFO     uvicorn.access  162.158.90.58:11646 - "GET /api/gallery/avatar/IMG_8531.png HTTP/1.1" 200
2026-05-29 01:17:07  INFO     uvicorn.access  104.23.175.32:10480 - "GET /api/proxy/v1/models HTTP/1.1" 200
2026-05-29 01:17:22  INFO     uvicorn.access  162.158.186.5:13185 - "GET / HTTP/1.1" 200
2026-05-29 01:17:23  INFO     uvicorn.access  172.64.217.52:12001 - "GET /api/announcement?page=home HTTP/1.1" 200
2026-05-29 01:17:27  INFO     uvicorn.access  162.158.90.237:13480 - "GET / HTTP/1.1" 200
2026-05-29 01:17:28  INFO     uvicorn.access  162.158.90.237:13480 - "GET /api/announcement?page=home HTTP/1.1" 200
2026-05-29 01:18:35  INFO     uvicorn.access  162.159.98.204:12653 - "POST /api/proxy/v1/images/edits HTTP/1.1" 200
2026-05-29 01:18:39  INFO     uvicorn.access  162.159.98.204:12653 - "POST /api/history/save HTTP/1.1" 200
2026-05-29 01:18:40  INFO     uvicorn.access  162.159.98.204:12653 - "GET /api/history/usage HTTP/1.1" 200
2026-05-29 01:20:10  INFO     uvicorn.access  104.23.175.33:11163 - "POST /api/proxy/v1/images/edits HTTP/1.1" 200
2026-05-29 01:22:08  INFO     uvicorn.access  172.70.208.24:10852 - "GET /play HTTP/1.1" 200
2026-05-29 01:22:09  INFO     uvicorn.access  172.70.208.24:10852 - "GET /api/announcement?page=play HTTP/1.1" 200
2026-05-29 01:22:11  INFO     uvicorn.access  172.70.208.70:11107 - "GET /api/history/usage HTTP/1.1" 200
2026-05-29 01:24:02  INFO     uvicorn.access  172.70.208.24:10875 - "GET /api/history/list HTTP/1.1" 200
2026-05-29 01:29:22  INFO     uvicorn.access  162.158.178.121:12829 - "POST /api/proxy/v1/images/edits HTTP/1.1" 200
2026-05-29 01:29:30  INFO     uvicorn.access  162.158.178.120:10575 - "POST /api/history/save HTTP/1.1" 200
2026-05-29 01:29:30  INFO     uvicorn.access  162.158.178.120:10575 - "GET /api/history/usage HTTP/1.1" 200
2026-05-29 01:38:11  INFO     uvicorn.access  162.158.193.212:9302 - "POST /api/proxy/v1/images/edits HTTP/1.1" 200
2026-05-29 01:38:15  INFO     uvicorn.access  162.158.193.212:9302 - "POST /api/history/save HTTP/1.1" 200
2026-05-29 01:38:15  INFO     uvicorn.access  162.158.193.212:9302 - "GET /api/history/usage HTTP/1.1" 200
2026-05-29 01:40:41  INFO     uvicorn.access  162.158.193.213:10124 - "POST /api/proxy/v1/images/edits HTTP/1.1" 200
2026-05-29 01:40:46  INFO     uvicorn.access  162.158.193.213:10124 - "POST /api/history/save HTTP/1.1" 200
2026-05-29 01:40:46  INFO     uvicorn.access  162.158.193.213:10124 - "GET /api/history/usage HTTP/1.1" 200
2026-05-29 01:44:52  INFO     uvicorn.access  172.68.225.118:13909 - "POST /api/proxy/v1/images/edits HTTP/1.1" 200
2026-05-29 01:44:56  INFO     uvicorn.access  172.68.225.118:13909 - "POST /api/history/save HTTP/1.1" 200
2026-05-29 01:44:56  INFO     uvicorn.access  172.68.225.118:13909 - "GET /api/history/usage HTTP/1.1" 200
2026-05-29 01:52:21  INFO     uvicorn.access  162.158.178.120:10282 - "POST /api/proxy/v1/images/edits HTTP/1.1" 200
2026-05-29 01:52:26  INFO     uvicorn.access  162.158.178.120:10282 - "POST /api/history/save HTTP/1.1" 200
2026-05-29 01:52:26  INFO     uvicorn.access  162.158.178.120:10282 - "GET /api/history/usage HTTP/1.1" 200
2026-05-29 01:55:14  INFO     uvicorn.access  162.158.178.120:14330 - "POST /api/proxy/v1/images/edits HTTP/1.1" 200
2026-05-29 01:55:29  INFO     uvicorn.access  162.158.178.120:11219 - "POST /api/history/save HTTP/1.1" 200
2026-05-29 01:55:30  INFO     uvicorn.access  162.158.178.120:11219 - "GET /api/history/usage HTTP/1.1" 200
2026-05-29 02:13:18  INFO     uvicorn.access  162.158.178.120:11624 - "POST /api/proxy/v1/images/edits HTTP/1.1" 200
2026-05-29 02:13:23  INFO     uvicorn.access  162.158.178.120:11624 - "POST /api/history/save HTTP/1.1" 200
2026-05-29 02:13:23  INFO     uvicorn.access  162.158.178.120:11624 - "GET /api/history/usage HTTP/1.1" 200
2026-05-29 02:15:03  INFO     uvicorn.access  162.158.178.121:11720 - "POST /api/proxy/v1/images/edits HTTP/1.1" 200
2026-05-29 02:15:11  INFO     uvicorn.access  162.158.178.120:13992 - "POST /api/history/save HTTP/1.1" 200
2026-05-29 02:15:11  INFO     uvicorn.access  162.158.178.120:13992 - "GET /api/history/usage HTTP/1.1" 200
2026-05-29 02:17:21  INFO     uvicorn.access  162.158.178.121:11887 - "POST /api/proxy/v1/images/edits HTTP/1.1" 200
2026-05-29 02:17:33  INFO     uvicorn.access  162.158.178.120:13647 - "POST /api/history/save HTTP/1.1" 200
2026-05-29 02:17:33  INFO     uvicorn.access  162.158.178.120:13647 - "GET /api/history/usage HTTP/1.1" 200
2026-05-29 02:19:38  INFO     uvicorn.access  162.158.178.121:11166 - "POST /api/proxy/v1/images/edits HTTP/1.1" 200
2026-05-29 02:19:48  INFO     uvicorn.access  162.158.178.121:13334 - "POST /api/history/save HTTP/1.1" 200
2026-05-29 02:19:49  INFO     uvicorn.access  162.158.178.121:13334 - "GET /api/history/usage HTTP/1.1" 200
2026-05-29 02:21:48  INFO     uvicorn.access  162.158.178.120:12523 - "POST /api/proxy/v1/images/edits HTTP/1.1" 200
2026-05-29 02:22:01  INFO     uvicorn.access  162.158.178.120:10660 - "POST /api/history/save HTTP/1.1" 200
2026-05-29 02:22:02  INFO     uvicorn.access  162.158.178.120:10660 - "GET /api/history/usage HTTP/1.1" 200
2026-05-29 02:24:02  INFO     uvicorn.access  162.158.178.120:9669 - "POST /api/proxy/v1/images/edits HTTP/1.1" 200
2026-05-29 02:24:20  INFO     uvicorn.access  162.158.178.121:12902 - "POST /api/history/save HTTP/1.1" 200
2026-05-29 02:24:21  INFO     uvicorn.access  162.158.178.121:12902 - "GET /api/history/usage HTTP/1.1" 200
2026-05-29 02:27:03  WARNING  app.routers.api_proxy  代理上游返回 HTML 错误 [524] https://newapi-cf.qianqianye.com/v1/images/edits: <!DOCTYPE html>
<!--[if lt IE 7]> <html class="no-js ie6 oldie" lang="en-US"> <![endif]-->
<!--[if I
2026-05-29 02:27:35  INFO     uvicorn.access  172.71.215.38:12925 - "POST /api/proxy/v1/images/edits HTTP/1.1" 200
2026-05-29 02:27:47  INFO     uvicorn.access  172.71.215.38:11955 - "POST /api/history/save HTTP/1.1" 200
2026-05-29 02:27:47  INFO     uvicorn.access  172.71.215.38:11955 - "GET /api/history/usage HTTP/1.1" 200
2026-05-29 02:45:02  INFO     uvicorn.access  162.158.193.212:9796 - "POST /api/proxy/v1/images/edits HTTP/1.1" 200
2026-05-29 02:45:14  INFO     uvicorn.access  162.158.193.213:14329 - "POST /api/history/save HTTP/1.1" 200
2026-05-29 02:45:14  INFO     uvicorn.access  162.158.193.213:14329 - "GET /api/history/usage HTTP/1.1" 200
2026-05-29 02:57:53  INFO     uvicorn.access  172.68.211.154:13300 - "POST /api/proxy/v1/images/edits HTTP/1.1" 200
2026-05-29 02:57:59  INFO     uvicorn.access  172.68.211.155:12541 - "POST /api/history/save HTTP/1.1" 200
2026-05-29 02:58:00  INFO     uvicorn.access  172.68.211.155:12541 - "GET /api/history/usage HTTP/1.1" 200
2026-05-29 03:01:20  INFO     uvicorn.access  172.71.210.15:13208 - "POST /api/proxy/v1/images/edits HTTP/1.1" 200
2026-05-29 03:01:24  INFO     uvicorn.access  172.71.210.15:13208 - "POST /api/history/save HTTP/1.1" 200
2026-05-29 03:01:24  INFO     uvicorn.access  172.71.210.15:13208 - "GET /api/history/usage HTTP/1.1" 200
2026-05-29 03:02:17  INFO     uvicorn.access  172.71.210.14:11713 - "POST /api/proxy/v1/images/generations HTTP/1.1" 200
2026-05-29 03:02:24  INFO     uvicorn.access  172.71.210.14:11724 - "POST /api/history/save HTTP/1.1" 200
2026-05-29 03:02:24  INFO     uvicorn.access  172.71.210.14:11724 - "GET /api/history/usage HTTP/1.1" 200
2026-05-29 03:04:50  INFO     uvicorn.access  172.68.211.155:11853 - "POST /api/proxy/v1/images/generations HTTP/1.1" 200
2026-05-29 03:04:58  INFO     uvicorn.access  172.68.211.154:11642 - "POST /api/history/save HTTP/1.1" 200
2026-05-29 03:04:59  INFO     uvicorn.access  172.68.211.154:11642 - "GET /api/history/usage HTTP/1.1" 200
2026-05-29 03:06:27  INFO     uvicorn.access  172.68.211.155:10962 - "POST /api/proxy/v1/images/generations HTTP/1.1" 200
2026-05-29 03:06:48  INFO     uvicorn.access  172.68.211.154:13556 - "POST /api/history/save HTTP/1.1" 200
2026-05-29 03:06:48  INFO     uvicorn.access  172.68.211.154:13556 - "GET /api/history/usage HTTP/1.1" 200
2026-05-29 03:08:20  INFO     uvicorn.access  172.68.211.155:9217 - "POST /api/proxy/v1/images/generations HTTP/1.1" 200
2026-05-29 03:08:34  INFO     uvicorn.access  172.68.211.155:12204 - "POST /api/history/save HTTP/1.1" 200
2026-05-29 03:08:34  INFO     uvicorn.access  172.68.211.155:12204 - "GET /api/history/usage HTTP/1.1" 200
2026-05-29 03:09:38  INFO     uvicorn.access  172.68.211.155:12075 - "POST /api/proxy/v1/images/generations HTTP/1.1" 200
2026-05-29 03:09:53  INFO     uvicorn.access  172.68.211.154:12273 - "POST /api/history/save HTTP/1.1" 200
2026-05-29 03:09:54  INFO     uvicorn.access  172.68.211.154:12273 - "GET /api/history/usage HTTP/1.1" 200
2026-05-29 03:11:47  INFO     uvicorn.access  172.68.211.154:11665 - "POST /api/proxy/v1/images/generations HTTP/1.1" 200
2026-05-29 03:11:59  INFO     uvicorn.access  172.68.211.154:11918 - "POST /api/history/save HTTP/1.1" 200
2026-05-29 03:12:00  INFO     uvicorn.access  172.68.211.154:11918 - "GET /api/history/usage HTTP/1.1" 200
2026-05-29 03:14:21  INFO     uvicorn.access  172.68.211.154:11387 - "POST /api/proxy/v1/images/generations HTTP/1.1" 200
2026-05-29 03:14:43  INFO     uvicorn.access  172.68.211.155:10630 - "POST /api/history/save HTTP/1.1" 200
2026-05-29 03:14:43  INFO     uvicorn.access  172.68.211.155:10630 - "GET /api/history/usage HTTP/1.1" 200
2026-05-29 03:16:52  INFO     uvicorn.access  172.68.211.154:12328 - "POST /api/proxy/v1/images/generations HTTP/1.1" 200
2026-05-29 03:17:07  INFO     uvicorn.access  172.68.211.154:13470 - "POST /api/history/save HTTP/1.1" 200
2026-05-29 03:17:07  INFO     uvicorn.access  172.68.211.154:13470 - "GET /api/history/usage HTTP/1.1" 200
2026-05-29 03:25:46  INFO     uvicorn.access  162.158.178.121:10502 - "POST /api/proxy/v1/images/edits HTTP/1.1" 200
2026-05-29 03:25:56  INFO     uvicorn.access  162.158.178.120:11156 - "POST /api/history/save HTTP/1.1" 200
2026-05-29 03:25:56  INFO     uvicorn.access  162.158.178.120:11156 - "GET /api/history/usage HTTP/1.1" 200
2026-05-29 03:27:51  INFO     uvicorn.access  162.158.178.120:10988 - "POST /api/proxy/v1/images/edits HTTP/1.1" 200
2026-05-29 03:28:01  INFO     uvicorn.access  162.158.178.120:13776 - "POST /api/history/save HTTP/1.1" 200
2026-05-29 03:28:02  INFO     uvicorn.access  162.158.178.120:13776 - "GET /api/history/usage HTTP/1.1" 200
2026-05-29 03:56:40  INFO     uvicorn.access  172.70.135.97:13845 - "GET /static/css/gallery.css?v=1779135176 HTTP/1.1" 200
2026-05-29 03:56:40  INFO     uvicorn.access  104.23.209.74:11330 - "GET /api/announcement?page=gallery HTTP/1.1" 200
2026-05-29 03:56:43  INFO     uvicorn.access  104.23.213.88:12221 - "GET /static/js/gallery.js?v=1779135176 HTTP/1.1" 200
2026-05-29 04:12:52  INFO     uvicorn.access  162.158.41.180:12503 - "GET /api/gallery/liked?fingerprint=193f9e0c HTTP/1.1" 200
2026-05-29 04:12:52  INFO     uvicorn.access  162.158.42.82:9418 - "GET /api/gallery/images?page=1&sort=likes HTTP/1.1" 200
2026-05-29 04:47:44  INFO     uvicorn.access  162.159.98.205:12459 - "GET / HTTP/1.1" 200
2026-05-29 04:47:45  INFO     uvicorn.access  172.68.211.186:9643 - "GET /static/css/common.css HTTP/1.1" 304
2026-05-29 04:47:45  INFO     uvicorn.access  162.158.193.217:13303 - "GET /static/css/home.css HTTP/1.1" 304
2026-05-29 04:47:45  INFO     uvicorn.access  162.159.98.152:9512 - "GET /static/js/common.js HTTP/1.1" 304
2026-05-29 04:47:45  INFO     uvicorn.access  162.159.98.205:12459 - "GET /api/announcement?page=home HTTP/1.1" 200
2026-05-29 04:47:47  INFO     uvicorn.access  162.159.98.205:12459 - "GET /play HTTP/1.1" 200
2026-05-29 04:47:47  INFO     uvicorn.access  172.68.211.5:13396 - "GET /static/css/play.css?v=1779876137 HTTP/1.1" 304
2026-05-29 04:47:47  INFO     uvicorn.access  162.158.193.100:10293 - "GET /static/js/play.js?v=1779876137 HTTP/1.1" 200
2026-05-29 04:47:47  INFO     uvicorn.access  162.159.98.205:12459 - "GET /api/announcement?page=play HTTP/1.1" 200
2026-05-29 04:47:57  INFO     uvicorn.access  162.159.98.205:13542 - "POST /auth/login HTTP/1.1" 200
2026-05-29 04:47:57  INFO     uvicorn.access  162.159.98.205:13542 - "GET /api/history/usage HTTP/1.1" 200
2026-05-29 04:47:57  INFO     uvicorn.access  162.159.98.204:12391 - "GET /api/history/list HTTP/1.1" 200
2026-05-29 04:48:24  INFO     uvicorn.access  162.159.98.205:12820 - "GET /api/proxy/v1/models HTTP/1.1" 200
2026-05-29 04:48:54  INFO     uvicorn.access  172.71.215.182:11969 - "GET /api/history/image/lad/1780024483020_2167_0.png?token=eyJpZCI6IDAsICJ1c2VybmFtZSI6ICJsYWQiLCAicm9sZSI6IDAsICJpc19hZG1pbiI6IGZhbHNlLCAiZXhwIjogMTc4MjYyMjA3N30%3D.88b645bbf06fa9b0c756624a32451f68 HTTP/1.1" 404
2026-05-29 04:48:54  INFO     uvicorn.access  162.159.98.187:11336 - "GET /api/history/image/lad/1780024008038_4408_0.png?token=eyJpZCI6IDAsICJ1c2VybmFtZSI6ICJsYWQiLCAicm9sZSI6IDAsICJpc19hZG1pbiI6IGZhbHNlLCAiZXhwIjogMTc4MjYyMjA3N30%3D.88b645bbf06fa9b0c756624a32451f68 HTTP/1.1" 404
2026-05-29 04:48:54  INFO     uvicorn.access  162.159.98.72:14078 - "GET /api/history/image/lad/1780024627116_2297_0.png?token=eyJpZCI6IDAsICJ1c2VybmFtZSI6ICJsYWQiLCAicm9sZSI6IDAsICJpc19hZG1pbiI6IGZhbHNlLCAiZXhwIjogMTc4MjYyMjA3N30%3D.88b645bbf06fa9b0c756624a32451f68 HTTP/1.1" 404
2026-05-29 04:48:54  INFO     uvicorn.access  172.71.218.239:9262 - "GET /api/history/image/lad/1780024114236_5751_0.png?token=eyJpZCI6IDAsICJ1c2VybmFtZSI6ICJsYWQiLCAicm9sZSI6IDAsICJpc19hZG1pbiI6IGZhbHNlLCAiZXhwIjogMTc4MjYyMjA3N30%3D.88b645bbf06fa9b0c756624a32451f68 HTTP/1.1" 404
2026-05-29 04:48:54  INFO     uvicorn.access  162.158.179.191:9525 - "GET /api/history/image/lad/1780025281726_9641_0.png?token=eyJpZCI6IDAsICJ1c2VybmFtZSI6ICJsYWQiLCAicm9sZSI6IDAsICJpc19hZG1pbiI6IGZhbHNlLCAiZXhwIjogMTc4MjYyMjA3N30%3D.88b645bbf06fa9b0c756624a32451f68 HTTP/1.1" 404
2026-05-29 04:48:54  INFO     uvicorn.access  172.71.215.123:12609 - "GET /api/history/image/lad/1780025156620_1296_0.png?token=eyJpZCI6IDAsICJ1c2VybmFtZSI6ICJsYWQiLCAicm9sZSI6IDAsICJpc19hZG1pbiI6IGZhbHNlLCAiZXhwIjogMTc4MjYyMjA3N30%3D.88b645bbf06fa9b0c756624a32451f68 HTTP/1.1" 404
2026-05-29 04:48:54  INFO     uvicorn.access  172.71.215.217:10036 - "GET /api/history/image/lad/1780023684594_9539_0.png?token=eyJpZCI6IDAsICJ1c2VybmFtZSI6ICJsYWQiLCAicm9sZSI6IDAsICJpc19hZG1pbiI6IGZhbHNlLCAiZXhwIjogMTc4MjYyMjA3N30%3D.88b645bbf06fa9b0c756624a32451f68 HTTP/1.1" 404
2026-05-29 04:48:54  INFO     uvicorn.access  162.159.98.228:10965 - "GET /api/history/image/lad/1780024319848_2230_0.png?token=eyJpZCI6IDAsICJ1c2VybmFtZSI6ICJsYWQiLCAicm9sZSI6IDAsICJpc19hZG1pbiI6IGZhbHNlLCAiZXhwIjogMTc4MjYyMjA3N30%3D.88b645bbf06fa9b0c756624a32451f68 HTTP/1.1" 404
2026-05-29 04:48:54  INFO     uvicorn.access  162.158.114.145:10212 - "GET /api/history/image/lad/1780024193832_8454_0.png?token=eyJpZCI6IDAsICJ1c2VybmFtZSI6ICJsYWQiLCAicm9sZSI6IDAsICJpc19hZG1pbiI6IGZhbHNlLCAiZXhwIjogMTc4MjYyMjA3N30%3D.88b645bbf06fa9b0c756624a32451f68 HTTP/1.1" 404
2026-05-29 04:48:54  INFO     uvicorn.access  162.158.179.162:13497 - "GET /api/history/image/lad/1780023744250_4073_0.png?token=eyJpZCI6IDAsICJ1c2VybmFtZSI6ICJsYWQiLCAicm9sZSI6IDAsICJpc19hZG1pbiI6IGZhbHNlLCAiZXhwIjogMTc4MjYyMjA3N30%3D.88b645bbf06fa9b0c756624a32451f68 HTTP/1.1" 404
2026-05-29 04:48:54  INFO     uvicorn.access  172.71.218.54:9922 - "GET /api/history/image/lad/1780023898755_6259_0.png?token=eyJpZCI6IDAsICJ1c2VybmFtZSI6ICJsYWQiLCAicm9sZSI6IDAsICJpc19hZG1pbiI6IGZhbHNlLCAiZXhwIjogMTc4MjYyMjA3N30%3D.88b645bbf06fa9b0c756624a32451f68 HTTP/1.1" 404
2026-05-29 04:48:56  INFO     uvicorn.access  172.71.215.182:11969 - "GET /api/history/image/lad/1780021321868_8514_0.png?token=eyJpZCI6IDAsICJ1c2VybmFtZSI6ICJsYWQiLCAicm9sZSI6IDAsICJpc19hZG1pbiI6IGZhbHNlLCAiZXhwIjogMTc4MjYyMjA3N30%3D.88b645bbf06fa9b0c756624a32451f68 HTTP/1.1" 404
2026-05-29 04:48:56  INFO     uvicorn.access  162.158.178.227:12239 - "GET /api/history/image/lad/1780023479729_8207_0.png?token=eyJpZCI6IDAsICJ1c2VybmFtZSI6ICJsYWQiLCAicm9sZSI6IDAsICJpc19hZG1pbiI6IGZhbHNlLCAiZXhwIjogMTc4MjYyMjA3N30%3D.88b645bbf06fa9b0c756624a32451f68 HTTP/1.1" 404
2026-05-29 04:48:56  INFO     uvicorn.access  162.159.98.50:12073 - "GET /api/history/image/lad/1780022714310_2484_0.png?token=eyJpZCI6IDAsICJ1c2VybmFtZSI6ICJsYWQiLCAicm9sZSI6IDAsICJpc19hZG1pbiI6IGZhbHNlLCAiZXhwIjogMTc4MjYyMjA3N30%3D.88b645bbf06fa9b0c756624a32451f68 HTTP/1.1" 404
2026-05-29 04:48:56  INFO     uvicorn.access  172.68.211.151:9947 - "GET /api/history/image/lad/1780021460787_6325_0.png?token=eyJpZCI6IDAsICJ1c2VybmFtZSI6ICJsYWQiLCAicm9sZSI6IDAsICJpc19hZG1pbiI6IGZhbHNlLCAiZXhwIjogMTc4MjYyMjA3N30%3D.88b645bbf06fa9b0c756624a32451f68 HTTP/1.1" 404
2026-05-29 04:48:56  INFO     uvicorn.access  172.71.215.153:13825 - "GET /api/history/image/lad/1780021188876_6197_0.png?token=eyJpZCI6IDAsICJ1c2VybmFtZSI6ICJsYWQiLCAicm9sZSI6IDAsICJpc19hZG1pbiI6IGZhbHNlLCAiZXhwIjogMTc4MjYyMjA3N30%3D.88b645bbf06fa9b0c756624a32451f68 HTTP/1.1" 404
2026-05-29 04:48:56  INFO     uvicorn.access  162.158.178.131:11348 - "GET /api/history/image/lad/1780021667353_5310_0.png?token=eyJpZCI6IDAsICJ1c2VybmFtZSI6ICJsYWQiLCAicm9sZSI6IDAsICJpc19hZG1pbiI6IGZhbHNlLCAiZXhwIjogMTc4MjYyMjA3N30%3D.88b645bbf06fa9b0c756624a32451f68 HTTP/1.1" 404
2026-05-29 04:48:56  INFO     uvicorn.access  172.68.211.134:9603 - "GET /api/history/image/lad/1780020911422_1420_0.png?token=eyJpZCI6IDAsICJ1c2VybmFtZSI6ICJsYWQiLCAicm9sZSI6IDAsICJpc19hZG1pbiI6IGZhbHNlLCAiZXhwIjogMTc4MjYyMjA3N30%3D.88b645bbf06fa9b0c756624a32451f68 HTTP/1.1" 404
2026-05-29 04:48:56  INFO     uvicorn.access  172.71.215.47:10720 - "GET /api/history/image/lad/1780021053071_4438_0.png?token=eyJpZCI6IDAsICJ1c2VybmFtZSI6ICJsYWQiLCAicm9sZSI6IDAsICJpc19hZG1pbiI6IGZhbHNlLCAiZXhwIjogMTc4MjYyMjA3N30%3D.88b645bbf06fa9b0c756624a32451f68 HTTP/1.1" 404
2026-05-29 04:48:56  INFO     uvicorn.access  172.71.215.165:10931 - "GET /api/history/image/lad/1780019729793_9135_0.png?token=eyJpZCI6IDAsICJ1c2VybmFtZSI6ICJsYWQiLCAicm9sZSI6IDAsICJpc19hZG1pbiI6IGZhbHNlLCAiZXhwIjogMTc4MjYyMjA3N30%3D.88b645bbf06fa9b0c756624a32451f68 HTTP/1.1" 404
2026-05-29 04:48:56  INFO     uvicorn.access  162.158.193.174:12510 - "GET /api/history/image/lad/1780020803373_9412_0.png?token=eyJpZCI6IDAsICJ1c2VybmFtZSI6ICJsYWQiLCAicm9sZSI6IDAsICJpc19hZG1pbiI6IGZhbHNlLCAiZXhwIjogMTc4MjYyMjA3N30%3D.88b645bbf06fa9b0c756624a32451f68 HTTP/1.1" 404
2026-05-29 04:48:56  INFO     uvicorn.access  162.158.114.102:13003 - "GET /api/history/image/lad/1780018846570_4454_0.png?token=eyJpZCI6IDAsICJ1c2VybmFtZSI6ICJsYWQiLCAicm9sZSI6IDAsICJpc19hZG1pbiI6IGZhbHNlLCAiZXhwIjogMTc4MjYyMjA3N30%3D.88b645bbf06fa9b0c756624a32451f68 HTTP/1.1" 404
2026-05-29 04:48:56  INFO     uvicorn.access  172.71.215.145:11817 - "GET /api/history/image/lad/1780019096266_9243_0.png?token=eyJpZCI6IDAsICJ1c2VybmFtZSI6ICJsYWQiLCAicm9sZSI6IDAsICJpc19hZG1pbiI6IGZhbHNlLCAiZXhwIjogMTc4MjYyMjA3N30%3D.88b645bbf06fa9b0c756624a32451f68 HTTP/1.1" 404
2026-05-29 04:48:56  INFO     uvicorn.access  162.158.114.125:10040 - "GET /api/history/image/lad/1780019546028_1035_0.png?token=eyJpZCI6IDAsICJ1c2VybmFtZSI6ICJsYWQiLCAicm9sZSI6IDAsICJpc19hZG1pbiI6IGZhbHNlLCAiZXhwIjogMTc4MjYyMjA3N30%3D.88b645bbf06fa9b0c756624a32451f68 HTTP/1.1" 404
2026-05-29 04:48:57  INFO     uvicorn.access  162.158.193.122:11104 - "GET /api/history/image/lad/1780017409604_9400_0.png?token=eyJpZCI6IDAsICJ1c2VybmFtZSI6ICJsYWQiLCAicm9sZSI6IDAsICJpc19hZG1pbiI6IGZhbHNlLCAiZXhwIjogMTc4MjYyMjA3N30%3D.88b645bbf06fa9b0c756624a32451f68 HTTP/1.1" 404
2026-05-29 04:48:57  INFO     uvicorn.access  162.158.114.201:13798 - "GET /api/history/image/lad/1780017519767_5763_0.png?token=eyJpZCI6IDAsICJ1c2VybmFtZSI6ICJsYWQiLCAicm9sZSI6IDAsICJpc19hZG1pbiI6IGZhbHNlLCAiZXhwIjogMTc4MjYyMjA3N30%3D.88b645bbf06fa9b0c756624a32451f68 HTTP/1.1" 404
2026-05-29 04:48:57  INFO     uvicorn.access  162.159.98.104:12403 - "GET /api/history/image/lad/1780018695130_4947_0.png?token=eyJpZCI6IDAsICJ1c2VybmFtZSI6ICJsYWQiLCAicm9sZSI6IDAsICJpc19hZG1pbiI6IGZhbHNlLCAiZXhwIjogMTc4MjYyMjA3N30%3D.88b645bbf06fa9b0c756624a32451f68 HTTP/1.1" 404
2026-05-29 04:48:57  INFO     uvicorn.access  172.71.215.40:12631 - "GET /api/history/image/lad/1780018170199_3902_0.png?token=eyJpZCI6IDAsICJ1c2VybmFtZSI6ICJsYWQiLCAicm9sZSI6IDAsICJpc19hZG1pbiI6IGZhbHNlLCAiZXhwIjogMTc4MjYyMjA3N30%3D.88b645bbf06fa9b0c756624a32451f68 HTTP/1.1" 404
2026-05-29 04:49:55  INFO     uvicorn.access  162.159.98.205:9489 - "POST /api/proxy/v1/images/edits HTTP/1.1" 200
2026-05-29 04:49:58  INFO     uvicorn.access  162.159.98.205:9489 - "POST /api/history/save HTTP/1.1" 200
2026-05-29 04:49:58  INFO     uvicorn.access  162.159.98.205:9489 - "GET /api/history/usage HTTP/1.1" 200
2026-05-29 05:31:00  INFO     uvicorn.access  137.184.235.85:42764 - "GET /.env HTTP/1.1" 307
2026-05-29 06:23:03  INFO     uvicorn.access  172.71.210.14:12616 - "GET / HTTP/1.1" 200
2026-05-29 06:23:04  INFO     uvicorn.access  172.71.210.15:11732 - "GET /play HTTP/1.1" 200
2026-05-29 06:23:04  INFO     uvicorn.access  172.71.210.14:12616 - "GET /api/announcement?page=play HTTP/1.1" 200
2026-05-29 06:23:05  INFO     uvicorn.access  172.71.210.15:11732 - "GET /api/history/usage HTTP/1.1" 200
2026-05-29 06:23:08  INFO     uvicorn.access  172.71.210.14:12616 - "GET /api/history/list HTTP/1.1" 200
2026-05-29 06:23:27  INFO     uvicorn.access  172.68.211.154:14138 - "GET /api/proxy/v1/models HTTP/1.1" 200
2026-05-29 06:23:35  INFO     uvicorn.access  172.71.214.133:13889 - "GET /api/history/image/ichgez/1780030198758_5413_0.png?token=eyJpZCI6IDAsICJ1c2VybmFtZSI6ICJpY2hnZXoiLCAicm9sZSI6IDAsICJpc19hZG1pbiI6IGZhbHNlLCAiZXhwIjogMTc4MDM2MzI0N30%3D.777a61f2c56e347a58a8bf480387c227 HTTP/1.1" 404
2026-05-29 06:24:42  INFO     uvicorn.access  172.68.211.155:9319 - "POST /api/proxy/v1/images/edits HTTP/1.1" 200
2026-05-29 06:24:54  INFO     uvicorn.access  172.68.211.154:10919 - "POST /api/history/save HTTP/1.1" 200
2026-05-29 06:24:54  INFO     uvicorn.access  172.68.211.154:10919 - "GET /api/history/usage HTTP/1.1" 200
2026-05-29 06:49:02  INFO     uvicorn.access  172.69.79.158:12147 - "GET / HTTP/1.1" 200
2026-05-29 07:01:06  INFO     uvicorn.access  172.68.23.40:9929 - "GET / HTTP/1.1" 200
2026-05-29 07:01:06  INFO     uvicorn.access  172.68.22.111:13426 - "GET /static/css/common.css HTTP/1.1" 200
2026-05-29 07:01:06  INFO     uvicorn.access  172.68.22.141:13327 - "GET /static/js/common.js HTTP/1.1" 304
2026-05-29 07:01:06  INFO     uvicorn.access  172.68.23.165:12206 - "GET /static/css/home.css HTTP/1.1" 304
2026-05-29 07:01:07  INFO     uvicorn.access  172.68.23.40:9929 - "GET /api/announcement?page=home HTTP/1.1" 200
2026-05-29 07:01:10  INFO     uvicorn.access  172.68.23.40:9929 - "GET / HTTP/1.1" 200
2026-05-29 07:01:10  INFO     uvicorn.access  172.68.23.40:9929 - "GET / HTTP/1.1" 200
2026-05-29 07:01:10  INFO     uvicorn.access  172.68.23.40:9929 - "GET /api/announcement?page=home HTTP/1.1" 200
2026-05-29 07:01:11  INFO     uvicorn.access  172.68.23.40:9929 - "GET /docs HTTP/1.1" 200
2026-05-29 07:01:11  INFO     uvicorn.access  172.68.23.37:14267 - "GET /static/css/docs.css?v=1779876137 HTTP/1.1" 200
2026-05-29 07:01:12  INFO     uvicorn.access  172.68.23.40:9929 - "GET /api/announcement?page=docs HTTP/1.1" 200
2026-05-29 07:23:00  WARNING  app.routers.api_proxy  代理上游返回 HTML 错误 [524] https://newapi-cf.qianqianye.com/v1/images/edits: <!DOCTYPE html>
<!--[if lt IE 7]> <html class="no-js ie6 oldie" lang="en-US"> <![endif]-->
<!--[if I
2026-05-29 07:25:13  INFO     uvicorn.access  172.70.100.74:13113 - "POST /api/proxy/v1/images/edits HTTP/1.1" 200
2026-05-29 07:25:52  INFO     uvicorn.access  172.70.100.74:10486 - "POST /api/history/save HTTP/1.1" 200
2026-05-29 07:25:52  INFO     uvicorn.access  172.70.100.74:10486 - "GET /api/history/usage HTTP/1.1" 200
2026-05-29 07:29:12  INFO     uvicorn.access  162.158.90.237:13350 - "GET / HTTP/1.1" 200
2026-05-29 07:29:12  INFO     uvicorn.access  172.64.217.137:14005 - "GET /static/js/common.js HTTP/1.1" 304
2026-05-29 07:29:12  INFO     uvicorn.access  162.158.91.169:13057 - "GET /static/css/home.css HTTP/1.1" 304
2026-05-29 07:29:12  INFO     uvicorn.access  162.158.91.116:12395 - "GET /static/css/common.css HTTP/1.1" 304
2026-05-29 07:29:12  INFO     uvicorn.access  162.158.91.190:11327 - "GET /api/announcement?page=home HTTP/1.1" 200
2026-05-29 07:29:15  INFO     uvicorn.access  162.158.91.190:11327 - "GET /play HTTP/1.1" 200
2026-05-29 07:29:16  INFO     uvicorn.access  172.70.215.21:12961 - "GET /static/css/play.css?v=1779876137 HTTP/1.1" 200
2026-05-29 07:29:16  INFO     uvicorn.access  172.69.33.65:14301 - "GET /static/js/play.js?v=1779876137 HTTP/1.1" 304
2026-05-29 07:29:16  INFO     uvicorn.access  162.158.90.237:13350 - "GET /api/announcement?page=play HTTP/1.1" 200
2026-05-29 07:29:16  INFO     uvicorn.access  162.158.91.190:11327 - "GET /api/history/usage HTTP/1.1" 401
2026-05-29 07:29:16  INFO     uvicorn.access  162.158.91.190:11327 - "GET /api/history/list HTTP/1.1" 401
2026-05-29 07:40:29  INFO     uvicorn.access  172.70.215.38:12598 - "GET /api/proxy/v1/models HTTP/1.1" 401
2026-05-29 07:40:52  INFO     uvicorn.access  172.70.215.38:10238 - "GET /api/proxy/v1/models HTTP/1.1" 401
2026-05-29 07:41:00  INFO     uvicorn.access  172.70.215.37:11751 - "GET /api/proxy/v1/models HTTP/1.1" 200
2026-05-29 07:43:37  INFO     uvicorn.access  172.70.215.37:13807 - "POST /api/proxy/v1/images/edits HTTP/1.1" 200
2026-05-29 07:43:50  INFO     uvicorn.access  172.70.215.37:11289 - "POST /api/history/save HTTP/1.1" 401
2026-05-29 07:43:51  INFO     uvicorn.access  172.70.215.38:14133 - "GET /api/history/usage HTTP/1.1" 401
2026-05-29 07:44:31  INFO     uvicorn.access  172.70.215.38:12784 - "DELETE /api/history/batch/mp10lfxid1zvy HTTP/1.1" 401
2026-05-29 07:44:31  INFO     uvicorn.access  172.70.215.38:12784 - "GET /api/history/usage HTTP/1.1" 401
2026-05-29 07:44:31  INFO     uvicorn.access  172.70.215.38:12785 - "DELETE /api/history/batch/mp10ie27thj0s HTTP/1.1" 401
2026-05-29 07:44:31  INFO     uvicorn.access  172.70.215.38:12784 - "GET /api/history/usage HTTP/1.1" 401
2026-05-29 07:44:31  INFO     uvicorn.access  172.70.215.38:12785 - "DELETE /api/history/batch/mp0zpmg9oi9ts HTTP/1.1" 401
2026-05-29 07:44:32  INFO     uvicorn.access  172.70.215.38:12784 - "GET /api/history/usage HTTP/1.1" 401
2026-05-29 07:44:37  INFO     uvicorn.access  172.70.215.37:9495 - "DELETE /api/history/batch/mpqm8bo4r2fn5 HTTP/1.1" 401
2026-05-29 07:44:37  INFO     uvicorn.access  172.70.215.37:9495 - "GET /api/history/usage HTTP/1.1" 401
2026-05-29 07:44:40  INFO     uvicorn.access  172.70.215.37:9495 - "DELETE /api/history/batch/mp1gzjm5wgfbq HTTP/1.1" 401
2026-05-29 07:44:40  INFO     uvicorn.access  172.70.215.37:9495 - "GET /api/history/usage HTTP/1.1" 401
2026-05-29 07:44:40  INFO     uvicorn.access  172.70.215.37:14299 - "DELETE /api/history/batch/mp1gvgkbh1j3g HTTP/1.1" 401
2026-05-29 07:44:40  INFO     uvicorn.access  172.70.215.37:9495 - "GET /api/history/usage HTTP/1.1" 401
2026-05-29 07:44:40  INFO     uvicorn.access  172.70.215.37:14299 - "DELETE /api/history/batch/mp1gt2f5lu2zm HTTP/1.1" 401
2026-05-29 07:44:40  INFO     uvicorn.access  172.70.215.37:9495 - "GET /api/history/usage HTTP/1.1" 401
2026-05-29 07:44:40  INFO     uvicorn.access  172.70.215.37:14299 - "DELETE /api/history/batch/mp1fjrfknr6nd HTTP/1.1" 401
2026-05-29 07:44:40  INFO     uvicorn.access  172.70.215.37:9495 - "DELETE /api/history/batch/mp1fi5m1mm3dv HTTP/1.1" 401
2026-05-29 07:44:40  INFO     uvicorn.access  172.70.215.37:14299 - "GET /api/history/usage HTTP/1.1" 401
2026-05-29 07:44:41  INFO     uvicorn.access  172.70.215.37:14299 - "GET /api/history/usage HTTP/1.1" 401
2026-05-29 07:44:42  INFO     uvicorn.access  172.70.215.37:9495 - "DELETE /api/history/clear HTTP/1.1" 401
2026-05-29 07:44:42  INFO     uvicorn.access  172.70.215.37:14299 - "GET /api/history/usage HTTP/1.1" 401
2026-05-29 07:47:45  WARNING  app.routers.api_proxy  代理上游返回 HTML 错误 [524] https://newapi-cf.qianqianye.com/v1/images/edits: <!DOCTYPE html>
<!--[if lt IE 7]> <html class="no-js ie6 oldie" lang="en-US"> <![endif]-->
<!--[if I
2026-05-29 07:47:45  INFO     uvicorn.access  172.70.215.37:10489 - "POST /api/proxy/v1/images/edits HTTP/1.1" 524
2026-05-29 07:54:23  INFO     uvicorn.access  104.22.20.213:9674 - "POST /api/proxy/v1/images/edits HTTP/1.1" 200
2026-05-29 07:54:25  INFO     uvicorn.access  104.22.20.213:9674 - "POST /api/history/save HTTP/1.1" 401
2026-05-29 07:54:25  INFO     uvicorn.access  104.22.20.212:12212 - "GET /api/history/usage HTTP/1.1" 401
2026-05-29 07:55:15  INFO     uvicorn.access  104.22.20.213:13160 - "GET /docs HTTP/1.1" 200
2026-05-29 07:55:15  INFO     uvicorn.access  172.70.214.30:14104 - "GET /static/css/docs.css?v=1779876137 HTTP/1.1" 304
2026-05-29 07:55:16  INFO     uvicorn.access  172.70.215.37:10541 - "GET /api/announcement?page=docs HTTP/1.1" 200
2026-05-29 07:55:44  INFO     uvicorn.access  162.158.186.4:11059 - "GET /api/history/usage HTTP/1.1" 401
2026-05-29 07:55:44  INFO     uvicorn.access  162.158.186.5:12170 - "GET /api/history/list HTTP/1.1" 401
2026-05-29 07:55:45  INFO     uvicorn.access  162.158.186.5:12170 - "GET /gallery HTTP/1.1" 200
2026-05-29 07:55:45  INFO     uvicorn.access  172.64.217.41:12166 - "GET /static/css/gallery.css?v=1779876137 HTTP/1.1" 304
2026-05-29 07:55:45  INFO     uvicorn.access  172.70.215.50:13847 - "GET /static/js/gallery.js?v=1779876137 HTTP/1.1" 304
2026-05-29 07:55:46  INFO     uvicorn.access  162.158.186.4:11059 - "GET /api/announcement?page=gallery HTTP/1.1" 200
2026-05-29 07:55:46  INFO     uvicorn.access  162.158.186.5:12170 - "POST /auth/verify HTTP/1.1" 200
2026-05-29 07:55:46  INFO     uvicorn.access  162.158.186.4:11059 - "GET /api/gallery/liked?fingerprint=68ccb28f HTTP/1.1" 200
2026-05-29 07:55:46  INFO     uvicorn.access  162.158.186.5:12170 - "GET /api/gallery/images?page=1&sort=likes HTTP/1.1" 200
2026-05-29 07:55:46  INFO     uvicorn.access  172.70.207.44:11326 - "GET /api/gallery/avatar/IMG_8559.png HTTP/1.1" 200
2026-05-29 07:55:46  INFO     uvicorn.access  162.158.90.58:11702 - "GET /api/gallery/avatar/IMG_8531.png HTTP/1.1" 200
2026-05-29 07:55:46  INFO     uvicorn.access  104.23.251.94:11813 - "GET /api/gallery/avatar/IMG_8578.png HTTP/1.1" 200
2026-05-29 07:55:46  INFO     uvicorn.access  172.70.214.38:13059 - "GET /api/gallery/file/4146c931c3244121ae6704675aad583b.png HTTP/1.1" 200
2026-05-29 07:55:46  INFO     uvicorn.access  172.70.206.44:10031 - "GET /api/gallery/file/039985f90d01467c8aa2f27d4b719282.png HTTP/1.1" 200
2026-05-29 07:55:46  INFO     uvicorn.access  172.64.217.124:13469 - "GET /api/gallery/file/bf8659bfd921477e9b19db3dc33fb5b1.png HTTP/1.1" 200
2026-05-29 07:55:46  INFO     uvicorn.access  172.69.33.27:14125 - "GET /api/gallery/file/504cff89cfa0457a983588b56e14224d.png HTTP/1.1" 200
2026-05-29 07:55:46  INFO     uvicorn.access  162.158.187.131:10056 - "GET /api/gallery/file/5288082c3c2f480ba32bf60a2b7a0a8d.png HTTP/1.1" 200
2026-05-29 07:55:46  INFO     uvicorn.access  172.70.207.183:9650 - "GET /api/gallery/file/03ebfe77ba784cd4967369a9bf682555.png HTTP/1.1" 200
2026-05-29 07:55:46  INFO     uvicorn.access  162.158.90.144:10387 - "GET /api/gallery/file/3afbc016ab104c9eb569ca1c3d813b39.png HTTP/1.1" 200
2026-05-29 07:56:34  INFO     uvicorn.access  162.158.186.5:13407 - "POST /auth/login HTTP/1.1" 200
2026-05-29 07:56:34  INFO     uvicorn.access  162.158.186.5:13407 - "GET /api/gallery/images?page=1&sort=likes HTTP/1.1" 200
2026-05-29 07:56:38  INFO     uvicorn.access  162.158.186.5:13407 - "GET /api/gallery/profile HTTP/1.1" 200
2026-05-29 07:56:38  INFO     uvicorn.access  162.158.186.5:13407 - "GET /api/gallery/my HTTP/1.1" 200
2026-05-29 07:56:57  INFO     uvicorn.access  162.158.186.4:12240 - "GET /gallery HTTP/1.1" 200
2026-05-29 07:56:57  INFO     uvicorn.access  162.158.186.4:12240 - "GET /api/announcement?page=gallery HTTP/1.1" 200
2026-05-29 07:56:57  INFO     uvicorn.access  162.158.186.4:12240 - "POST /auth/verify HTTP/1.1" 200
2026-05-29 07:56:58  INFO     uvicorn.access  162.158.186.4:12240 - "GET /api/gallery/liked?fingerprint=68ccb28f HTTP/1.1" 200
2026-05-29 07:56:58  INFO     uvicorn.access  162.158.186.4:12240 - "GET /api/gallery/images?page=1&sort=likes HTTP/1.1" 200
2026-05-29 07:57:10  INFO     uvicorn.access  162.158.186.4:13796 - "GET /play HTTP/1.1" 200
2026-05-29 07:57:10  INFO     uvicorn.access  162.158.186.4:13796 - "GET /api/announcement?page=play HTTP/1.1" 200
2026-05-29 07:57:10  INFO     uvicorn.access  162.158.186.4:13801 - "GET /api/history/usage HTTP/1.1" 200
2026-05-29 07:57:10  INFO     uvicorn.access  162.158.186.4:13796 - "GET /api/history/list HTTP/1.1" 200
2026-05-29 07:58:35  INFO     uvicorn.access  172.71.103.137:9501 - "GET / HTTP/1.1" 200
2026-05-29 07:58:35  INFO     uvicorn.access  104.23.166.66:13748 - "GET /static/css/home.css HTTP/1.1" 304
2026-05-29 07:58:35  INFO     uvicorn.access  162.159.113.65:12244 - "GET /static/css/common.css HTTP/1.1" 304
2026-05-29 07:58:35  INFO     uvicorn.access  172.71.95.117:10245 - "GET /static/js/common.js HTTP/1.1" 304
2026-05-29 07:58:36  INFO     uvicorn.access  172.70.47.159:9694 - "GET /api/announcement?page=home HTTP/1.1" 200
2026-05-29 07:58:49  INFO     uvicorn.access  172.70.47.159:12029 - "GET /play HTTP/1.1" 200
2026-05-29 07:58:50  INFO     uvicorn.access  104.23.168.48:13225 - "GET /static/js/play.js?v=1779876137 HTTP/1.1" 304
2026-05-29 07:58:50  INFO     uvicorn.access  162.159.113.12:9742 - "GET /static/css/play.css?v=1779876137 HTTP/1.1" 304
2026-05-29 07:58:50  INFO     uvicorn.access  172.70.47.159:12029 - "GET /api/announcement?page=play HTTP/1.1" 200
2026-05-29 07:58:57  INFO     uvicorn.access  172.70.47.159:13724 - "GET /play HTTP/1.1" 200
2026-05-29 07:58:58  INFO     uvicorn.access  172.70.47.159:13724 - "GET /api/announcement?page=play HTTP/1.1" 200
2026-05-29 08:00:18  INFO     uvicorn.access  108.162.242.103:12307 - "GET /wp-content/plugins/hellopress/wp_filemanager.php HTTP/1.1" 404
2026-05-29 08:00:18  INFO     uvicorn.access  108.162.242.112:12690 - "GET /wk/index.php HTTP/1.1" 404
2026-05-29 08:00:18  INFO     uvicorn.access  108.162.242.103:12307 - "GET /wp-content/plugins/admin.php HTTP/1.1" 404
2026-05-29 08:00:18  INFO     uvicorn.access  108.162.242.112:12690 - "GET /1.php HTTP/1.1" 307
2026-05-29 08:00:18  INFO     uvicorn.access  108.162.242.103:12307 - "GET / HTTP/1.1" 200
2026-05-29 08:00:18  INFO     uvicorn.access  108.162.242.112:12690 - "GET /wp-admin/about.php HTTP/1.1" 404
2026-05-29 08:00:19  INFO     uvicorn.access  108.162.242.103:12307 - "GET /ioxi-o.php HTTP/1.1" 307
2026-05-29 08:00:19  INFO     uvicorn.access  108.162.242.112:12690 - "GET / HTTP/1.1" 200
2026-05-29 08:00:19  INFO     uvicorn.access  108.162.242.103:12307 - "GET /special.php HTTP/1.1" 307
2026-05-29 08:00:19  INFO     uvicorn.access  108.162.242.112:12690 - "GET / HTTP/1.1" 200
2026-05-29 08:00:19  INFO     uvicorn.access  108.162.242.103:12307 - "GET /wp-admin/includes/index.php HTTP/1.1" 404
2026-05-29 08:00:19  INFO     uvicorn.access  108.162.242.112:12690 - "GET /hehehehe.php HTTP/1.1" 307
2026-05-29 08:00:19  INFO     uvicorn.access  108.162.242.103:12307 - "GET / HTTP/1.1" 200
2026-05-29 08:00:19  INFO     uvicorn.access  108.162.242.112:12690 - "GET /wp-content/1.php HTTP/1.1" 404
2026-05-29 08:00:19  INFO     uvicorn.access  108.162.242.103:12307 - "GET /wp-content/index.php HTTP/1.1" 404
2026-05-29 08:00:19  INFO     uvicorn.access  108.162.242.112:12690 - "GET /wp-includes/certificates/ HTTP/1.1" 404
2026-05-29 08:00:20  INFO     uvicorn.access  108.162.242.103:12307 - "GET /wp-admin/css/ HTTP/1.1" 404
2026-05-29 08:00:20  INFO     uvicorn.access  108.162.242.112:12690 - "GET /cgi-bin/ HTTP/1.1" 307
2026-05-29 08:00:20  INFO     uvicorn.access  108.162.242.103:12307 - "GET /cgi-bin HTTP/1.1" 307
2026-05-29 08:00:20  INFO     uvicorn.access  108.162.242.112:12690 - "GET / HTTP/1.1" 200
2026-05-29 08:00:20  INFO     uvicorn.access  108.162.242.103:12307 - "GET /about.php HTTP/1.1" 307
2026-05-29 08:00:20  INFO     uvicorn.access  108.162.242.112:12690 - "GET / HTTP/1.1" 200
2026-05-29 08:00:20  INFO     uvicorn.access  108.162.242.103:12307 - "GET /config.php HTTP/1.1" 307
2026-05-29 08:00:20  INFO     uvicorn.access  108.162.242.112:12690 - "GET / HTTP/1.1" 200
2026-05-29 08:00:20  INFO     uvicorn.access  108.162.242.103:12307 - "GET /wp-includes/images/ HTTP/1.1" 404
2026-05-29 08:00:20  INFO     uvicorn.access  108.162.242.112:12690 - "GET /akcc.php HTTP/1.1" 307
2026-05-29 08:00:20  INFO     uvicorn.access  108.162.242.103:12307 - "GET / HTTP/1.1" 200
2026-05-29 08:00:21  INFO     uvicorn.access  108.162.242.112:12690 - "GET /css.php HTTP/1.1" 307
2026-05-29 08:00:21  INFO     uvicorn.access  108.162.242.103:12307 - "GET / HTTP/1.1" 200
2026-05-29 08:00:21  INFO     uvicorn.access  108.162.242.112:12690 - "GET /mah.php HTTP/1.1" 307
2026-05-29 08:00:21  INFO     uvicorn.access  108.162.242.103:12307 - "GET / HTTP/1.1" 200
2026-05-29 08:00:21  INFO     uvicorn.access  108.162.242.112:12690 - "GET /wp-includes/pomo/about.php HTTP/1.1" 404
2026-05-29 08:00:21  INFO     uvicorn.access  108.162.242.103:12307 - "GET /wp-includes/IXR/ HTTP/1.1" 404
2026-05-29 08:00:21  INFO     uvicorn.access  108.162.242.112:12690 - "GET /upload/login.php HTTP/1.1" 404
2026-05-29 08:00:22  INFO     uvicorn.access  108.162.242.103:12307 - "GET /wp-includes/block-patterns/about.php HTTP/1.1" 404
2026-05-29 08:00:22  INFO     uvicorn.access  108.162.242.112:12690 - "GET /wp-content/uploads/2023/ HTTP/1.1" 404
2026-05-29 08:00:22  INFO     uvicorn.access  108.162.242.103:12307 - "GET /wp-content/uploads/ HTTP/1.1" 404
2026-05-29 08:00:22  INFO     uvicorn.access  108.162.242.112:12690 - "GET /wp-includes/ID3/ HTTP/1.1" 404
2026-05-29 08:00:22  INFO     uvicorn.access  108.162.242.103:12307 - "GET /wp-includes/css.php HTTP/1.1" 404
2026-05-29 08:00:22  INFO     uvicorn.access  108.162.242.103:12307 - "GET /wp-includes/block-supports/index.php HTTP/1.1" 404
2026-05-29 08:00:22  INFO     uvicorn.access  108.162.242.103:12307 - "GET /fox.php HTTP/1.1" 307
2026-05-29 08:00:22  INFO     uvicorn.access  108.162.242.103:12307 - "GET / HTTP/1.1" 200
2026-05-29 08:00:22  INFO     uvicorn.access  108.162.242.103:12307 - "GET /ds.php HTTP/1.1" 307
2026-05-29 08:00:22  INFO     uvicorn.access  108.162.242.103:12307 - "GET / HTTP/1.1" 200
2026-05-29 08:00:22  INFO     uvicorn.access  108.162.242.103:12307 - "GET /wp-content/themes/admin.php HTTP/1.1" 404
2026-05-29 08:00:23  INFO     uvicorn.access  108.162.242.103:12307 - "GET /1index.php HTTP/1.1" 307
2026-05-29 08:00:23  INFO     uvicorn.access  108.162.242.103:12307 - "GET / HTTP/1.1" 200
2026-05-29 08:00:23  INFO     uvicorn.access  108.162.242.103:12307 - "GET /wp-file.php HTTP/1.1" 307
2026-05-29 08:00:23  INFO     uvicorn.access  108.162.242.103:12307 - "GET / HTTP/1.1" 200
2026-05-29 08:00:23  INFO     uvicorn.access  108.162.242.103:12307 - "GET /wp-includes/blocks/block/ HTTP/1.1" 404
2026-05-29 08:00:23  INFO     uvicorn.access  108.162.242.103:12307 - "GET /403.php HTTP/1.1" 307
2026-05-29 08:00:23  INFO     uvicorn.access  108.162.242.103:12307 - "GET / HTTP/1.1" 200
2026-05-29 08:00:23  INFO     uvicorn.access  108.162.242.103:12307 - "GET /wp-includes/js/codemirror/ HTTP/1.1" 404
2026-05-29 08:00:23  INFO     uvicorn.access  108.162.242.103:12307 - "GET /wp-includes/block-supports/ HTTP/1.1" 404
2026-05-29 08:00:23  INFO     uvicorn.access  108.162.242.103:12307 - "GET /cgi-bin/index.php HTTP/1.1" 404
2026-05-29 08:00:23  INFO     uvicorn.access  108.162.242.103:12307 - "GET /mini.php HTTP/1.1" 307
2026-05-29 08:00:23  INFO     uvicorn.access  108.162.242.103:12307 - "GET / HTTP/1.1" 200
2026-05-29 08:00:23  INFO     uvicorn.access  108.162.242.103:12307 - "GET /wp-content/plugins/ HTTP/1.1" 404
2026-05-29 08:00:24  INFO     uvicorn.access  108.162.242.103:12307 - "GET /api.php HTTP/1.1" 307
2026-05-29 08:00:24  INFO     uvicorn.access  108.162.242.103:12307 - "GET / HTTP/1.1" 200
2026-05-29 08:00:24  INFO     uvicorn.access  108.162.242.103:12307 - "GET /.well-known/index.php HTTP/1.1" 404
2026-05-29 08:00:24  INFO     uvicorn.access  108.162.242.103:12307 - "GET /mar.php HTTP/1.1" 307
2026-05-29 08:00:24  INFO     uvicorn.access  108.162.242.103:12307 - "GET / HTTP/1.1" 200
2026-05-29 08:00:24  INFO     uvicorn.access  108.162.242.103:12307 - "GET /new4.php HTTP/1.1" 307
2026-05-29 08:00:24  INFO     uvicorn.access  108.162.242.103:12307 - "GET / HTTP/1.1" 200
2026-05-29 08:00:24  INFO     uvicorn.access  108.162.242.103:12307 - "GET /wp-content/admin.php HTTP/1.1" 404
2026-05-29 08:00:24  INFO     uvicorn.access  108.162.242.103:12307 - "GET /wp-content/uploads/wp-login.php HTTP/1.1" 404
2026-05-29 08:00:24  INFO     uvicorn.access  108.162.242.103:12307 - "GET /wp-admin/includes/ HTTP/1.1" 404
2026-05-29 08:00:24  INFO     uvicorn.access  108.162.242.103:12307 - "GET /file2.php HTTP/1.1" 307
2026-05-29 08:00:24  INFO     uvicorn.access  108.162.242.103:12307 - "GET / HTTP/1.1" 200
2026-05-29 08:00:25  INFO     uvicorn.access  108.162.242.103:12307 - "GET /wp-includes/ID3/about.php HTTP/1.1" 404
2026-05-29 08:00:25  INFO     uvicorn.access  108.162.242.103:12307 - "GET /wp-includes/admin.php HTTP/1.1" 404
2026-05-29 08:00:25  INFO     uvicorn.access  108.162.242.103:12307 - "GET /wp-includes/css/index.php HTTP/1.1" 404
2026-05-29 08:00:25  INFO     uvicorn.access  108.162.242.103:12307 - "GET /wp-admin/css/colors/ocean/about.php HTTP/1.1" 404
2026-05-29 08:00:25  INFO     uvicorn.access  108.162.242.103:12307 - "GET /akc.php HTTP/1.1" 307
2026-05-29 08:00:25  INFO     uvicorn.access  108.162.242.103:12307 - "GET / HTTP/1.1" 200
2026-05-29 08:00:25  INFO     uvicorn.access  108.162.242.103:12307 - "GET /wp-admin/maint/about.php HTTP/1.1" 404
2026-05-29 08:00:25  INFO     uvicorn.access  108.162.242.103:12307 - "GET /ini.php HTTP/1.1" 307
2026-05-29 08:00:25  INFO     uvicorn.access  108.162.242.103:12307 - "GET / HTTP/1.1" 200
2026-05-29 08:00:25  INFO     uvicorn.access  108.162.242.103:12307 - "GET /as.php HTTP/1.1" 307
2026-05-29 08:00:25  INFO     uvicorn.access  108.162.242.103:12307 - "GET / HTTP/1.1" 200
2026-05-29 08:00:25  INFO     uvicorn.access  108.162.242.103:12307 - "GET /test1.php HTTP/1.1" 307
2026-05-29 08:00:26  INFO     uvicorn.access  108.162.242.103:12307 - "GET / HTTP/1.1" 200
2026-05-29 08:00:26  INFO     uvicorn.access  108.162.242.103:12307 - "GET /st.php HTTP/1.1" 307
2026-05-29 08:00:26  INFO     uvicorn.access  108.162.242.103:12307 - "GET / HTTP/1.1" 200
2026-05-29 08:00:26  INFO     uvicorn.access  108.162.242.103:12307 - "GET /wp-admin/autoload_classmap.php HTTP/1.1" 404
2026-05-29 08:00:26  INFO     uvicorn.access  108.162.242.103:12307 - "GET /aaa.php HTTP/1.1" 307
2026-05-29 08:00:26  INFO     uvicorn.access  108.162.242.103:12307 - "GET / HTTP/1.1" 200
2026-05-29 08:00:26  INFO     uvicorn.access  108.162.242.103:12307 - "GET /wp-content/wp-conflg.php HTTP/1.1" 404
2026-05-29 08:00:26  INFO     uvicorn.access  108.162.242.103:12307 - "GET /wp-includes/widgets/about.php HTTP/1.1" 404
2026-05-29 08:00:26  INFO     uvicorn.access  108.162.242.103:12307 - "GET /wp-content/et-cache/ HTTP/1.1" 404
2026-05-29 08:00:26  INFO     uvicorn.access  108.162.242.103:12307 - "GET /wp-admin/css/colors/index.php HTTP/1.1" 404
2026-05-29 08:00:26  INFO     uvicorn.access  108.162.242.103:12307 - "GET /wp-includes/block-bindings/ HTTP/1.1" 404
2026-05-29 08:00:27  INFO     uvicorn.access  108.162.242.103:12307 - "GET /wp-includes/Requests/about.php HTTP/1.1" 404
2026-05-29 08:00:27  INFO     uvicorn.access  108.162.242.103:12307 - "GET /core.php HTTP/1.1" 307
2026-05-29 08:00:27  INFO     uvicorn.access  108.162.242.103:12307 - "GET / HTTP/1.1" 200
2026-05-29 08:00:27  INFO     uvicorn.access  108.162.242.103:12307 - "GET /app.php HTTP/1.1" 307
2026-05-29 08:00:27  INFO     uvicorn.access  108.162.242.103:12307 - "GET / HTTP/1.1" 200
2026-05-29 08:00:27  INFO     uvicorn.access  108.162.242.103:12307 - "GET /file.php HTTP/1.1" 307
2026-05-29 08:00:27  INFO     uvicorn.access  108.162.242.103:12307 - "GET / HTTP/1.1" 200
2026-05-29 08:00:28  INFO     uvicorn.access  108.162.242.103:12307 - "GET /wp-includes/index.php HTTP/1.1" 404
2026-05-29 08:00:28  INFO     uvicorn.access  108.162.242.103:12307 - "GET /wp-content/upgrade/index.php HTTP/1.1" 404
2026-05-29 08:00:28  INFO     uvicorn.access  108.162.242.103:12307 - "GET /wp-includes/customize/about.php HTTP/1.1" 404
2026-05-29 08:00:28  INFO     uvicorn.access  108.162.242.103:12307 - "GET /wp-content/uploads/2023/08/ HTTP/1.1" 404
2026-05-29 08:00:28  INFO     uvicorn.access  108.162.242.103:12307 - "GET /wp-includes/Text/Diff/Renderer/ HTTP/1.1" 404
2026-05-29 08:00:28  INFO     uvicorn.access  108.162.242.103:12307 - "GET /wp-includes/PHPMailer/index.php HTTP/1.1" 404
2026-05-29 08:00:29  INFO     uvicorn.access  108.162.242.103:12307 - "GET /alfa.php HTTP/1.1" 307
2026-05-29 08:00:29  INFO     uvicorn.access  108.162.242.103:12307 - "GET / HTTP/1.1" 200
2026-05-29 08:00:29  INFO     uvicorn.access  108.162.242.103:12307 - "GET /wp-admin/404.php HTTP/1.1" 404
2026-05-29 08:00:29  INFO     uvicorn.access  108.162.242.103:12307 - "GET /wp-includes/blocks/button/index.php HTTP/1.1" 404
2026-05-29 08:00:29  INFO     uvicorn.access  108.162.242.103:12307 - "GET /wp-content/admin-header.php HTTP/1.1" 404
2026-05-29 08:00:29  INFO     uvicorn.access  108.162.242.103:12307 - "GET /edit.phphttps%3A//win55.bike/ioxi-o.php HTTP/1.1" 404
2026-05-29 08:00:30  INFO     uvicorn.access  108.162.242.103:12307 - "GET /wp-includes/assets/index.php HTTP/1.1" 404
2026-05-29 08:00:30  INFO     uvicorn.access  108.162.242.103:12307 - "GET /wp-links.php HTTP/1.1" 307
2026-05-29 08:00:30  INFO     uvicorn.access  108.162.242.103:12307 - "GET / HTTP/1.1" 200
2026-05-29 08:00:30  INFO     uvicorn.access  108.162.242.103:12307 - "GET /wp-content/themes/sky-pro/js.php HTTP/1.1" 404
2026-05-29 08:00:30  INFO     uvicorn.access  108.162.242.103:12307 - "GET /wp-includes/fonts/index.php HTTP/1.1" 404
2026-05-29 08:00:30  INFO     uvicorn.access  108.162.242.103:12307 - "GET /images/class-config.php HTTP/1.1" 404
2026-05-29 08:00:30  INFO     uvicorn.access  108.162.242.103:12307 - "GET /content.php HTTP/1.1" 307
2026-05-29 08:00:30  INFO     uvicorn.access  108.162.242.103:12307 - "GET / HTTP/1.1" 200
2026-05-29 08:00:30  INFO     uvicorn.access  108.162.242.103:12307 - "GET /new.php HTTP/1.1" 307
2026-05-29 08:00:30  INFO     uvicorn.access  108.162.242.103:12307 - "GET / HTTP/1.1" 200
2026-05-29 08:00:31  INFO     uvicorn.access  108.162.242.103:12307 - "GET /wp-includes/Text/xwx1.php HTTP/1.1" 404
2026-05-29 08:00:31  INFO     uvicorn.access  108.162.242.103:12307 - "GET /wp-includes/admiin.php HTTP/1.1" 404
2026-05-29 08:00:31  INFO     uvicorn.access  108.162.242.103:12307 - "GET /moon.php HTTP/1.1" 307
2026-05-29 08:00:31  INFO     uvicorn.access  108.162.242.103:12307 - "GET / HTTP/1.1" 200
2026-05-29 08:00:31  INFO     uvicorn.access  108.162.242.103:12307 - "GET /classwithtostring.php HTTP/1.1" 307
2026-05-29 08:00:31  INFO     uvicorn.access  108.162.242.103:12307 - "GET / HTTP/1.1" 200
2026-05-29 08:00:31  INFO     uvicorn.access  108.162.242.103:12307 - "GET /wp-content/languages/index.php HTTP/1.1" 404
2026-05-29 08:00:31  INFO     uvicorn.access  108.162.242.103:12307 - "GET /backup.php HTTP/1.1" 307
2026-05-29 08:00:31  INFO     uvicorn.access  108.162.242.103:12307 - "GET / HTTP/1.1" 200
2026-05-29 08:00:31  INFO     uvicorn.access  108.162.242.103:12307 - "GET /news.php HTTP/1.1" 307
2026-05-29 08:00:31  INFO     uvicorn.access  108.162.242.103:12307 - "GET / HTTP/1.1" 200
2026-05-29 08:00:31  INFO     uvicorn.access  108.162.242.103:12307 - "GET /kyami.php HTTP/1.1" 307
2026-05-29 08:00:31  INFO     uvicorn.access  108.162.242.103:12307 - "GET / HTTP/1.1" 200
2026-05-29 08:00:32  INFO     uvicorn.access  108.162.242.103:12307 - "GET /wp-content/plugins/Cache/Cache.php HTTP/1.1" 404
2026-05-29 08:00:34  INFO     uvicorn.access  108.162.242.103:12307 - "GET /wp-admin/js/index.php HTTP/1.1" 404
2026-05-29 08:00:36  INFO     uvicorn.access  108.162.242.103:12307 - "GET /wp-admin/user/index.php HTTP/1.1" 404
2026-05-29 08:00:36  INFO     uvicorn.access  108.162.242.103:12307 - "GET /themes.php HTTP/1.1" 307
2026-05-29 08:00:37  INFO     uvicorn.access  108.162.242.103:12307 - "GET / HTTP/1.1" 200
2026-05-29 08:00:37  INFO     uvicorn.access  108.162.242.103:12307 - "GET /error.php HTTP/1.1" 307
2026-05-29 08:00:37  INFO     uvicorn.access  108.162.242.103:12307 - "GET / HTTP/1.1" 200
2026-05-29 08:00:38  INFO     uvicorn.access  108.162.242.103:12307 - "GET /w.php HTTP/1.1" 307
2026-05-29 08:00:38  INFO     uvicorn.access  108.162.242.103:12307 - "GET / HTTP/1.1" 200
2026-05-29 08:00:38  INFO     uvicorn.access  108.162.242.103:12307 - "GET /dropdown.php HTTP/1.1" 307
2026-05-29 08:00:38  INFO     uvicorn.access  108.162.242.103:12307 - "GET / HTTP/1.1" 200
2026-05-29 08:00:38  INFO     uvicorn.access  108.162.242.103:12307 - "GET /.well-known/pki-validation/index.php HTTP/1.1" 404
2026-05-29 08:00:38  INFO     uvicorn.access  108.162.242.103:12307 - "GET /wp-includes/pomo/ HTTP/1.1" 404
2026-05-29 08:00:38  INFO     uvicorn.access  108.162.242.103:12307 - "GET /admin.php HTTP/1.1" 307
2026-05-29 08:00:38  INFO     uvicorn.access  108.162.242.103:12307 - "GET / HTTP/1.1" 200
2026-05-29 08:01:56  INFO     uvicorn.access  172.71.120.114:11715 - "GET /wp-signin.php HTTP/1.1" 307
2026-05-29 08:01:56  INFO     uvicorn.access  172.71.120.52:11617 - "GET / HTTP/1.1" 200
2026-05-29 08:01:56  INFO     uvicorn.access  172.71.120.114:11715 - "GET /wp-content/uploads/admin.php HTTP/1.1" 404
2026-05-29 08:01:56  INFO     uvicorn.access  172.71.120.52:11617 - "GET /install.php HTTP/1.1" 307
2026-05-29 08:01:57  INFO     uvicorn.access  172.71.120.114:11715 - "GET / HTTP/1.1" 200
2026-05-29 08:01:57  INFO     uvicorn.access  172.71.120.52:11617 - "GET /wp-includes/Text/index.php HTTP/1.1" 404
2026-05-29 08:01:57  INFO     uvicorn.access  172.71.120.114:11715 - "GET /wp-admin/maint/index.php HTTP/1.1" 404
2026-05-29 08:01:57  INFO     uvicorn.access  172.71.120.52:11617 - "GET //wp-includes/index.php HTTP/1.1" 404
2026-05-29 08:01:57  INFO     uvicorn.access  172.71.120.114:11715 - "GET /wp-admin/maint/admin.php HTTP/1.1" 404
2026-05-29 08:01:57  INFO     uvicorn.access  172.71.120.52:11617 - "GET /mah/function.php HTTP/1.1" 404
2026-05-29 08:01:57  INFO     uvicorn.access  172.71.120.114:11715 - "GET /filemanager/dialog.php HTTP/1.1" 404
2026-05-29 08:01:57  INFO     uvicorn.access  172.71.120.52:11617 - "GET /wp-includes/js/tinymce/skins/wordpress/images/index.php HTTP/1.1" 404
2026-05-29 08:01:57  INFO     uvicorn.access  172.71.120.114:11715 - "GET /buy.php HTTP/1.1" 307
2026-05-29 08:01:57  INFO     uvicorn.access  172.71.120.52:11617 - "GET / HTTP/1.1" 200
2026-05-29 08:01:57  INFO     uvicorn.access  172.71.120.114:11715 - "GET /default.php HTTP/1.1" 307
2026-05-29 08:01:57  INFO     uvicorn.access  172.71.120.52:11617 - "GET / HTTP/1.1" 200
2026-05-29 08:01:57  INFO     uvicorn.access  172.71.120.114:11715 - "GET /system.php HTTP/1.1" 307
2026-05-29 08:01:58  INFO     uvicorn.access  172.71.120.52:11617 - "GET / HTTP/1.1" 200
2026-05-29 08:01:58  INFO     uvicorn.access  172.71.120.114:11715 - "GET /class.php HTTP/1.1" 307
2026-05-29 08:01:58  INFO     uvicorn.access  172.71.120.52:11617 - "GET / HTTP/1.1" 200
2026-05-29 08:01:58  INFO     uvicorn.access  172.71.120.114:11715 - "GET /inputs.php HTTP/1.1" 307
2026-05-29 08:01:58  INFO     uvicorn.access  172.71.120.52:11617 - "GET / HTTP/1.1" 200
2026-05-29 08:01:58  INFO     uvicorn.access  172.71.120.114:11715 - "GET /wp-content/uploads/index.php HTTP/1.1" 404
2026-05-29 08:01:58  INFO     uvicorn.access  172.71.120.52:11617 - "GET /lock.php HTTP/1.1" 307
2026-05-29 08:01:58  INFO     uvicorn.access  172.71.120.114:11715 - "GET / HTTP/1.1" 200
2026-05-29 08:01:58  INFO     uvicorn.access  172.71.120.52:11617 - "GET /atomlib.php HTTP/1.1" 307
2026-05-29 08:01:58  INFO     uvicorn.access  172.71.120.114:11715 - "GET / HTTP/1.1" 200
2026-05-29 08:01:58  INFO     uvicorn.access  172.71.120.52:11617 - "GET /wp-content/edit.php HTTP/1.1" 404
2026-05-29 08:01:58  INFO     uvicorn.access  172.71.120.114:11715 - "GET /wp-configs.php HTTP/1.1" 307
2026-05-29 08:01:58  INFO     uvicorn.access  172.71.120.52:11617 - "GET / HTTP/1.1" 200
2026-05-29 08:01:59  INFO     uvicorn.access  172.71.120.114:11715 - "GET /wp-content/uploads/2025/ HTTP/1.1" 404
2026-05-29 08:01:59  INFO     uvicorn.access  172.71.120.52:11617 - "GET /admin.phphttps%3A//www-vn500.com/inputs.php HTTP/1.1" 404
2026-05-29 08:01:59  INFO     uvicorn.access  172.71.120.114:11715 - "GET /images/images/about.php HTTP/1.1" 404
2026-05-29 08:01:59  INFO     uvicorn.access  172.71.120.52:11617 - "GET /adminfuns.php HTTP/1.1" 307
2026-05-29 08:01:59  INFO     uvicorn.access  172.71.120.114:11715 - "GET / HTTP/1.1" 200
2026-05-29 08:01:59  INFO     uvicorn.access  172.71.120.52:11617 - "GET /wp-content/plugins/wp-conflg.php HTTP/1.1" 404
2026-05-29 08:01:59  INFO     uvicorn.access  172.71.120.114:11715 - "GET /wp-admin/images/file.php HTTP/1.1" 404
2026-05-29 08:01:59  INFO     uvicorn.access  172.71.120.52:11617 - "GET /wp-signup.php HTTP/1.1" 307
2026-05-29 08:01:59  INFO     uvicorn.access  172.71.120.114:11715 - "GET / HTTP/1.1" 200
2026-05-29 08:01:59  INFO     uvicorn.access  172.71.120.52:11617 - "GET /xmrlpc.php HTTP/1.1" 307
2026-05-29 08:01:59  INFO     uvicorn.access  172.71.120.114:11715 - "GET / HTTP/1.1" 200
2026-05-29 08:02:00  INFO     uvicorn.access  172.71.120.52:11617 - "GET /wp-content/uploads/2024/ HTTP/1.1" 404
2026-05-29 08:02:00  INFO     uvicorn.access  172.71.120.114:11715 - "GET /wp-admin/images/index.php HTTP/1.1" 404
2026-05-29 08:02:00  INFO     uvicorn.access  172.71.120.52:11617 - "GET /wp-info.php HTTP/1.1" 307
2026-05-29 08:02:00  INFO     uvicorn.access  172.71.120.114:11715 - "GET / HTTP/1.1" 200
2026-05-29 08:02:00  INFO     uvicorn.access  172.71.120.52:11617 - "GET /wp-includes/style-engine/wp-conflg.php HTTP/1.1" 404
2026-05-29 08:02:00  INFO     uvicorn.access  172.71.120.114:11715 - "GET /FII.php HTTP/1.1" 307
2026-05-29 08:02:00  INFO     uvicorn.access  172.71.120.52:11617 - "GET / HTTP/1.1" 200
2026-05-29 08:02:00  INFO     uvicorn.access  172.71.120.52:11617 - "GET /images/index.php HTTP/1.1" 404
2026-05-29 08:02:00  INFO     uvicorn.access  172.71.120.114:11715 - "GET /css/index.php HTTP/1.1" 404
2026-05-29 08:02:00  INFO     uvicorn.access  172.71.120.52:11617 - "GET /makeasmtp.php HTTP/1.1" 307
2026-05-29 08:02:00  INFO     uvicorn.access  172.71.120.114:11715 - "GET / HTTP/1.1" 200
2026-05-29 08:02:00  INFO     uvicorn.access  172.71.120.52:11617 - "GET /wp.php HTTP/1.1" 307
2026-05-29 08:02:00  INFO     uvicorn.access  172.71.120.114:11715 - "GET / HTTP/1.1" 200
2026-05-29 08:02:01  INFO     uvicorn.access  172.71.120.52:11617 - "GET /wp-content/uploads/about.php HTTP/1.1" 404
2026-05-29 08:02:01  INFO     uvicorn.access  172.71.120.114:11715 - "GET /bless.php HTTP/1.1" 307
2026-05-29 08:02:04  INFO     uvicorn.access  172.71.120.52:11617 - "GET / HTTP/1.1" 200
2026-05-29 08:02:05  INFO     uvicorn.access  172.71.120.114:11715 - "GET /222.php HTTP/1.1" 307
2026-05-29 08:02:06  INFO     uvicorn.access  172.71.120.114:11715 - "GET / HTTP/1.1" 200
2026-05-29 08:02:06  INFO     uvicorn.access  172.71.120.114:11715 - "GET /lib.php HTTP/1.1" 307
2026-05-29 08:02:07  INFO     uvicorn.access  172.71.120.114:11715 - "GET / HTTP/1.1" 200
2026-05-29 08:02:07  INFO     uvicorn.access  172.71.120.114:11715 - "GET /gecko.php HTTP/1.1" 307
2026-05-29 08:02:07  INFO     uvicorn.access  172.71.120.114:11715 - "GET / HTTP/1.1" 200
2026-05-29 08:02:08  INFO     uvicorn.access  172.71.120.114:11715 - "GET /wp-login.php HTTP/1.1" 307
2026-05-29 08:02:08  INFO     uvicorn.access  172.71.120.114:11715 - "GET / HTTP/1.1" 200
2026-05-29 08:02:08  INFO     uvicorn.access  172.71.120.114:11715 - "GET /ab.php HTTP/1.1" 307
2026-05-29 08:02:08  INFO     uvicorn.access  172.71.120.114:11715 - "GET / HTTP/1.1" 200
2026-05-29 08:02:08  INFO     uvicorn.access  172.71.120.114:11715 - "GET /wp-admin/css/colors/blue/ HTTP/1.1" 404
2026-05-29 08:02:08  INFO     uvicorn.access  172.71.120.114:11715 - "GET /sx.php HTTP/1.1" 307
2026-05-29 08:02:08  INFO     uvicorn.access  172.71.120.114:11715 - "GET / HTTP/1.1" 200
2026-05-29 08:02:09  INFO     uvicorn.access  172.71.120.114:11715 - "GET /wp-content/plugins/pwnd/as.php HTTP/1.1" 404
2026-05-29 08:02:09  INFO     uvicorn.access  172.71.120.114:11715 - "GET /simple.php HTTP/1.1" 307
2026-05-29 08:02:09  INFO     uvicorn.access  172.71.120.114:11715 - "GET / HTTP/1.1" 200
2026-05-29 08:02:09  INFO     uvicorn.access  172.71.120.114:11715 - "GET /help.php HTTP/1.1" 307
2026-05-29 08:02:09  INFO     uvicorn.access  172.71.120.114:11715 - "GET / HTTP/1.1" 200
2026-05-29 08:02:10  INFO     uvicorn.access  172.71.120.114:11715 - "GET /wp-2019.php HTTP/1.1" 307
2026-05-29 08:02:10  INFO     uvicorn.access  172.71.120.114:11715 - "GET / HTTP/1.1" 200
2026-05-29 08:02:10  INFO     uvicorn.access  172.71.120.114:11715 - "GET /main.php HTTP/1.1" 307
2026-05-29 08:02:10  INFO     uvicorn.access  172.71.120.114:11715 - "GET / HTTP/1.1" 200
2026-05-29 08:02:10  INFO     uvicorn.access  172.71.120.114:11715 - "GET /wp-cron.php HTTP/1.1" 307
2026-05-29 08:02:10  INFO     uvicorn.access  172.71.120.114:11715 - "GET / HTTP/1.1" 200
2026-05-29 08:02:10  INFO     uvicorn.access  172.71.120.114:11715 - "GET /function/function.php HTTP/1.1" 404
2026-05-29 08:02:10  INFO     uvicorn.access  172.71.120.114:11715 - "GET /wp-content/shell20211028.php HTTP/1.1" 404
2026-05-29 08:02:11  INFO     uvicorn.access  172.71.120.114:11715 - "GET /server.php HTTP/1.1" 307
2026-05-29 08:02:11  INFO     uvicorn.access  172.71.120.114:11715 - "GET / HTTP/1.1" 200
2026-05-29 08:02:11  INFO     uvicorn.access  172.71.120.114:11715 - "GET /wp-admin/images/profile.php HTTP/1.1" 404
2026-05-29 08:02:11  INFO     uvicorn.access  172.71.120.114:11715 - "GET /elp.php HTTP/1.1" 307
2026-05-29 08:02:11  INFO     uvicorn.access  172.71.120.114:11715 - "GET / HTTP/1.1" 200
2026-05-29 08:02:11  INFO     uvicorn.access  172.71.120.114:11715 - "GET /wp-includes/customize/index.php HTTP/1.1" 404
2026-05-29 08:02:11  INFO     uvicorn.access  172.71.120.114:11715 - "GET /.well-known/acme-challenge/file.php HTTP/1.1" 404
2026-05-29 08:02:12  INFO     uvicorn.access  172.71.120.114:11715 - "GET /wp-good.php HTTP/1.1" 307
2026-05-29 08:02:12  INFO     uvicorn.access  172.71.120.114:11715 - "GET / HTTP/1.1" 200
2026-05-29 08:02:12  INFO     uvicorn.access  172.71.120.114:11715 - "GET /menu.php HTTP/1.1" 307
2026-05-29 08:02:12  INFO     uvicorn.access  172.71.120.114:11715 - "GET / HTTP/1.1" 200
2026-05-29 08:02:12  INFO     uvicorn.access  172.71.120.114:11715 - "GET /hplfuns.php HTTP/1.1" 307
2026-05-29 08:02:12  INFO     uvicorn.access  172.71.120.114:11715 - "GET / HTTP/1.1" 200
2026-05-29 08:02:12  INFO     uvicorn.access  172.71.120.114:11715 - "GET /wp-includes/SimplePie/about.php HTTP/1.1" 404
2026-05-29 08:02:13  INFO     uvicorn.access  172.71.120.114:11715 - "GET /wp-content/file.php HTTP/1.1" 404
2026-05-29 08:02:13  INFO     uvicorn.access  172.71.120.114:11715 - "GET /term.php HTTP/1.1" 307
2026-05-29 08:02:13  INFO     uvicorn.access  172.71.120.114:11715 - "GET / HTTP/1.1" 200
2026-05-29 08:02:13  INFO     uvicorn.access  172.71.120.114:11715 - "GET /wp-admin/network/admin.php HTTP/1.1" 404
2026-05-29 08:02:13  INFO     uvicorn.access  172.71.120.114:11715 - "GET /wp-includes/Requests/library/ HTTP/1.1" 404
2026-05-29 08:02:13  INFO     uvicorn.access  172.71.120.114:11715 - "GET /goods.php HTTP/1.1" 307
2026-05-29 08:02:13  INFO     uvicorn.access  172.71.120.114:11715 - "GET / HTTP/1.1" 200
2026-05-29 08:02:13  INFO     uvicorn.access  172.71.120.114:11715 - "GET /wp-includes/php-compat/ HTTP/1.1" 404
2026-05-29 08:02:14  INFO     uvicorn.access  172.71.120.114:11715 - "GET /cc.php HTTP/1.1" 307
2026-05-29 08:02:14  INFO     uvicorn.access  172.71.120.114:11715 - "GET / HTTP/1.1" 200
2026-05-29 08:02:14  INFO     uvicorn.access  172.71.120.114:11715 - "GET /wp-content/plugins/linkpreview/index.php HTTP/1.1" 404
2026-05-29 08:02:14  INFO     uvicorn.access  172.71.120.114:11715 - "GET /cgi-bin/radio.php HTTP/1.1" 404
2026-05-29 08:02:14  INFO     uvicorn.access  172.71.120.114:11715 - "GET /wp-includes/Text/about.php HTTP/1.1" 404
2026-05-29 08:02:14  INFO     uvicorn.access  172.71.120.114:11715 - "GET /wp-admin/index.php HTTP/1.1" 404
2026-05-29 08:02:14  INFO     uvicorn.access  172.71.120.114:11715 - "GET /files/index.php HTTP/1.1" 404
2026-05-29 08:02:14  INFO     uvicorn.access  172.71.120.114:11715 - "GET /sf.php HTTP/1.1" 307
2026-05-29 08:02:15  INFO     uvicorn.access  172.71.120.114:11715 - "GET / HTTP/1.1" 200
2026-05-29 08:02:15  INFO     uvicorn.access  172.71.120.114:11715 - "GET /sim.php HTTP/1.1" 307
2026-05-29 08:02:15  INFO     uvicorn.access  172.71.120.114:11715 - "GET / HTTP/1.1" 200
2026-05-29 08:02:15  INFO     uvicorn.access  172.71.120.114:11715 - "GET /wp-admin/themes.php HTTP/1.1" 404
2026-05-29 08:02:15  INFO     uvicorn.access  172.71.120.114:11715 - "GET /asasx.php HTTP/1.1" 307
2026-05-29 08:02:15  INFO     uvicorn.access  172.71.120.114:11715 - "GET / HTTP/1.1" 200
2026-05-29 08:02:15  INFO     uvicorn.access  172.71.120.114:11715 - "GET /wp-includes/IXR/index.php HTTP/1.1" 404
2026-05-29 08:02:15  INFO     uvicorn.access  172.71.120.114:11715 - "GET /wp-admin/wp-signup.php HTTP/1.1" 404
2026-05-29 08:02:15  INFO     uvicorn.access  172.71.120.114:11715 - "GET /wp-admin/js/ HTTP/1.1" 404
2026-05-29 08:02:15  INFO     uvicorn.access  172.71.120.114:11715 - "GET /wp-includes/Text/lv.php HTTP/1.1" 404
2026-05-29 08:02:15  INFO     uvicorn.access  172.71.120.114:11715 - "GET /wp-content/uploads/wp-login.php HTTP/1.1" 404
2026-05-29 08:02:16  INFO     uvicorn.access  172.71.120.114:11715 - "GET /about/function.php HTTP/1.1" 404
2026-05-29 08:02:16  INFO     uvicorn.access  172.71.120.114:11715 - "GET /ms-edit.php HTTP/1.1" 307
2026-05-29 08:02:16  INFO     uvicorn.access  172.71.120.114:11715 - "GET / HTTP/1.1" 200
2026-05-29 08:02:16  INFO     uvicorn.access  172.71.120.114:11715 - "GET /wp-includes/sitemaps/providers/ HTTP/1.1" 404
2026-05-29 08:02:16  INFO     uvicorn.access  172.71.120.114:11715 - "GET /theme.php HTTP/1.1" 307
2026-05-29 08:02:17  INFO     uvicorn.access  172.71.120.114:11715 - "GET / HTTP/1.1" 200
2026-05-29 08:02:17  INFO     uvicorn.access  172.71.120.114:11715 - "GET /wp-includes/ID3/index.php HTTP/1.1" 404
2026-05-29 08:02:17  INFO     uvicorn.access  172.71.120.114:11715 - "GET /wp-content/ai1wm-backups/ HTTP/1.1" 404
2026-05-29 08:02:17  INFO     uvicorn.access  172.71.120.114:11715 - "GET /wp-includes/Text/Diff/index.php HTTP/1.1" 404
2026-05-29 08:02:17  INFO     uvicorn.access  172.71.120.114:11715 - "GET /.well-known/pki-validation/ HTTP/1.1" 404
2026-05-29 08:02:17  INFO     uvicorn.access  172.71.120.114:11715 - "GET /abcd.php HTTP/1.1" 307
2026-05-29 08:02:17  INFO     uvicorn.access  172.71.120.114:11715 - "GET / HTTP/1.1" 200
2026-05-29 08:02:18  INFO     uvicorn.access  172.71.120.114:11715 - "GET /wp-includes/php-compat/index.php HTTP/1.1" 404
2026-05-29 08:02:18  INFO     uvicorn.access  172.71.120.114:11715 - "GET /wp-content.php HTTP/1.1" 307
2026-05-29 08:02:18  INFO     uvicorn.access  172.71.120.114:11715 - "GET / HTTP/1.1" 200
2026-05-29 08:02:18  INFO     uvicorn.access  172.71.120.114:11715 - "GET /xml.php HTTP/1.1" 307
2026-05-29 08:02:19  INFO     uvicorn.access  172.71.120.114:11715 - "GET / HTTP/1.1" 200
2026-05-29 08:02:19  INFO     uvicorn.access  172.71.120.114:11715 - "GET /style.php HTTP/1.1" 307
2026-05-29 08:02:19  INFO     uvicorn.access  172.71.120.114:11715 - "GET / HTTP/1.1" 200
2026-05-29 08:02:19  INFO     uvicorn.access  172.71.120.114:11715 - "GET /admin/controller/extension/extension/ HTTP/1.1" 404
2026-05-29 08:02:19  INFO     uvicorn.access  172.71.120.114:11715 - "GET /wp-admin/images/admin.php HTTP/1.1" 404
2026-05-29 08:02:19  INFO     uvicorn.access  172.71.120.114:11715 - "GET /item.php HTTP/1.1" 307
2026-05-29 08:02:19  INFO     uvicorn.access  172.71.120.114:11715 - "GET / HTTP/1.1" 200
2026-05-29 08:02:19  INFO     uvicorn.access  172.71.120.114:11715 - "GET /404.php HTTP/1.1" 307
2026-05-29 08:02:19  INFO     uvicorn.access  172.71.120.114:11715 - "GET / HTTP/1.1" 200
2026-05-29 08:02:20  INFO     uvicorn.access  172.71.120.114:11715 - "GET /ioxi-o.phphttps%3A//forower.io/ioxi-o.php HTTP/1.1" 404
2026-05-29 08:02:20  INFO     uvicorn.access  172.71.120.114:11715 - "GET /wp-includes/customize/chosen.php HTTP/1.1" 404
2026-05-29 08:02:20  INFO     uvicorn.access  172.71.120.114:11715 - "GET /wp-admin/css/colors/blue/index.php HTTP/1.1" 404
2026-05-29 08:02:20  INFO     uvicorn.access  172.71.120.114:11715 - "GET /wso.php HTTP/1.1" 307
2026-05-29 08:02:20  INFO     uvicorn.access  172.71.120.114:11715 - "GET / HTTP/1.1" 200
2026-05-29 08:02:20  INFO     uvicorn.access  172.71.120.114:11715 - "GET /wp-includes/rest-api/ HTTP/1.1" 404
2026-05-29 08:02:21  INFO     uvicorn.access  172.71.120.114:11715 - "GET /wp-corn-sample.php HTTP/1.1" 307
2026-05-29 08:02:22  INFO     uvicorn.access  172.71.120.114:11715 - "GET / HTTP/1.1" 200
2026-05-29 08:02:22  INFO     uvicorn.access  172.71.120.114:11715 - "GET /admin/function.php HTTP/1.1" 404
2026-05-29 08:02:22  INFO     uvicorn.access  172.71.120.114:11715 - "GET /wp-admin/classwithtostring.php HTTP/1.1" 404
2026-05-29 08:02:22  INFO     uvicorn.access  172.71.120.114:11715 - "GET /wp-content/themes/seotheme/mar.php HTTP/1.1" 404
2026-05-29 08:02:22  INFO     uvicorn.access  172.71.120.114:11715 - "GET /wp-content/themes/ HTTP/1.1" 404
2026-05-29 08:02:22  INFO     uvicorn.access  172.71.120.114:11715 - "GET /radio.php HTTP/1.1" 307
2026-05-29 08:02:22  INFO     uvicorn.access  172.71.120.114:11715 - "GET / HTTP/1.1" 200
2026-05-29 08:02:22  INFO     uvicorn.access  172.71.120.114:11715 - "GET /gecko-new.php HTTP/1.1" 307
2026-05-29 08:02:23  INFO     uvicorn.access  172.71.120.114:11715 - "GET / HTTP/1.1" 200
2026-05-29 08:02:23  INFO     uvicorn.access  172.71.120.114:11715 - "GET /wp-includes/PHPMailer/ HTTP/1.1" 404
2026-05-29 08:02:23  INFO     uvicorn.access  172.71.120.114:11715 - "GET /wp-includes/rest-api/fields/ HTTP/1.1" 404
2026-05-29 08:02:23  INFO     uvicorn.access  172.71.120.114:11715 - "GET /wp-admin/css/admin.php HTTP/1.1" 404
2026-05-29 08:02:23  INFO     uvicorn.access  172.71.120.114:11715 - "GET /wp-admin/css/colors/sunrise/ HTTP/1.1" 404
2026-05-29 08:02:23  INFO     uvicorn.access  172.71.120.114:11715 - "GET /bolt.php HTTP/1.1" 307
2026-05-29 08:02:23  INFO     uvicorn.access  172.71.120.114:11715 - "GET / HTTP/1.1" 200
2026-05-29 08:02:23  INFO     uvicorn.access  172.71.120.114:11715 - "GET /wp-includes/images/media/ HTTP/1.1" 404
2026-05-29 08:02:23  INFO     uvicorn.access  172.71.120.114:11715 - "GET /wp-includes/theme-compat/ HTTP/1.1" 404
2026-05-29 08:02:24  INFO     uvicorn.access  172.71.120.114:11715 - "GET /Ov-Simple1.php HTTP/1.1" 307
2026-05-29 08:02:24  INFO     uvicorn.access  172.71.120.114:11715 - "GET / HTTP/1.1" 200
2026-05-29 08:02:24  INFO     uvicorn.access  172.71.120.114:11726 - "GET /wp-admin/user/xmrlpc.php HTTP/1.1" 404
2026-05-29 08:02:24  INFO     uvicorn.access  172.71.120.114:11726 - "GET /a7.php HTTP/1.1" 307
2026-05-29 08:02:24  INFO     uvicorn.access  172.71.120.114:11726 - "GET / HTTP/1.1" 200
2026-05-29 08:02:24  INFO     uvicorn.access  172.71.120.114:11726 - "GET /wp-content/plugins/about.php HTTP/1.1" 404
2026-05-29 08:02:24  INFO     uvicorn.access  172.71.120.114:11726 - "GET /admin/admin.php HTTP/1.1" 404
2026-05-29 08:02:24  INFO     uvicorn.access  172.71.120.114:11726 - "GET /shell.php HTTP/1.1" 307
2026-05-29 08:02:24  INFO     uvicorn.access  172.71.120.114:11726 - "GET / HTTP/1.1" 200
2026-05-29 08:02:24  INFO     uvicorn.access  172.71.120.114:11726 - "GET /defaults.php HTTP/1.1" 307
2026-05-29 08:02:24  INFO     uvicorn.access  172.71.120.114:11726 - "GET / HTTP/1.1" 200
2026-05-29 08:02:24  INFO     uvicorn.access  172.71.120.114:11726 - "GET /xmlrpc.php HTTP/1.1" 307
2026-05-29 08:02:25  INFO     uvicorn.access  172.71.120.114:11726 - "GET / HTTP/1.1" 200
2026-05-29 08:02:25  INFO     uvicorn.access  172.71.120.114:11726 - "GET /file5.php HTTP/1.1" 307
2026-05-29 08:02:25  INFO     uvicorn.access  172.71.120.114:11726 - "GET / HTTP/1.1" 200
2026-05-29 08:02:25  INFO     uvicorn.access  172.71.120.114:11726 - "GET /wp-content/themes/alera/alpha.php HTTP/1.1" 404
2026-05-29 08:02:26  INFO     uvicorn.access  172.71.120.114:11726 - "GET /chosen.php HTTP/1.1" 307
2026-05-29 08:02:26  INFO     uvicorn.access  172.71.120.114:11726 - "GET / HTTP/1.1" 200
2026-05-29 08:02:26  INFO     uvicorn.access  172.71.120.114:11726 - "GET /wp-includes/IXR/about.php HTTP/1.1" 404
2026-05-29 08:02:26  INFO     uvicorn.access  172.71.120.114:11726 - "GET /cgi-bin/xmrlpc.php HTTP/1.1" 404
2026-05-29 08:02:26  INFO     uvicorn.access  172.71.120.114:11726 - "GET /wp-includes/SimplePie/index.php HTTP/1.1" 404
2026-05-29 08:02:27  INFO     uvicorn.access  172.71.120.114:11726 - "GET /cgi-bin/cgi-bin/about.php HTTP/1.1" 404
2026-05-29 08:02:27  INFO     uvicorn.access  172.71.120.114:11726 - "GET /wp-content/themes/index.php HTTP/1.1" 404
2026-05-29 08:02:27  INFO     uvicorn.access  172.71.120.114:11726 - "GET /wp-includes/fonts/ HTTP/1.1" 404
2026-05-29 08:02:27  INFO     uvicorn.access  172.71.120.114:11726 - "GET /bgymj.php HTTP/1.1" 307
2026-05-29 08:02:28  INFO     uvicorn.access  172.71.120.114:11726 - "GET / HTTP/1.1" 200
2026-05-29 08:02:28  INFO     uvicorn.access  172.71.120.114:11726 - "GET /f.php HTTP/1.1" 307
2026-05-29 08:02:28  INFO     uvicorn.access  172.71.120.114:11726 - "GET / HTTP/1.1" 200
2026-05-29 08:02:28  INFO     uvicorn.access  172.71.120.114:11726 - "GET /wp-conflg.php HTTP/1.1" 307
2026-05-29 08:02:28  INFO     uvicorn.access  172.71.120.114:11726 - "GET / HTTP/1.1" 200
2026-05-29 08:02:28  INFO     uvicorn.access  172.71.120.114:11726 - "GET /wp-includes/css/dist/block-library/ HTTP/1.1" 404
2026-05-29 08:02:28  INFO     uvicorn.access  172.71.120.114:11726 - "GET /css/admin.php HTTP/1.1" 404
2026-05-29 08:02:29  INFO     uvicorn.access  172.71.120.114:11726 - "GET /wp-includes/js/index.php HTTP/1.1" 404
2026-05-29 08:02:29  INFO     uvicorn.access  172.71.120.114:11726 - "GET /wp-admin/network/index.php HTTP/1.1" 404
2026-05-29 08:02:29  INFO     uvicorn.access  172.71.120.114:11726 - "GET /alfa-rex.php HTTP/1.1" 307
2026-05-29 08:02:29  INFO     uvicorn.access  172.71.120.114:11726 - "GET / HTTP/1.1" 200
2026-05-29 08:02:29  INFO     uvicorn.access  172.71.120.114:11726 - "GET /123.php HTTP/1.1" 307
2026-05-29 08:02:29  INFO     uvicorn.access  172.71.120.114:11726 - "GET / HTTP/1.1" 200
2026-05-29 08:02:29  INFO     uvicorn.access  172.71.120.114:11726 - "GET /wp-admin/js/admin.php HTTP/1.1" 404
2026-05-29 08:02:29  INFO     uvicorn.access  172.71.120.114:11726 - "GET /.well-known/acme-challenge/index.php HTTP/1.1" 404
2026-05-29 08:02:29  INFO     uvicorn.access  172.71.120.114:11726 - "GET /wp-admin/file.php HTTP/1.1" 404
2026-05-29 08:02:29  INFO     uvicorn.access  172.71.120.114:11726 - "GET /wp-admin/js/widgets/ HTTP/1.1" 404
2026-05-29 08:02:29  INFO     uvicorn.access  172.71.120.114:11726 - "GET /wp-content/plugins/wpsearch/login.php HTTP/1.1" 404
2026-05-29 08:02:30  INFO     uvicorn.access  172.71.120.114:11726 - "GET /wp-includes/css/dist/widgets/ HTTP/1.1" 404
2026-05-29 08:02:30  INFO     uvicorn.access  172.71.120.114:11726 - "GET /wp-admin/css/wp-login.php HTTP/1.1" 404
2026-05-29 08:02:30  INFO     uvicorn.access  172.71.120.114:11726 - "GET /wp-admin.php HTTP/1.1" 307
2026-05-29 08:02:30  INFO     uvicorn.access  172.71.120.114:11726 - "GET / HTTP/1.1" 200
2026-05-29 08:02:30  INFO     uvicorn.access  172.71.120.114:11726 - "GET /wp-blog-header.php HTTP/1.1" 307
2026-05-29 08:02:31  INFO     uvicorn.access  172.71.120.114:11726 - "GET / HTTP/1.1" 200
2026-05-29 08:02:31  INFO     uvicorn.access  172.71.120.114:11726 - "GET /wp-admin/maint/ HTTP/1.1" 404
2026-05-29 08:02:31  INFO     uvicorn.access  172.71.120.114:11726 - "GET /wp-includes/certificates/about.php HTTP/1.1" 404
2026-05-29 08:02:31  INFO     uvicorn.access  172.71.120.114:11726 - "GET /x.php HTTP/1.1" 307
2026-05-29 08:02:31  INFO     uvicorn.access  172.71.120.114:11726 - "GET / HTTP/1.1" 200
2026-05-29 08:02:31  INFO     uvicorn.access  172.71.120.114:11726 - "GET /ava.php HTTP/1.1" 307
2026-05-29 08:02:31  INFO     uvicorn.access  172.71.120.114:11726 - "GET / HTTP/1.1" 200
2026-05-29 08:02:31  INFO     uvicorn.access  172.71.120.114:11726 - "GET /wp-includes/Text/Diff/Engine/index.php HTTP/1.1" 404
2026-05-29 08:02:31  INFO     uvicorn.access  172.71.120.114:11726 - "GET /cong.php HTTP/1.1" 307
2026-05-29 08:02:32  INFO     uvicorn.access  172.71.120.114:11726 - "GET / HTTP/1.1" 200
2026-05-29 08:02:32  INFO     uvicorn.access  172.71.120.114:11726 - "GET /wp-trackback.php HTTP/1.1" 307
2026-05-29 08:02:32  INFO     uvicorn.access  172.71.120.114:11726 - "GET / HTTP/1.1" 200
2026-05-29 08:02:32  INFO     uvicorn.access  172.71.120.114:11726 - "GET /wp-includes/images/smilies/admin.php HTTP/1.1" 404
2026-05-29 08:02:32  INFO     uvicorn.access  172.71.120.114:11726 - "GET /wp-links-opml.php HTTP/1.1" 307
2026-05-29 08:02:32  INFO     uvicorn.access  172.71.120.114:11726 - "GET / HTTP/1.1" 200
2026-05-29 08:02:32  INFO     uvicorn.access  172.71.120.114:11726 - "GET /aa.php HTTP/1.1" 307
2026-05-29 08:02:32  INFO     uvicorn.access  172.71.120.114:11726 - "GET / HTTP/1.1" 200
2026-05-29 08:02:33  INFO     uvicorn.access  172.71.120.114:11726 - "GET /wp-admin/css/index.php HTTP/1.1" 404
2026-05-29 08:02:33  INFO     uvicorn.access  172.71.120.114:11726 - "GET /wp-admin/css/about.php HTTP/1.1" 404
2026-05-29 08:15:10  INFO     uvicorn.access  162.158.193.212:12550 - "POST /api/proxy/v1/images/edits HTTP/1.1" 200
2026-05-29 08:15:28  INFO     uvicorn.access  162.158.193.213:11164 - "POST /api/history/save HTTP/1.1" 200
2026-05-29 08:15:29  INFO     uvicorn.access  162.158.193.213:11164 - "GET /api/history/usage HTTP/1.1" 200
2026-05-29 08:24:41  INFO     uvicorn.access  104.23.254.192:11894 - "GET /wp-content/plugins/hellopress/wp_filemanager.php HTTP/1.1" 404
2026-05-29 08:24:41  INFO     uvicorn.access  104.23.254.226:13337 - "GET /wk/index.php HTTP/1.1" 404
2026-05-29 08:24:41  INFO     uvicorn.access  104.23.254.226:13337 - "GET /wp-content/plugins/admin.php HTTP/1.1" 404
2026-05-29 08:24:42  INFO     uvicorn.access  104.23.254.226:13337 - "GET /1.php HTTP/1.1" 307
2026-05-29 08:24:42  INFO     uvicorn.access  104.22.10.189:13146 - "GET /wp-content/plugins/hellopress/wp_filemanager.php HTTP/1.1" 404
2026-05-29 08:24:42  INFO     uvicorn.access  104.23.254.192:11894 - "GET / HTTP/1.1" 200
2026-05-29 08:24:42  INFO     uvicorn.access  104.23.254.226:13337 - "GET /wp-admin/about.php HTTP/1.1" 404
2026-05-29 08:24:42  INFO     uvicorn.access  104.22.10.223:13356 - "GET /wk/index.php HTTP/1.1" 404
2026-05-29 08:24:42  INFO     uvicorn.access  104.23.254.226:13337 - "GET /ioxi-o.php HTTP/1.1" 307
2026-05-29 08:24:42  INFO     uvicorn.access  104.22.10.189:13146 - "GET /wp-content/plugins/admin.php HTTP/1.1" 404
2026-05-29 08:24:42  INFO     uvicorn.access  104.23.254.226:13337 - "GET / HTTP/1.1" 200
2026-05-29 08:24:42  INFO     uvicorn.access  104.22.10.223:13356 - "GET /1.php HTTP/1.1" 307
2026-05-29 08:24:42  INFO     uvicorn.access  104.23.254.226:13337 - "GET /special.php HTTP/1.1" 307
2026-05-29 08:24:43  INFO     uvicorn.access  104.22.10.189:13146 - "GET / HTTP/1.1" 200
2026-05-29 08:24:43  INFO     uvicorn.access  104.23.254.226:13337 - "GET / HTTP/1.1" 200
2026-05-29 08:24:43  INFO     uvicorn.access  104.22.10.223:13356 - "GET /wp-admin/about.php HTTP/1.1" 404
2026-05-29 08:24:43  INFO     uvicorn.access  104.22.10.223:13356 - "GET /ioxi-o.php HTTP/1.1" 307
2026-05-29 08:24:43  INFO     uvicorn.access  104.23.254.226:13337 - "GET /wp-admin/includes/index.php HTTP/1.1" 404
2026-05-29 08:24:43  INFO     uvicorn.access  104.22.10.189:13146 - "GET / HTTP/1.1" 200
2026-05-29 08:24:43  INFO     uvicorn.access  104.23.254.192:11894 - "GET /hehehehe.php HTTP/1.1" 307
2026-05-29 08:24:43  INFO     uvicorn.access  104.23.254.226:13337 - "GET / HTTP/1.1" 200
2026-05-29 08:24:44  INFO     uvicorn.access  104.22.10.223:13356 - "GET /special.php HTTP/1.1" 307
2026-05-29 08:24:44  INFO     uvicorn.access  104.22.10.189:13146 - "GET / HTTP/1.1" 200
2026-05-29 08:24:44  INFO     uvicorn.access  104.22.10.223:13356 - "GET /wp-admin/includes/index.php HTTP/1.1" 404
2026-05-29 08:24:45  INFO     uvicorn.access  104.22.10.189:13146 - "GET /hehehehe.php HTTP/1.1" 307
2026-05-29 08:24:45  INFO     uvicorn.access  104.22.10.223:13356 - "GET / HTTP/1.1" 200
2026-05-29 08:24:45  INFO     uvicorn.access  104.23.254.226:13337 - "GET /wp-content/1.php HTTP/1.1" 404
2026-05-29 08:24:45  INFO     uvicorn.access  104.22.10.189:13146 - "GET /wp-content/1.php HTTP/1.1" 404
2026-05-29 08:24:45  INFO     uvicorn.access  104.23.254.226:13337 - "GET /wp-content/index.php HTTP/1.1" 404
2026-05-29 08:24:45  INFO     uvicorn.access  104.22.10.223:13356 - "GET /wp-content/index.php HTTP/1.1" 404
2026-05-29 08:24:45  INFO     uvicorn.access  104.23.254.192:11894 - "GET /wp-includes/certificates/ HTTP/1.1" 404
2026-05-29 08:24:46  INFO     uvicorn.access  104.22.10.189:13146 - "GET /wp-includes/certificates/ HTTP/1.1" 404
2026-05-29 08:24:46  INFO     uvicorn.access  104.23.254.192:11894 - "GET /wp-admin/css/ HTTP/1.1" 404
2026-05-29 08:24:46  INFO     uvicorn.access  104.22.10.223:13356 - "GET /wp-admin/css/ HTTP/1.1" 404
2026-05-29 08:24:46  INFO     uvicorn.access  104.23.254.192:11894 - "GET /cgi-bin/ HTTP/1.1" 307
2026-05-29 08:24:46  INFO     uvicorn.access  104.22.10.223:13356 - "GET /cgi-bin/ HTTP/1.1" 307
2026-05-29 08:24:46  INFO     uvicorn.access  104.23.254.192:11894 - "GET /cgi-bin HTTP/1.1" 307
2026-05-29 08:24:46  INFO     uvicorn.access  104.22.10.189:13146 - "GET /cgi-bin HTTP/1.1" 307
2026-05-29 08:24:46  INFO     uvicorn.access  104.23.254.192:11894 - "GET / HTTP/1.1" 200
2026-05-29 08:24:46  INFO     uvicorn.access  104.22.10.189:13146 - "GET / HTTP/1.1" 200
2026-05-29 08:24:47  INFO     uvicorn.access  104.23.254.192:11894 - "GET /about.php HTTP/1.1" 307
2026-05-29 08:24:47  INFO     uvicorn.access  104.22.10.189:13146 - "GET /about.php HTTP/1.1" 307
2026-05-29 08:24:47  INFO     uvicorn.access  104.23.254.192:11894 - "GET / HTTP/1.1" 200
2026-05-29 08:24:47  INFO     uvicorn.access  104.22.10.189:13146 - "GET / HTTP/1.1" 200
2026-05-29 08:24:47  INFO     uvicorn.access  104.23.254.192:11894 - "GET /config.php HTTP/1.1" 307
2026-05-29 08:24:47  INFO     uvicorn.access  104.22.10.189:13146 - "GET /config.php HTTP/1.1" 307
2026-05-29 08:24:47  INFO     uvicorn.access  104.22.10.189:13146 - "GET / HTTP/1.1" 200
2026-05-29 08:24:48  INFO     uvicorn.access  104.22.10.189:13146 - "GET /wp-includes/images/ HTTP/1.1" 404
2026-05-29 08:24:48  INFO     uvicorn.access  104.22.10.189:13146 - "GET /akcc.php HTTP/1.1" 307
2026-05-29 08:24:48  INFO     uvicorn.access  104.22.10.189:13146 - "GET / HTTP/1.1" 200
2026-05-29 08:24:48  INFO     uvicorn.access  104.22.10.189:13146 - "GET /css.php HTTP/1.1" 307
2026-05-29 08:24:48  INFO     uvicorn.access  104.22.10.189:13146 - "GET / HTTP/1.1" 200
2026-05-29 08:24:49  INFO     uvicorn.access  104.22.10.189:13146 - "GET /mah.php HTTP/1.1" 307
2026-05-29 08:24:49  INFO     uvicorn.access  104.22.10.189:13146 - "GET / HTTP/1.1" 200
2026-05-29 08:24:49  INFO     uvicorn.access  104.22.10.189:13146 - "GET /wp-includes/pomo/about.php HTTP/1.1" 404
2026-05-29 08:24:50  INFO     uvicorn.access  104.22.10.189:13146 - "GET /wp-includes/IXR/ HTTP/1.1" 404
2026-05-29 08:24:50  INFO     uvicorn.access  104.22.10.189:13146 - "GET /upload/login.php HTTP/1.1" 404
2026-05-29 08:24:50  INFO     uvicorn.access  104.22.10.189:13146 - "GET /wp-includes/block-patterns/about.php HTTP/1.1" 404
2026-05-29 08:24:50  INFO     uvicorn.access  104.22.10.189:13146 - "GET /wp-content/uploads/2023/ HTTP/1.1" 404
2026-05-29 08:24:50  INFO     uvicorn.access  104.22.10.189:13146 - "GET /wp-content/uploads/ HTTP/1.1" 404
2026-05-29 08:24:51  INFO     uvicorn.access  104.22.10.189:13146 - "GET /wp-includes/ID3/ HTTP/1.1" 404
2026-05-29 08:24:51  INFO     uvicorn.access  104.22.10.189:13146 - "GET /wp-includes/css.php HTTP/1.1" 404
2026-05-29 08:24:51  INFO     uvicorn.access  104.22.10.189:13146 - "GET /wp-includes/block-supports/index.php HTTP/1.1" 404
2026-05-29 08:24:51  INFO     uvicorn.access  104.23.254.192:11894 - "GET / HTTP/1.1" 200
2026-05-29 08:24:51  INFO     uvicorn.access  104.22.10.189:13146 - "GET /fox.php HTTP/1.1" 307
2026-05-29 08:24:51  INFO     uvicorn.access  104.22.10.189:13146 - "GET / HTTP/1.1" 200
2026-05-29 08:24:52  INFO     uvicorn.access  104.22.10.189:13146 - "GET /ds.php HTTP/1.1" 307
2026-05-29 08:24:52  INFO     uvicorn.access  104.23.254.192:11894 - "GET /wp-includes/images/ HTTP/1.1" 404
2026-05-29 08:24:52  INFO     uvicorn.access  104.22.10.189:13146 - "GET / HTTP/1.1" 200
2026-05-29 08:24:52  INFO     uvicorn.access  104.23.254.192:11894 - "GET /akcc.php HTTP/1.1" 307
2026-05-29 08:24:52  INFO     uvicorn.access  104.22.10.189:13146 - "GET /wp-content/themes/admin.php HTTP/1.1" 404
2026-05-29 08:24:52  INFO     uvicorn.access  104.23.254.192:11894 - "GET / HTTP/1.1" 200
2026-05-29 08:24:52  INFO     uvicorn.access  104.22.10.189:13146 - "GET /1index.php HTTP/1.1" 307
2026-05-29 08:24:53  INFO     uvicorn.access  104.23.254.192:11894 - "GET /css.php HTTP/1.1" 307
2026-05-29 08:24:53  INFO     uvicorn.access  104.22.10.189:13146 - "GET / HTTP/1.1" 200
2026-05-29 08:24:53  INFO     uvicorn.access  104.23.254.192:11894 - "GET / HTTP/1.1" 200
2026-05-29 08:24:53  INFO     uvicorn.access  104.22.10.189:13146 - "GET /wp-file.php HTTP/1.1" 307
2026-05-29 08:24:53  INFO     uvicorn.access  104.23.254.192:11894 - "GET /mah.php HTTP/1.1" 307
2026-05-29 08:24:53  INFO     uvicorn.access  104.22.10.189:13146 - "GET / HTTP/1.1" 200
2026-05-29 08:24:53  INFO     uvicorn.access  104.23.254.192:11894 - "GET / HTTP/1.1" 200
2026-05-29 08:24:54  INFO     uvicorn.access  104.22.10.189:13146 - "GET /wp-includes/blocks/block/ HTTP/1.1" 404
2026-05-29 08:24:54  INFO     uvicorn.access  104.23.254.192:11894 - "GET /wp-includes/pomo/about.php HTTP/1.1" 404
2026-05-29 08:24:54  INFO     uvicorn.access  104.22.10.189:13146 - "GET /403.php HTTP/1.1" 307
2026-05-29 08:24:54  INFO     uvicorn.access  104.23.254.192:11894 - "GET /wp-includes/IXR/ HTTP/1.1" 404
2026-05-29 08:24:54  INFO     uvicorn.access  104.22.10.189:13146 - "GET / HTTP/1.1" 200
2026-05-29 08:24:54  INFO     uvicorn.access  104.23.254.192:11894 - "GET /upload/login.php HTTP/1.1" 404
2026-05-29 08:24:54  INFO     uvicorn.access  104.23.254.192:11894 - "GET /wp-includes/block-patterns/about.php HTTP/1.1" 404
2026-05-29 08:24:54  INFO     uvicorn.access  104.22.10.189:13146 - "GET /wp-includes/js/codemirror/ HTTP/1.1" 404
2026-05-29 08:24:54  INFO     uvicorn.access  104.23.254.192:11894 - "GET /wp-content/uploads/2023/ HTTP/1.1" 404
2026-05-29 08:24:55  INFO     uvicorn.access  104.22.10.189:13146 - "GET /wp-includes/block-supports/ HTTP/1.1" 404
2026-05-29 08:24:55  INFO     uvicorn.access  104.23.254.192:11894 - "GET /wp-content/uploads/ HTTP/1.1" 404
2026-05-29 08:24:55  INFO     uvicorn.access  104.23.254.192:11894 - "GET /wp-includes/ID3/ HTTP/1.1" 404
2026-05-29 08:24:55  INFO     uvicorn.access  104.23.254.192:11894 - "GET /wp-includes/css.php HTTP/1.1" 404
2026-05-29 08:24:55  INFO     uvicorn.access  104.22.10.189:13146 - "GET /cgi-bin/index.php HTTP/1.1" 404
2026-05-29 08:24:55  INFO     uvicorn.access  104.23.254.192:11894 - "GET /wp-includes/block-supports/index.php HTTP/1.1" 404
2026-05-29 08:24:55  INFO     uvicorn.access  104.22.10.189:13146 - "GET /mini.php HTTP/1.1" 307
2026-05-29 08:24:55  INFO     uvicorn.access  104.23.254.192:11894 - "GET /fox.php HTTP/1.1" 307
2026-05-29 08:24:56  INFO     uvicorn.access  104.22.10.189:13146 - "GET / HTTP/1.1" 200
2026-05-29 08:24:56  INFO     uvicorn.access  104.23.254.192:11894 - "GET / HTTP/1.1" 200
2026-05-29 08:24:56  INFO     uvicorn.access  104.22.10.189:13146 - "GET /wp-content/plugins/ HTTP/1.1" 404
2026-05-29 08:24:56  INFO     uvicorn.access  104.23.254.192:11894 - "GET /ds.php HTTP/1.1" 307
2026-05-29 08:24:56  INFO     uvicorn.access  104.22.10.189:13146 - "GET /api.php HTTP/1.1" 307
2026-05-29 08:24:56  INFO     uvicorn.access  104.23.254.192:11894 - "GET / HTTP/1.1" 200
2026-05-29 08:24:56  INFO     uvicorn.access  104.22.10.189:13146 - "GET / HTTP/1.1" 200
2026-05-29 08:24:56  INFO     uvicorn.access  104.22.10.189:13146 - "GET /.well-known/index.php HTTP/1.1" 404
2026-05-29 08:24:58  INFO     uvicorn.access  104.22.10.189:13146 - "GET /mar.php HTTP/1.1" 307
2026-05-29 08:24:58  INFO     uvicorn.access  104.23.254.192:11894 - "GET /wp-content/themes/admin.php HTTP/1.1" 404
2026-05-29 08:24:58  INFO     uvicorn.access  104.22.10.189:13146 - "GET / HTTP/1.1" 200
2026-05-29 08:24:58  INFO     uvicorn.access  104.23.254.192:11894 - "GET /1index.php HTTP/1.1" 307
2026-05-29 08:24:58  INFO     uvicorn.access  104.23.254.192:11894 - "GET / HTTP/1.1" 200
2026-05-29 08:24:59  INFO     uvicorn.access  104.22.10.189:13146 - "GET /new4.php HTTP/1.1" 307
2026-05-29 08:24:59  INFO     uvicorn.access  104.22.10.189:13146 - "GET / HTTP/1.1" 200
2026-05-29 08:24:59  INFO     uvicorn.access  104.22.10.189:13146 - "GET /wp-content/admin.php HTTP/1.1" 404
2026-05-29 08:24:59  INFO     uvicorn.access  104.22.10.189:13146 - "GET /wp-content/uploads/wp-login.php HTTP/1.1" 404
2026-05-29 08:24:59  INFO     uvicorn.access  104.22.10.189:13146 - "GET /wp-admin/includes/ HTTP/1.1" 404
2026-05-29 08:25:00  INFO     uvicorn.access  104.23.254.192:11894 - "GET /wp-file.php HTTP/1.1" 307
2026-05-29 08:25:00  INFO     uvicorn.access  104.22.10.189:13146 - "GET /file2.php HTTP/1.1" 307
2026-05-29 08:25:00  INFO     uvicorn.access  104.23.254.192:11894 - "GET / HTTP/1.1" 200
2026-05-29 08:25:00  INFO     uvicorn.access  104.23.254.192:11894 - "GET /wp-includes/blocks/block/ HTTP/1.1" 404
2026-05-29 08:25:00  INFO     uvicorn.access  104.23.254.192:11894 - "GET /403.php HTTP/1.1" 307
2026-05-29 08:25:00  INFO     uvicorn.access  104.23.254.192:11894 - "GET / HTTP/1.1" 200
2026-05-29 08:25:01  INFO     uvicorn.access  104.23.254.192:11894 - "GET /wp-includes/js/codemirror/ HTTP/1.1" 404
2026-05-29 08:25:01  INFO     uvicorn.access  104.22.10.189:13146 - "GET / HTTP/1.1" 200
2026-05-29 08:25:01  INFO     uvicorn.access  104.23.254.192:11894 - "GET /wp-includes/block-supports/ HTTP/1.1" 404
2026-05-29 08:25:01  INFO     uvicorn.access  104.23.254.192:11894 - "GET /cgi-bin/index.php HTTP/1.1" 404
2026-05-29 08:25:01  INFO     uvicorn.access  104.23.254.192:11894 - "GET /mini.php HTTP/1.1" 307
2026-05-29 08:25:01  INFO     uvicorn.access  104.23.254.192:11894 - "GET / HTTP/1.1" 200
2026-05-29 08:25:02  INFO     uvicorn.access  104.23.254.192:11894 - "GET /wp-content/plugins/ HTTP/1.1" 404
2026-05-29 08:25:02  INFO     uvicorn.access  104.23.254.192:11894 - "GET /api.php HTTP/1.1" 307
2026-05-29 08:25:02  INFO     uvicorn.access  104.23.254.192:11894 - "GET / HTTP/1.1" 200
2026-05-29 08:25:02  INFO     uvicorn.access  104.22.10.189:13146 - "GET /wp-includes/ID3/about.php HTTP/1.1" 404
2026-05-29 08:25:02  INFO     uvicorn.access  104.23.254.192:11894 - "GET /.well-known/index.php HTTP/1.1" 404
2026-05-29 08:25:02  INFO     uvicorn.access  104.22.10.189:13146 - "GET /wp-includes/admin.php HTTP/1.1" 404
2026-05-29 08:25:02  INFO     uvicorn.access  104.23.254.192:11894 - "GET /mar.php HTTP/1.1" 307
2026-05-29 08:25:03  INFO     uvicorn.access  104.22.10.189:13146 - "GET /wp-includes/css/index.php HTTP/1.1" 404
2026-05-29 08:25:03  INFO     uvicorn.access  104.23.254.192:11894 - "GET / HTTP/1.1" 200
2026-05-29 08:25:03  INFO     uvicorn.access  104.23.254.192:11894 - "GET /new4.php HTTP/1.1" 307
2026-05-29 08:25:03  INFO     uvicorn.access  104.23.254.192:11894 - "GET / HTTP/1.1" 200
2026-05-29 08:25:03  INFO     uvicorn.access  104.22.10.189:13146 - "GET /wp-admin/css/colors/ocean/about.php HTTP/1.1" 404
2026-05-29 08:25:03  INFO     uvicorn.access  104.23.254.192:11894 - "GET /wp-content/admin.php HTTP/1.1" 404
2026-05-29 08:25:03  INFO     uvicorn.access  104.22.10.189:13146 - "GET /akc.php HTTP/1.1" 307
2026-05-29 08:25:03  INFO     uvicorn.access  104.23.254.192:11894 - "GET /wp-content/uploads/wp-login.php HTTP/1.1" 404
2026-05-29 08:25:03  INFO     uvicorn.access  104.22.10.189:13146 - "GET / HTTP/1.1" 200
2026-05-29 08:25:04  INFO     uvicorn.access  104.23.254.192:11894 - "GET /wp-admin/includes/ HTTP/1.1" 404
2026-05-29 08:25:04  INFO     uvicorn.access  104.22.10.189:13146 - "GET /wp-admin/maint/about.php HTTP/1.1" 404
2026-05-29 08:25:04  INFO     uvicorn.access  104.23.254.192:11894 - "GET /file2.php HTTP/1.1" 307
2026-05-29 08:25:04  INFO     uvicorn.access  104.23.254.192:11894 - "GET / HTTP/1.1" 200
2026-05-29 08:25:04  INFO     uvicorn.access  104.22.10.189:13146 - "GET /ini.php HTTP/1.1" 307
2026-05-29 08:25:04  INFO     uvicorn.access  104.23.254.192:11894 - "GET /wp-includes/ID3/about.php HTTP/1.1" 404
2026-05-29 08:25:04  INFO     uvicorn.access  104.22.10.189:13146 - "GET / HTTP/1.1" 200
2026-05-29 08:25:04  INFO     uvicorn.access  104.23.254.192:11894 - "GET /wp-includes/admin.php HTTP/1.1" 404
2026-05-29 08:25:04  INFO     uvicorn.access  104.23.254.192:11894 - "GET /wp-includes/css/index.php HTTP/1.1" 404
2026-05-29 08:25:05  INFO     uvicorn.access  104.23.254.192:11894 - "GET /wp-admin/css/colors/ocean/about.php HTTP/1.1" 404
2026-05-29 08:25:05  INFO     uvicorn.access  104.23.254.192:11894 - "GET /akc.php HTTP/1.1" 307
2026-05-29 08:25:05  INFO     uvicorn.access  104.22.10.189:13146 - "GET /as.php HTTP/1.1" 307
2026-05-29 08:25:05  INFO     uvicorn.access  104.23.254.192:11894 - "GET / HTTP/1.1" 200
2026-05-29 08:25:05  INFO     uvicorn.access  104.22.10.189:13146 - "GET / HTTP/1.1" 200
2026-05-29 08:25:05  INFO     uvicorn.access  104.23.254.192:11894 - "GET /wp-admin/maint/about.php HTTP/1.1" 404
2026-05-29 08:25:05  INFO     uvicorn.access  104.22.10.189:13146 - "GET /test1.php HTTP/1.1" 307
2026-05-29 08:25:05  INFO     uvicorn.access  104.23.254.192:11894 - "GET /ini.php HTTP/1.1" 307
2026-05-29 08:25:06  INFO     uvicorn.access  104.22.10.189:13146 - "GET / HTTP/1.1" 200
2026-05-29 08:25:06  INFO     uvicorn.access  104.22.10.189:13146 - "GET /st.php HTTP/1.1" 307
2026-05-29 08:25:06  INFO     uvicorn.access  104.22.10.189:13146 - "GET / HTTP/1.1" 200
2026-05-29 08:25:06  INFO     uvicorn.access  104.22.10.189:13146 - "GET /wp-admin/autoload_classmap.php HTTP/1.1" 404
2026-05-29 08:25:06  INFO     uvicorn.access  104.22.10.189:13146 - "GET /aaa.php HTTP/1.1" 307
2026-05-29 08:25:07  INFO     uvicorn.access  104.22.10.189:13146 - "GET / HTTP/1.1" 200
2026-05-29 08:25:07  INFO     uvicorn.access  104.22.10.189:13146 - "GET /wp-content/wp-conflg.php HTTP/1.1" 404
2026-05-29 08:25:07  INFO     uvicorn.access  104.23.254.192:11894 - "GET / HTTP/1.1" 200
2026-05-29 08:25:07  INFO     uvicorn.access  104.22.10.189:13146 - "GET /wp-includes/widgets/about.php HTTP/1.1" 404
2026-05-29 08:25:07  INFO     uvicorn.access  104.22.10.189:13146 - "GET /wp-content/et-cache/ HTTP/1.1" 404
2026-05-29 08:25:07  INFO     uvicorn.access  104.22.10.189:13146 - "GET /wp-admin/css/colors/index.php HTTP/1.1" 404
2026-05-29 08:25:08  INFO     uvicorn.access  104.22.10.189:13146 - "GET /wp-includes/block-bindings/ HTTP/1.1" 404
2026-05-29 08:25:08  INFO     uvicorn.access  104.22.10.189:13146 - "GET /wp-includes/Requests/about.php HTTP/1.1" 404
2026-05-29 08:25:08  INFO     uvicorn.access  104.22.10.189:13146 - "GET /core.php HTTP/1.1" 307
2026-05-29 08:25:08  INFO     uvicorn.access  104.22.10.189:13146 - "GET / HTTP/1.1" 200
2026-05-29 08:25:08  INFO     uvicorn.access  104.23.254.192:11894 - "GET /as.php HTTP/1.1" 307
2026-05-29 08:25:08  INFO     uvicorn.access  104.23.254.192:11894 - "GET / HTTP/1.1" 200
2026-05-29 08:25:08  INFO     uvicorn.access  104.22.10.189:13146 - "GET /app.php HTTP/1.1" 307
2026-05-29 08:25:09  INFO     uvicorn.access  104.23.254.192:11894 - "GET /test1.php HTTP/1.1" 307
2026-05-29 08:25:09  INFO     uvicorn.access  104.22.10.189:13146 - "GET / HTTP/1.1" 200
2026-05-29 08:25:09  INFO     uvicorn.access  104.22.10.189:13146 - "GET /file.php HTTP/1.1" 307
2026-05-29 08:25:09  INFO     uvicorn.access  104.23.254.192:11894 - "GET / HTTP/1.1" 200
2026-05-29 08:25:10  INFO     uvicorn.access  104.22.10.189:13146 - "GET / HTTP/1.1" 200
2026-05-29 08:25:10  INFO     uvicorn.access  104.23.254.192:11894 - "GET /st.php HTTP/1.1" 307
2026-05-29 08:25:10  INFO     uvicorn.access  104.22.10.189:13146 - "GET /wp-includes/index.php HTTP/1.1" 404
2026-05-29 08:25:10  INFO     uvicorn.access  104.23.254.192:11894 - "GET / HTTP/1.1" 200
2026-05-29 08:25:10  INFO     uvicorn.access  104.23.254.192:11894 - "GET /wp-admin/autoload_classmap.php HTTP/1.1" 404
2026-05-29 08:25:10  INFO     uvicorn.access  104.22.10.189:13146 - "GET /wp-content/upgrade/index.php HTTP/1.1" 404
2026-05-29 08:25:10  INFO     uvicorn.access  104.22.10.189:13146 - "GET /wp-includes/customize/about.php HTTP/1.1" 404
2026-05-29 08:25:10  INFO     uvicorn.access  104.22.10.189:13146 - "GET /wp-content/uploads/2023/08/ HTTP/1.1" 404
2026-05-29 08:25:10  INFO     uvicorn.access  104.23.254.192:11894 - "GET /aaa.php HTTP/1.1" 307
2026-05-29 08:25:11  INFO     uvicorn.access  104.23.254.192:11894 - "GET / HTTP/1.1" 200
2026-05-29 08:25:11  INFO     uvicorn.access  104.22.10.189:13146 - "GET /wp-includes/Text/Diff/Renderer/ HTTP/1.1" 404
2026-05-29 08:25:11  INFO     uvicorn.access  104.22.10.189:13146 - "GET /wp-includes/PHPMailer/index.php HTTP/1.1" 404
2026-05-29 08:25:11  INFO     uvicorn.access  104.23.254.192:11894 - "GET /wp-content/wp-conflg.php HTTP/1.1" 404
2026-05-29 08:25:11  INFO     uvicorn.access  104.22.10.189:13146 - "GET /alfa.php HTTP/1.1" 307
2026-05-29 08:25:11  INFO     uvicorn.access  104.23.254.192:11894 - "GET /wp-includes/widgets/about.php HTTP/1.1" 404
2026-05-29 08:25:11  INFO     uvicorn.access  104.22.10.189:13146 - "GET / HTTP/1.1" 200
2026-05-29 08:25:11  INFO     uvicorn.access  104.22.10.189:13146 - "GET /wp-admin/404.php HTTP/1.1" 404
2026-05-29 08:25:12  INFO     uvicorn.access  104.23.254.192:11894 - "GET /wp-content/et-cache/ HTTP/1.1" 404
2026-05-29 08:25:12  INFO     uvicorn.access  104.23.254.192:11894 - "GET /wp-admin/css/colors/index.php HTTP/1.1" 404
2026-05-29 08:25:12  INFO     uvicorn.access  104.22.10.189:13146 - "GET /wp-includes/blocks/button/index.php HTTP/1.1" 404
2026-05-29 08:25:13  INFO     uvicorn.access  104.22.10.189:13146 - "GET /wp-content/admin-header.php HTTP/1.1" 404
2026-05-29 08:25:13  INFO     uvicorn.access  104.22.10.189:13146 - "GET /edit.phphttps%3A//win55.bike/ioxi-o.php HTTP/1.1" 404
2026-05-29 08:25:13  INFO     uvicorn.access  104.22.10.189:13146 - "GET /wp-includes/assets/index.php HTTP/1.1" 404
2026-05-29 08:25:13  INFO     uvicorn.access  104.23.254.192:11894 - "GET /wp-includes/block-bindings/ HTTP/1.1" 404
2026-05-29 08:25:13  INFO     uvicorn.access  104.22.10.189:13146 - "GET /wp-links.php HTTP/1.1" 307
2026-05-29 08:25:13  INFO     uvicorn.access  104.23.254.192:11894 - "GET /wp-includes/Requests/about.php HTTP/1.1" 404
2026-05-29 08:25:13  INFO     uvicorn.access  104.22.10.189:13146 - "GET / HTTP/1.1" 200
2026-05-29 08:25:14  INFO     uvicorn.access  104.23.254.192:11894 - "GET /core.php HTTP/1.1" 307
2026-05-29 08:25:14  INFO     uvicorn.access  104.22.10.189:13146 - "GET /wp-content/themes/sky-pro/js.php HTTP/1.1" 404
2026-05-29 08:25:14  INFO     uvicorn.access  104.23.254.192:11894 - "GET / HTTP/1.1" 200
2026-05-29 08:25:14  INFO     uvicorn.access  104.22.10.189:13146 - "GET /wp-includes/fonts/index.php HTTP/1.1" 404
2026-05-29 08:25:14  INFO     uvicorn.access  104.22.10.189:13146 - "GET /images/class-config.php HTTP/1.1" 404
2026-05-29 08:25:14  INFO     uvicorn.access  104.22.10.189:13146 - "GET /content.php HTTP/1.1" 307
2026-05-29 08:25:14  INFO     uvicorn.access  104.23.254.192:11894 - "GET /app.php HTTP/1.1" 307
2026-05-29 08:25:14  INFO     uvicorn.access  104.22.10.189:13146 - "GET / HTTP/1.1" 200
2026-05-29 08:25:15  INFO     uvicorn.access  104.23.254.192:11894 - "GET / HTTP/1.1" 200
2026-05-29 08:25:15  INFO     uvicorn.access  104.22.10.189:13146 - "GET /new.php HTTP/1.1" 307
2026-05-29 08:25:15  INFO     uvicorn.access  104.23.254.192:11894 - "GET /file.php HTTP/1.1" 307
2026-05-29 08:25:15  INFO     uvicorn.access  104.22.10.189:13146 - "GET / HTTP/1.1" 200
2026-05-29 08:25:15  INFO     uvicorn.access  104.23.254.192:11894 - "GET / HTTP/1.1" 200
2026-05-29 08:25:15  INFO     uvicorn.access  104.22.10.189:13146 - "GET /wp-includes/Text/xwx1.php HTTP/1.1" 404
2026-05-29 08:25:15  INFO     uvicorn.access  104.23.254.192:11894 - "GET /wp-includes/index.php HTTP/1.1" 404
2026-05-29 08:25:15  INFO     uvicorn.access  104.22.10.189:13146 - "GET /wp-includes/admiin.php HTTP/1.1" 404
2026-05-29 08:25:15  INFO     uvicorn.access  104.23.254.192:11894 - "GET /wp-content/upgrade/index.php HTTP/1.1" 404
2026-05-29 08:25:15  INFO     uvicorn.access  104.23.254.192:11894 - "GET /wp-includes/customize/about.php HTTP/1.1" 404
2026-05-29 08:25:15  INFO     uvicorn.access  104.22.10.189:13146 - "GET /moon.php HTTP/1.1" 307
2026-05-29 08:25:16  INFO     uvicorn.access  104.23.254.192:11894 - "GET /wp-content/uploads/2023/08/ HTTP/1.1" 404
2026-05-29 08:25:16  INFO     uvicorn.access  104.23.254.192:11894 - "GET /wp-includes/Text/Diff/Renderer/ HTTP/1.1" 404
2026-05-29 08:25:16  INFO     uvicorn.access  104.22.10.189:13146 - "GET / HTTP/1.1" 200
2026-05-29 08:25:16  INFO     uvicorn.access  104.23.254.192:11894 - "GET /wp-includes/PHPMailer/index.php HTTP/1.1" 404
2026-05-29 08:25:16  INFO     uvicorn.access  104.22.10.189:13146 - "GET /classwithtostring.php HTTP/1.1" 307
2026-05-29 08:25:16  INFO     uvicorn.access  104.23.254.192:11894 - "GET /alfa.php HTTP/1.1" 307
2026-05-29 08:25:16  INFO     uvicorn.access  104.22.10.189:13146 - "GET / HTTP/1.1" 200
2026-05-29 08:25:16  INFO     uvicorn.access  104.23.254.192:11894 - "GET / HTTP/1.1" 200
2026-05-29 08:25:17  INFO     uvicorn.access  104.22.10.189:13146 - "GET /wp-content/languages/index.php HTTP/1.1" 404
2026-05-29 08:25:17  INFO     uvicorn.access  104.23.254.192:11894 - "GET /wp-admin/404.php HTTP/1.1" 404
2026-05-29 08:25:17  INFO     uvicorn.access  104.22.10.189:13146 - "GET /backup.php HTTP/1.1" 307
2026-05-29 08:25:17  INFO     uvicorn.access  104.23.254.192:11894 - "GET /wp-includes/blocks/button/index.php HTTP/1.1" 404
2026-05-29 08:25:17  INFO     uvicorn.access  104.22.10.189:13146 - "GET / HTTP/1.1" 200
2026-05-29 08:25:17  INFO     uvicorn.access  104.23.254.192:11894 - "GET /wp-content/admin-header.php HTTP/1.1" 404
2026-05-29 08:25:17  INFO     uvicorn.access  104.23.254.192:11894 - "GET /edit.phphttps%3A//win55.bike/ioxi-o.php HTTP/1.1" 404
2026-05-29 08:25:17  INFO     uvicorn.access  104.22.10.189:13146 - "GET /news.php HTTP/1.1" 307
2026-05-29 08:25:17  INFO     uvicorn.access  104.23.254.192:11894 - "GET /wp-includes/assets/index.php HTTP/1.1" 404
2026-05-29 08:25:17  INFO     uvicorn.access  104.22.10.189:13146 - "GET / HTTP/1.1" 200
2026-05-29 08:25:18  INFO     uvicorn.access  104.22.10.189:13146 - "GET /kyami.php HTTP/1.1" 307
2026-05-29 08:25:18  INFO     uvicorn.access  104.22.10.189:13146 - "GET / HTTP/1.1" 200
2026-05-29 08:25:18  INFO     uvicorn.access  104.23.254.192:11894 - "GET /wp-links.php HTTP/1.1" 307
2026-05-29 08:25:18  INFO     uvicorn.access  104.22.10.189:13146 - "GET /wp-content/plugins/Cache/Cache.php HTTP/1.1" 404
2026-05-29 08:25:18  INFO     uvicorn.access  104.23.254.192:11894 - "GET / HTTP/1.1" 200
2026-05-29 08:25:18  INFO     uvicorn.access  104.22.10.189:13146 - "GET /wp-admin/js/index.php HTTP/1.1" 404
2026-05-29 08:25:18  INFO     uvicorn.access  104.23.254.192:11894 - "GET /wp-content/themes/sky-pro/js.php HTTP/1.1" 404
2026-05-29 08:25:18  INFO     uvicorn.access  104.23.254.192:11894 - "GET /wp-includes/fonts/index.php HTTP/1.1" 404
2026-05-29 08:25:19  INFO     uvicorn.access  104.22.10.189:13146 - "GET /wp-admin/user/index.php HTTP/1.1" 404
2026-05-29 08:25:19  INFO     uvicorn.access  104.23.254.192:11894 - "GET /images/class-config.php HTTP/1.1" 404
2026-05-29 08:25:19  INFO     uvicorn.access  104.22.10.189:13146 - "GET /themes.php HTTP/1.1" 307
2026-05-29 08:25:19  INFO     uvicorn.access  104.23.254.192:11894 - "GET /content.php HTTP/1.1" 307
2026-05-29 08:25:19  INFO     uvicorn.access  104.23.254.192:11894 - "GET / HTTP/1.1" 200
2026-05-29 08:25:19  INFO     uvicorn.access  104.22.10.189:13146 - "GET / HTTP/1.1" 200
2026-05-29 08:25:19  INFO     uvicorn.access  104.23.254.192:11894 - "GET /new.php HTTP/1.1" 307
2026-05-29 08:25:20  INFO     uvicorn.access  104.22.10.189:13146 - "GET /error.php HTTP/1.1" 307
2026-05-29 08:25:20  INFO     uvicorn.access  104.22.10.189:13146 - "GET / HTTP/1.1" 200
2026-05-29 08:25:20  INFO     uvicorn.access  104.22.10.189:13146 - "GET /w.php HTTP/1.1" 307
2026-05-29 08:25:20  INFO     uvicorn.access  104.23.254.192:11894 - "GET / HTTP/1.1" 200
2026-05-29 08:25:20  INFO     uvicorn.access  104.22.10.189:13146 - "GET / HTTP/1.1" 200
2026-05-29 08:25:21  INFO     uvicorn.access  104.23.254.192:11894 - "GET /wp-includes/Text/xwx1.php HTTP/1.1" 404
2026-05-29 08:25:21  INFO     uvicorn.access  104.23.254.192:11894 - "GET /wp-includes/admiin.php HTTP/1.1" 404
2026-05-29 08:25:21  INFO     uvicorn.access  104.22.10.189:13146 - "GET /dropdown.php HTTP/1.1" 307
2026-05-29 08:25:21  INFO     uvicorn.access  104.23.254.192:11894 - "GET /moon.php HTTP/1.1" 307
2026-05-29 08:25:21  INFO     uvicorn.access  104.22.10.189:13146 - "GET / HTTP/1.1" 200
2026-05-29 08:25:21  INFO     uvicorn.access  104.23.254.192:11894 - "GET / HTTP/1.1" 200
2026-05-29 08:25:21  INFO     uvicorn.access  104.22.10.189:13146 - "GET /.well-known/pki-validation/index.php HTTP/1.1" 404
2026-05-29 08:25:22  INFO     uvicorn.access  104.23.254.192:11894 - "GET /classwithtostring.php HTTP/1.1" 307
2026-05-29 08:25:22  INFO     uvicorn.access  104.22.10.189:13146 - "GET /wp-includes/pomo/ HTTP/1.1" 404
2026-05-29 08:25:22  INFO     uvicorn.access  104.22.10.189:13146 - "GET /admin.php HTTP/1.1" 307
2026-05-29 08:25:22  INFO     uvicorn.access  104.23.254.192:11894 - "GET / HTTP/1.1" 200
2026-05-29 08:25:22  INFO     uvicorn.access  104.22.10.189:13146 - "GET / HTTP/1.1" 200
2026-05-29 08:25:22  INFO     uvicorn.access  104.23.254.192:11894 - "GET /wp-content/languages/index.php HTTP/1.1" 404
2026-05-29 08:25:23  INFO     uvicorn.access  104.23.254.192:11894 - "GET /backup.php HTTP/1.1" 307
2026-05-29 08:25:23  INFO     uvicorn.access  104.22.10.189:13146 - "GET /wp-admin/css/colors/light/about.php HTTP/1.1" 404
2026-05-29 08:25:23  INFO     uvicorn.access  104.22.10.189:13146 - "GET /wp-signin.php HTTP/1.1" 307
2026-05-29 08:25:23  INFO     uvicorn.access  104.23.254.192:11894 - "GET / HTTP/1.1" 200
2026-05-29 08:25:23  INFO     uvicorn.access  104.22.10.189:13146 - "GET / HTTP/1.1" 200
2026-05-29 08:25:23  INFO     uvicorn.access  104.22.10.189:13146 - "GET /wp-content/uploads/admin.php HTTP/1.1" 404
2026-05-29 08:25:23  INFO     uvicorn.access  104.23.254.192:11894 - "GET /news.php HTTP/1.1" 307
2026-05-29 08:25:24  INFO     uvicorn.access  104.23.254.192:11894 - "GET / HTTP/1.1" 200
2026-05-29 08:25:24  INFO     uvicorn.access  104.22.10.189:13146 - "GET /install.php HTTP/1.1" 307
2026-05-29 08:25:24  INFO     uvicorn.access  104.23.254.192:11894 - "GET /kyami.php HTTP/1.1" 307
2026-05-29 08:25:24  INFO     uvicorn.access  104.23.254.192:11894 - "GET / HTTP/1.1" 200
2026-05-29 08:25:24  INFO     uvicorn.access  104.23.254.192:11894 - "GET /wp-content/plugins/Cache/Cache.php HTTP/1.1" 404
2026-05-29 08:25:24  INFO     uvicorn.access  104.22.10.189:13146 - "GET / HTTP/1.1" 200
2026-05-29 08:25:24  INFO     uvicorn.access  104.23.254.192:11894 - "GET /wp-admin/js/index.php HTTP/1.1" 404
2026-05-29 08:25:24  INFO     uvicorn.access  104.22.10.189:13146 - "GET /wp-includes/Text/index.php HTTP/1.1" 404
2026-05-29 08:25:24  INFO     uvicorn.access  104.23.254.192:11894 - "GET /wp-admin/user/index.php HTTP/1.1" 404
2026-05-29 08:25:25  INFO     uvicorn.access  104.22.10.189:13146 - "GET /wp-admin/maint/index.php HTTP/1.1" 404
2026-05-29 08:25:25  INFO     uvicorn.access  104.23.254.192:11894 - "GET /themes.php HTTP/1.1" 307
2026-05-29 08:25:25  INFO     uvicorn.access  104.22.10.189:13146 - "GET //wp-includes/index.php HTTP/1.1" 404
2026-05-29 08:25:25  INFO     uvicorn.access  104.23.254.192:11894 - "GET / HTTP/1.1" 200
2026-05-29 08:25:25  INFO     uvicorn.access  104.22.10.189:13146 - "GET /wp-admin/maint/admin.php HTTP/1.1" 404
2026-05-29 08:25:25  INFO     uvicorn.access  104.23.254.192:11894 - "GET /error.php HTTP/1.1" 307
2026-05-29 08:25:25  INFO     uvicorn.access  104.22.10.189:13146 - "GET /mah/function.php HTTP/1.1" 404
2026-05-29 08:25:25  INFO     uvicorn.access  104.23.254.192:11894 - "GET / HTTP/1.1" 200
2026-05-29 08:25:25  INFO     uvicorn.access  104.22.10.189:13146 - "GET /filemanager/dialog.php HTTP/1.1" 404
2026-05-29 08:25:26  INFO     uvicorn.access  104.22.10.189:13146 - "GET /wp-includes/js/tinymce/skins/wordpress/images/index.php HTTP/1.1" 404
2026-05-29 08:25:26  INFO     uvicorn.access  104.23.254.192:11894 - "GET /w.php HTTP/1.1" 307
2026-05-29 08:25:26  INFO     uvicorn.access  104.22.10.189:13146 - "GET /buy.php HTTP/1.1" 307
2026-05-29 08:25:26  INFO     uvicorn.access  104.23.254.192:11894 - "GET / HTTP/1.1" 200
2026-05-29 08:25:26  INFO     uvicorn.access  104.22.10.189:13146 - "GET / HTTP/1.1" 200
2026-05-29 08:25:26  INFO     uvicorn.access  104.23.254.192:11894 - "GET /dropdown.php HTTP/1.1" 307
2026-05-29 08:25:26  INFO     uvicorn.access  104.22.10.189:13146 - "GET /default.php HTTP/1.1" 307
2026-05-29 08:25:26  INFO     uvicorn.access  104.23.254.192:11894 - "GET / HTTP/1.1" 200
2026-05-29 08:25:26  INFO     uvicorn.access  104.22.10.189:13146 - "GET / HTTP/1.1" 200
2026-05-29 08:25:26  INFO     uvicorn.access  104.23.254.192:11894 - "GET /.well-known/pki-validation/index.php HTTP/1.1" 404
2026-05-29 08:25:27  INFO     uvicorn.access  104.23.254.192:11894 - "GET /wp-includes/pomo/ HTTP/1.1" 404
2026-05-29 08:25:27  INFO     uvicorn.access  104.22.10.189:13146 - "GET /system.php HTTP/1.1" 307
2026-05-29 08:25:27  INFO     uvicorn.access  104.23.254.192:11894 - "GET /admin.php HTTP/1.1" 307
2026-05-29 08:25:27  INFO     uvicorn.access  104.22.10.189:13146 - "GET / HTTP/1.1" 200
2026-05-29 08:25:27  INFO     uvicorn.access  104.22.10.189:13146 - "GET /class.php HTTP/1.1" 307
2026-05-29 08:25:27  INFO     uvicorn.access  104.23.254.192:11894 - "GET / HTTP/1.1" 200
2026-05-29 08:25:27  INFO     uvicorn.access  104.22.10.189:13146 - "GET / HTTP/1.1" 200
2026-05-29 08:25:27  INFO     uvicorn.access  104.23.254.192:11894 - "GET /wp-admin/css/colors/light/about.php HTTP/1.1" 404
2026-05-29 08:25:28  INFO     uvicorn.access  104.22.10.189:13146 - "GET /inputs.php HTTP/1.1" 307
2026-05-29 08:25:28  INFO     uvicorn.access  104.22.10.189:13146 - "GET / HTTP/1.1" 200
2026-05-29 08:25:28  INFO     uvicorn.access  104.23.254.192:11894 - "GET /wp-signin.php HTTP/1.1" 307
2026-05-29 08:25:28  INFO     uvicorn.access  104.23.254.192:11894 - "GET / HTTP/1.1" 200
2026-05-29 08:25:28  INFO     uvicorn.access  104.23.254.192:11894 - "GET /wp-content/uploads/admin.php HTTP/1.1" 404
2026-05-29 08:25:28  INFO     uvicorn.access  104.23.254.192:11894 - "GET /install.php HTTP/1.1" 307
2026-05-29 08:25:28  INFO     uvicorn.access  104.22.10.189:13146 - "GET /wp-content/uploads/index.php HTTP/1.1" 404
2026-05-29 08:25:29  INFO     uvicorn.access  104.23.254.192:11894 - "GET / HTTP/1.1" 200
2026-05-29 08:25:29  INFO     uvicorn.access  104.22.10.189:13146 - "GET /lock.php HTTP/1.1" 307
2026-05-29 08:25:29  INFO     uvicorn.access  104.23.254.192:11894 - "GET /wp-includes/Text/index.php HTTP/1.1" 404
2026-05-29 08:25:29  INFO     uvicorn.access  104.22.10.189:13146 - "GET / HTTP/1.1" 200
2026-05-29 08:25:29  INFO     uvicorn.access  104.23.254.192:11894 - "GET /wp-admin/maint/index.php HTTP/1.1" 404
2026-05-29 08:25:29  INFO     uvicorn.access  104.23.254.192:11894 - "GET //wp-includes/index.php HTTP/1.1" 404
2026-05-29 08:25:29  INFO     uvicorn.access  104.22.10.189:13146 - "GET /atomlib.php HTTP/1.1" 307
2026-05-29 08:25:29  INFO     uvicorn.access  104.23.254.192:11894 - "GET /wp-admin/maint/admin.php HTTP/1.1" 404
2026-05-29 08:25:29  INFO     uvicorn.access  104.22.10.189:13146 - "GET / HTTP/1.1" 200
2026-05-29 08:25:30  INFO     uvicorn.access  104.23.254.192:11894 - "GET /mah/function.php HTTP/1.1" 404
2026-05-29 08:25:30  INFO     uvicorn.access  104.22.10.189:13146 - "GET /wp-content/edit.php HTTP/1.1" 404
2026-05-29 08:25:30  INFO     uvicorn.access  104.23.254.192:11894 - "GET /filemanager/dialog.php HTTP/1.1" 404
2026-05-29 08:25:30  INFO     uvicorn.access  104.23.254.192:11894 - "GET /wp-includes/js/tinymce/skins/wordpress/images/index.php HTTP/1.1" 404
2026-05-29 08:25:30  INFO     uvicorn.access  104.23.254.192:11894 - "GET /buy.php HTTP/1.1" 307
2026-05-29 08:25:30  INFO     uvicorn.access  104.22.10.189:13146 - "GET /wp-configs.php HTTP/1.1" 307
2026-05-29 08:25:30  INFO     uvicorn.access  104.23.254.192:11894 - "GET / HTTP/1.1" 200
2026-05-29 08:25:30  INFO     uvicorn.access  104.22.10.189:13146 - "GET / HTTP/1.1" 200
2026-05-29 08:25:30  INFO     uvicorn.access  104.23.254.192:11894 - "GET /default.php HTTP/1.1" 307
2026-05-29 08:25:31  INFO     uvicorn.access  104.22.10.189:13146 - "GET /wp-content/uploads/2025/ HTTP/1.1" 404
2026-05-29 08:25:31  INFO     uvicorn.access  104.23.254.192:11894 - "GET / HTTP/1.1" 200
2026-05-29 08:25:31  INFO     uvicorn.access  104.22.10.189:13146 - "GET /admin.phphttps%3A//www-vn500.com/inputs.php HTTP/1.1" 404
2026-05-29 08:25:31  INFO     uvicorn.access  104.23.254.192:11894 - "GET /system.php HTTP/1.1" 307
2026-05-29 08:25:31  INFO     uvicorn.access  104.23.254.192:11894 - "GET / HTTP/1.1" 200
2026-05-29 08:25:31  INFO     uvicorn.access  104.22.10.189:13146 - "GET /images/images/about.php HTTP/1.1" 404
2026-05-29 08:25:31  INFO     uvicorn.access  104.23.254.192:11894 - "GET /class.php HTTP/1.1" 307
2026-05-29 08:25:32  INFO     uvicorn.access  104.22.10.189:13146 - "GET /adminfuns.php HTTP/1.1" 307
2026-05-29 08:25:32  INFO     uvicorn.access  104.23.254.192:11894 - "GET / HTTP/1.1" 200
2026-05-29 08:25:32  INFO     uvicorn.access  104.22.10.189:13146 - "GET / HTTP/1.1" 200
2026-05-29 08:25:32  INFO     uvicorn.access  104.23.254.192:11894 - "GET /inputs.php HTTP/1.1" 307
2026-05-29 08:25:32  INFO     uvicorn.access  104.22.10.189:13146 - "GET /wp-content/plugins/wp-conflg.php HTTP/1.1" 404
2026-05-29 08:25:32  INFO     uvicorn.access  104.23.254.192:11894 - "GET / HTTP/1.1" 200
2026-05-29 08:25:32  INFO     uvicorn.access  104.22.10.189:13146 - "GET /wp-admin/images/file.php HTTP/1.1" 404
2026-05-29 08:25:32  INFO     uvicorn.access  104.23.254.192:11894 - "GET /wp-content/uploads/index.php HTTP/1.1" 404
2026-05-29 08:25:32  INFO     uvicorn.access  104.22.10.189:13146 - "GET /wp-signup.php HTTP/1.1" 307
2026-05-29 08:25:33  INFO     uvicorn.access  104.23.254.192:11894 - "GET /lock.php HTTP/1.1" 307
2026-05-29 08:25:33  INFO     uvicorn.access  104.22.10.189:13146 - "GET / HTTP/1.1" 200
2026-05-29 08:25:33  INFO     uvicorn.access  104.23.254.192:11894 - "GET / HTTP/1.1" 200
2026-05-29 08:25:33  INFO     uvicorn.access  104.22.10.189:13146 - "GET /xmrlpc.php HTTP/1.1" 307
2026-05-29 08:25:33  INFO     uvicorn.access  104.23.254.192:11894 - "GET /atomlib.php HTTP/1.1" 307
2026-05-29 08:25:33  INFO     uvicorn.access  104.22.10.189:13146 - "GET / HTTP/1.1" 200
2026-05-29 08:25:33  INFO     uvicorn.access  104.23.254.192:11894 - "GET / HTTP/1.1" 200
2026-05-29 08:25:33  INFO     uvicorn.access  104.22.10.189:13146 - "GET /wp-content/uploads/2024/ HTTP/1.1" 404
2026-05-29 08:25:33  INFO     uvicorn.access  104.23.254.192:11894 - "GET /wp-content/edit.php HTTP/1.1" 404
2026-05-29 08:25:34  INFO     uvicorn.access  104.22.10.189:13146 - "GET /wp-admin/images/index.php HTTP/1.1" 404
2026-05-29 08:25:34  INFO     uvicorn.access  104.23.254.192:11894 - "GET /wp-configs.php HTTP/1.1" 307
2026-05-29 08:25:34  INFO     uvicorn.access  104.22.10.189:13146 - "GET /wp-info.php HTTP/1.1" 307
2026-05-29 08:25:34  INFO     uvicorn.access  104.23.254.192:11894 - "GET / HTTP/1.1" 200
2026-05-29 08:25:34  INFO     uvicorn.access  104.22.10.189:13146 - "GET / HTTP/1.1" 200
2026-05-29 08:25:34  INFO     uvicorn.access  104.23.254.192:11894 - "GET /wp-content/uploads/2025/ HTTP/1.1" 404
2026-05-29 08:25:34  INFO     uvicorn.access  104.22.10.189:13146 - "GET /wp-includes/style-engine/wp-conflg.php HTTP/1.1" 404
2026-05-29 08:25:34  INFO     uvicorn.access  104.23.254.192:11894 - "GET /admin.phphttps%3A//www-vn500.com/inputs.php HTTP/1.1" 404
2026-05-29 08:25:34  INFO     uvicorn.access  104.22.10.189:13146 - "GET /FII.php HTTP/1.1" 307
2026-05-29 08:25:34  INFO     uvicorn.access  104.23.254.192:11894 - "GET /images/images/about.php HTTP/1.1" 404
2026-05-29 08:25:35  INFO     uvicorn.access  104.22.10.189:13146 - "GET / HTTP/1.1" 200
2026-05-29 08:25:35  INFO     uvicorn.access  104.23.254.192:11894 - "GET /adminfuns.php HTTP/1.1" 307
2026-05-29 08:25:35  INFO     uvicorn.access  104.22.10.189:13146 - "GET /images/index.php HTTP/1.1" 404
2026-05-29 08:25:35  INFO     uvicorn.access  104.22.10.189:13146 - "GET /css/index.php HTTP/1.1" 404
2026-05-29 08:25:35  INFO     uvicorn.access  104.23.254.192:11894 - "GET / HTTP/1.1" 200
2026-05-29 08:25:35  INFO     uvicorn.access  104.22.10.189:13146 - "GET /makeasmtp.php HTTP/1.1" 307
2026-05-29 08:25:35  INFO     uvicorn.access  104.23.254.192:11894 - "GET /wp-content/plugins/wp-conflg.php HTTP/1.1" 404
2026-05-29 08:25:35  INFO     uvicorn.access  104.22.10.189:13146 - "GET / HTTP/1.1" 200
2026-05-29 08:25:35  INFO     uvicorn.access  104.23.254.192:11894 - "GET /wp-admin/images/file.php HTTP/1.1" 404
2026-05-29 08:25:36  INFO     uvicorn.access  104.22.10.189:13146 - "GET /wp.php HTTP/1.1" 307
2026-05-29 08:25:36  INFO     uvicorn.access  104.23.254.192:11894 - "GET /wp-signup.php HTTP/1.1" 307
2026-05-29 08:25:36  INFO     uvicorn.access  104.22.10.189:13146 - "GET / HTTP/1.1" 200
2026-05-29 08:25:36  INFO     uvicorn.access  104.23.254.192:11894 - "GET / HTTP/1.1" 200
2026-05-29 08:25:36  INFO     uvicorn.access  104.22.10.189:13146 - "GET /wp-content/uploads/about.php HTTP/1.1" 404
2026-05-29 08:25:36  INFO     uvicorn.access  104.22.10.189:13146 - "GET /bless.php HTTP/1.1" 307
2026-05-29 08:25:36  INFO     uvicorn.access  104.23.254.192:11894 - "GET /xmrlpc.php HTTP/1.1" 307
2026-05-29 08:25:36  INFO     uvicorn.access  104.22.10.189:13146 - "GET / HTTP/1.1" 200
2026-05-29 08:25:37  INFO     uvicorn.access  104.22.10.189:13146 - "GET /222.php HTTP/1.1" 307
2026-05-29 08:25:37  INFO     uvicorn.access  104.22.10.189:13146 - "GET / HTTP/1.1" 200
2026-05-29 08:25:37  INFO     uvicorn.access  104.23.254.192:11894 - "GET / HTTP/1.1" 200
2026-05-29 08:25:37  INFO     uvicorn.access  104.23.254.192:11894 - "GET /wp-content/uploads/2024/ HTTP/1.1" 404
2026-05-29 08:25:37  INFO     uvicorn.access  104.23.254.192:11894 - "GET /wp-admin/images/index.php HTTP/1.1" 404
2026-05-29 08:25:37  INFO     uvicorn.access  104.22.10.189:13146 - "GET /lib.php HTTP/1.1" 307
2026-05-29 08:25:37  INFO     uvicorn.access  104.23.254.192:11894 - "GET /wp-info.php HTTP/1.1" 307
2026-05-29 08:25:38  INFO     uvicorn.access  104.22.10.189:13146 - "GET / HTTP/1.1" 200
2026-05-29 08:25:38  INFO     uvicorn.access  104.23.254.192:11894 - "GET / HTTP/1.1" 200
2026-05-29 08:25:38  INFO     uvicorn.access  104.22.10.189:13146 - "GET /gecko.php HTTP/1.1" 307
2026-05-29 08:25:38  INFO     uvicorn.access  104.23.254.192:11894 - "GET /wp-includes/style-engine/wp-conflg.php HTTP/1.1" 404
2026-05-29 08:25:38  INFO     uvicorn.access  104.22.10.189:13146 - "GET / HTTP/1.1" 200
2026-05-29 08:25:38  INFO     uvicorn.access  104.23.254.192:11894 - "GET /FII.php HTTP/1.1" 307
2026-05-29 08:25:38  INFO     uvicorn.access  104.23.254.192:11894 - "GET / HTTP/1.1" 200
2026-05-29 08:25:38  INFO     uvicorn.access  104.22.10.189:13146 - "GET /wp-login.php HTTP/1.1" 307
2026-05-29 08:25:38  INFO     uvicorn.access  104.23.254.192:11894 - "GET /images/index.php HTTP/1.1" 404
2026-05-29 08:25:38  INFO     uvicorn.access  104.22.10.189:13146 - "GET / HTTP/1.1" 200
2026-05-29 08:25:39  INFO     uvicorn.access  104.23.254.192:11894 - "GET /css/index.php HTTP/1.1" 404
2026-05-29 08:25:39  INFO     uvicorn.access  104.22.10.189:13146 - "GET /ab.php HTTP/1.1" 307
2026-05-29 08:25:39  INFO     uvicorn.access  104.23.254.192:11894 - "GET /makeasmtp.php HTTP/1.1" 307
2026-05-29 08:25:39  INFO     uvicorn.access  104.22.10.189:13146 - "GET / HTTP/1.1" 200
2026-05-29 08:25:39  INFO     uvicorn.access  104.23.254.192:11894 - "GET / HTTP/1.1" 200
2026-05-29 08:25:39  INFO     uvicorn.access  104.22.10.189:13146 - "GET /wp-admin/css/colors/blue/ HTTP/1.1" 404
2026-05-29 08:25:39  INFO     uvicorn.access  104.23.254.192:11894 - "GET /wp.php HTTP/1.1" 307
2026-05-29 08:25:40  INFO     uvicorn.access  104.23.254.192:11894 - "GET / HTTP/1.1" 200
2026-05-29 08:25:40  INFO     uvicorn.access  104.22.10.189:13146 - "GET /sx.php HTTP/1.1" 307
2026-05-29 08:25:40  INFO     uvicorn.access  104.23.254.192:11894 - "GET /wp-content/uploads/about.php HTTP/1.1" 404
2026-05-29 08:25:40  INFO     uvicorn.access  104.22.10.189:13146 - "GET / HTTP/1.1" 200
2026-05-29 08:25:40  INFO     uvicorn.access  104.22.10.189:13146 - "GET /wp-content/plugins/pwnd/as.php HTTP/1.1" 404
2026-05-29 08:25:40  INFO     uvicorn.access  104.23.254.192:11894 - "GET /bless.php HTTP/1.1" 307
2026-05-29 08:25:40  INFO     uvicorn.access  104.22.10.189:13146 - "GET /simple.php HTTP/1.1" 307
2026-05-29 08:25:40  INFO     uvicorn.access  104.23.254.192:11894 - "GET / HTTP/1.1" 200
2026-05-29 08:25:40  INFO     uvicorn.access  104.22.10.189:13146 - "GET / HTTP/1.1" 200
2026-05-29 08:25:41  INFO     uvicorn.access  104.23.254.192:11894 - "GET /222.php HTTP/1.1" 307
2026-05-29 08:25:41  INFO     uvicorn.access  104.22.10.189:13146 - "GET /help.php HTTP/1.1" 307
2026-05-29 08:25:41  INFO     uvicorn.access  104.23.254.192:11894 - "GET / HTTP/1.1" 200
2026-05-29 08:25:41  INFO     uvicorn.access  104.22.10.189:13146 - "GET / HTTP/1.1" 200
2026-05-29 08:25:41  INFO     uvicorn.access  104.23.254.192:11894 - "GET /lib.php HTTP/1.1" 307
2026-05-29 08:25:41  INFO     uvicorn.access  104.23.254.192:11894 - "GET / HTTP/1.1" 200
2026-05-29 08:25:41  INFO     uvicorn.access  104.22.10.189:13146 - "GET /wp-2019.php HTTP/1.1" 307
2026-05-29 08:25:41  INFO     uvicorn.access  104.22.10.189:13146 - "GET / HTTP/1.1" 200
2026-05-29 08:25:41  INFO     uvicorn.access  104.23.254.192:11894 - "GET /gecko.php HTTP/1.1" 307
2026-05-29 08:25:42  INFO     uvicorn.access  104.23.254.192:11894 - "GET / HTTP/1.1" 200
2026-05-29 08:25:42  INFO     uvicorn.access  104.22.10.189:13146 - "GET /main.php HTTP/1.1" 307
2026-05-29 08:25:42  INFO     uvicorn.access  104.23.254.192:11894 - "GET /wp-login.php HTTP/1.1" 307
2026-05-29 08:25:42  INFO     uvicorn.access  104.22.10.189:13146 - "GET / HTTP/1.1" 200
2026-05-29 08:25:42  INFO     uvicorn.access  104.23.254.192:11894 - "GET / HTTP/1.1" 200
2026-05-29 08:25:42  INFO     uvicorn.access  104.22.10.189:13146 - "GET /wp-cron.php HTTP/1.1" 307
2026-05-29 08:25:42  INFO     uvicorn.access  104.22.10.189:13146 - "GET / HTTP/1.1" 200
2026-05-29 08:25:43  INFO     uvicorn.access  104.22.10.189:13146 - "GET /function/function.php HTTP/1.1" 404
2026-05-29 08:25:43  INFO     uvicorn.access  104.22.10.189:13146 - "GET /wp-content/shell20211028.php HTTP/1.1" 404
2026-05-29 08:25:43  INFO     uvicorn.access  104.22.10.189:13146 - "GET /server.php HTTP/1.1" 307
2026-05-29 08:25:43  INFO     uvicorn.access  104.22.10.189:13146 - "GET / HTTP/1.1" 200
2026-05-29 08:25:43  INFO     uvicorn.access  104.22.10.189:13146 - "GET /wp-admin/images/profile.php HTTP/1.1" 404
2026-05-29 08:25:44  INFO     uvicorn.access  104.22.10.189:13146 - "GET /elp.php HTTP/1.1" 307
2026-05-29 08:25:44  INFO     uvicorn.access  104.23.254.192:11894 - "GET /ab.php HTTP/1.1" 307
2026-05-29 08:25:44  INFO     uvicorn.access  104.22.10.189:13146 - "GET / HTTP/1.1" 200
2026-05-29 08:25:44  INFO     uvicorn.access  104.23.254.192:11894 - "GET / HTTP/1.1" 200
2026-05-29 08:25:44  INFO     uvicorn.access  104.22.10.189:13146 - "GET /wp-includes/customize/index.php HTTP/1.1" 404
2026-05-29 08:25:44  INFO     uvicorn.access  104.23.254.192:11894 - "GET /wp-admin/css/colors/blue/ HTTP/1.1" 404
2026-05-29 08:25:44  INFO     uvicorn.access  104.22.10.189:13146 - "GET /.well-known/acme-challenge/file.php HTTP/1.1" 404
2026-05-29 08:25:45  INFO     uvicorn.access  104.23.254.192:11894 - "GET /sx.php HTTP/1.1" 307
2026-05-29 08:25:45  INFO     uvicorn.access  104.22.10.189:13146 - "GET /wp-good.php HTTP/1.1" 307
2026-05-29 08:25:45  INFO     uvicorn.access  104.23.254.192:11894 - "GET / HTTP/1.1" 200
2026-05-29 08:25:45  INFO     uvicorn.access  104.22.10.189:13146 - "GET / HTTP/1.1" 200
2026-05-29 08:25:45  INFO     uvicorn.access  104.23.254.192:11894 - "GET /wp-content/plugins/pwnd/as.php HTTP/1.1" 404
2026-05-29 08:25:45  INFO     uvicorn.access  104.22.10.189:13146 - "GET /menu.php HTTP/1.1" 307
2026-05-29 08:25:45  INFO     uvicorn.access  104.23.254.192:11894 - "GET /simple.php HTTP/1.1" 307
2026-05-29 08:25:46  INFO     uvicorn.access  104.22.10.189:13146 - "GET / HTTP/1.1" 200
2026-05-29 08:25:46  INFO     uvicorn.access  104.23.254.192:11894 - "GET / HTTP/1.1" 200
2026-05-29 08:25:46  INFO     uvicorn.access  104.23.254.192:11894 - "GET /help.php HTTP/1.1" 307
2026-05-29 08:25:46  INFO     uvicorn.access  104.22.10.189:13146 - "GET /hplfuns.php HTTP/1.1" 307
2026-05-29 08:25:46  INFO     uvicorn.access  104.23.254.192:11894 - "GET / HTTP/1.1" 200
2026-05-29 08:25:46  INFO     uvicorn.access  104.22.10.189:13146 - "GET / HTTP/1.1" 200
2026-05-29 08:25:46  INFO     uvicorn.access  104.23.254.192:11894 - "GET /wp-2019.php HTTP/1.1" 307
2026-05-29 08:25:46  INFO     uvicorn.access  104.22.10.189:13146 - "GET /wp-includes/SimplePie/about.php HTTP/1.1" 404
2026-05-29 08:25:47  INFO     uvicorn.access  104.23.254.192:11894 - "GET / HTTP/1.1" 200
2026-05-29 08:25:47  INFO     uvicorn.access  104.22.10.189:13146 - "GET /wp-content/file.php HTTP/1.1" 404
2026-05-29 08:25:47  INFO     uvicorn.access  104.22.10.189:13146 - "GET /term.php HTTP/1.1" 307
2026-05-29 08:25:47  INFO     uvicorn.access  104.22.10.189:13146 - "GET / HTTP/1.1" 200
2026-05-29 08:25:47  INFO     uvicorn.access  104.23.254.192:11894 - "GET /main.php HTTP/1.1" 307
2026-05-29 08:25:47  INFO     uvicorn.access  104.22.10.189:13146 - "GET /wp-admin/network/admin.php HTTP/1.1" 404
2026-05-29 08:25:48  INFO     uvicorn.access  104.22.10.189:13146 - "GET /wp-includes/Requests/library/ HTTP/1.1" 404
2026-05-29 08:25:48  INFO     uvicorn.access  104.23.254.192:11894 - "GET / HTTP/1.1" 200
2026-05-29 08:25:48  INFO     uvicorn.access  104.22.10.189:13146 - "GET /goods.php HTTP/1.1" 307
2026-05-29 08:25:48  INFO     uvicorn.access  104.23.254.192:11894 - "GET /wp-cron.php HTTP/1.1" 307
2026-05-29 08:25:48  INFO     uvicorn.access  104.22.10.189:13146 - "GET / HTTP/1.1" 200
2026-05-29 08:25:48  INFO     uvicorn.access  104.23.254.192:11894 - "GET / HTTP/1.1" 200
2026-05-29 08:25:48  INFO     uvicorn.access  104.22.10.189:13146 - "GET /wp-includes/php-compat/ HTTP/1.1" 404
2026-05-29 08:25:48  INFO     uvicorn.access  104.23.254.192:11894 - "GET /function/function.php HTTP/1.1" 404
2026-05-29 08:25:48  INFO     uvicorn.access  104.22.10.189:13146 - "GET /cc.php HTTP/1.1" 307
2026-05-29 08:25:48  INFO     uvicorn.access  104.23.254.192:11894 - "GET /wp-content/shell20211028.php HTTP/1.1" 404
2026-05-29 08:25:48  INFO     uvicorn.access  104.23.254.192:11894 - "GET /server.php HTTP/1.1" 307
2026-05-29 08:25:49  INFO     uvicorn.access  104.22.10.189:13146 - "GET / HTTP/1.1" 200
2026-05-29 08:25:49  INFO     uvicorn.access  104.23.254.192:11894 - "GET / HTTP/1.1" 200
2026-05-29 08:25:49  INFO     uvicorn.access  104.22.10.189:13146 - "GET /wp-content/plugins/linkpreview/index.php HTTP/1.1" 404
2026-05-29 08:25:49  INFO     uvicorn.access  104.22.10.189:13146 - "GET /cgi-bin/radio.php HTTP/1.1" 404
2026-05-29 08:25:49  INFO     uvicorn.access  104.22.10.189:13146 - "GET /wp-includes/Text/about.php HTTP/1.1" 404
2026-05-29 08:25:49  INFO     uvicorn.access  104.22.10.189:13146 - "GET /wp-admin/index.php HTTP/1.1" 404
2026-05-29 08:25:49  INFO     uvicorn.access  104.23.254.192:11894 - "GET /wp-admin/images/profile.php HTTP/1.1" 404
2026-05-29 08:25:50  INFO     uvicorn.access  104.22.10.189:13146 - "GET /files/index.php HTTP/1.1" 404
2026-05-29 08:25:50  INFO     uvicorn.access  104.23.254.192:11894 - "GET /elp.php HTTP/1.1" 307
2026-05-29 08:25:50  INFO     uvicorn.access  104.22.10.189:13146 - "GET /sf.php HTTP/1.1" 307
2026-05-29 08:25:50  INFO     uvicorn.access  104.23.254.192:11894 - "GET / HTTP/1.1" 200
2026-05-29 08:25:50  INFO     uvicorn.access  104.22.10.189:13146 - "GET / HTTP/1.1" 200
2026-05-29 08:25:50  INFO     uvicorn.access  104.23.254.192:11894 - "GET /wp-includes/customize/index.php HTTP/1.1" 404
2026-05-29 08:25:50  INFO     uvicorn.access  104.23.254.192:11894 - "GET /.well-known/acme-challenge/file.php HTTP/1.1" 404
2026-05-29 08:25:50  INFO     uvicorn.access  104.22.10.189:13146 - "GET /sim.php HTTP/1.1" 307
2026-05-29 08:25:50  INFO     uvicorn.access  104.23.254.192:11894 - "GET /wp-good.php HTTP/1.1" 307
2026-05-29 08:25:50  INFO     uvicorn.access  104.22.10.189:13146 - "GET / HTTP/1.1" 200
2026-05-29 08:25:51  INFO     uvicorn.access  104.23.254.192:11894 - "GET / HTTP/1.1" 200
2026-05-29 08:25:51  INFO     uvicorn.access  104.22.10.189:13146 - "GET /wp-admin/themes.php HTTP/1.1" 404
2026-05-29 08:25:51  INFO     uvicorn.access  104.23.254.192:11894 - "GET /menu.php HTTP/1.1" 307
2026-05-29 08:25:51  INFO     uvicorn.access  104.22.10.189:13146 - "GET /asasx.php HTTP/1.1" 307
2026-05-29 08:25:51  INFO     uvicorn.access  104.23.254.192:11894 - "GET / HTTP/1.1" 200
2026-05-29 08:25:51  INFO     uvicorn.access  104.22.10.189:13146 - "GET / HTTP/1.1" 200
2026-05-29 08:25:51  INFO     uvicorn.access  104.22.10.189:13146 - "GET /wp-includes/IXR/index.php HTTP/1.1" 404
2026-05-29 08:25:51  INFO     uvicorn.access  104.22.10.189:13146 - "GET /wp-admin/wp-signup.php HTTP/1.1" 404
2026-05-29 08:25:52  INFO     uvicorn.access  104.23.254.192:11894 - "GET /hplfuns.php HTTP/1.1" 307
2026-05-29 08:25:52  INFO     uvicorn.access  104.22.10.189:13146 - "GET /wp-admin/js/ HTTP/1.1" 404
2026-05-29 08:25:52  INFO     uvicorn.access  104.23.254.192:11894 - "GET / HTTP/1.1" 200
2026-05-29 08:25:52  INFO     uvicorn.access  104.22.10.189:13146 - "GET /wp-includes/Text/lv.php HTTP/1.1" 404
2026-05-29 08:25:52  INFO     uvicorn.access  104.23.254.192:11894 - "GET /wp-includes/SimplePie/about.php HTTP/1.1" 404
2026-05-29 08:25:52  INFO     uvicorn.access  104.22.10.189:13146 - "GET /wp-content/uploads/wp-login.php HTTP/1.1" 404
2026-05-29 08:25:52  INFO     uvicorn.access  104.22.10.189:13146 - "GET /about/function.php HTTP/1.1" 404
2026-05-29 08:25:52  INFO     uvicorn.access  104.22.10.189:13146 - "GET /ms-edit.php HTTP/1.1" 307
2026-05-29 08:25:52  INFO     uvicorn.access  104.23.254.192:11894 - "GET /wp-content/file.php HTTP/1.1" 404
2026-05-29 08:25:53  INFO     uvicorn.access  104.22.10.189:13146 - "GET / HTTP/1.1" 200
2026-05-29 08:25:53  INFO     uvicorn.access  104.23.254.192:11894 - "GET /term.php HTTP/1.1" 307
2026-05-29 08:25:53  INFO     uvicorn.access  104.22.10.189:13146 - "GET /wp-includes/sitemaps/providers/ HTTP/1.1" 404
2026-05-29 08:25:53  INFO     uvicorn.access  104.23.254.192:11894 - "GET / HTTP/1.1" 200
2026-05-29 08:25:53  INFO     uvicorn.access  104.22.10.189:13146 - "GET /theme.php HTTP/1.1" 307
2026-05-29 08:25:53  INFO     uvicorn.access  104.23.254.192:11894 - "GET /wp-admin/network/admin.php HTTP/1.1" 404
2026-05-29 08:25:53  INFO     uvicorn.access  104.23.254.192:11894 - "GET /wp-includes/Requests/library/ HTTP/1.1" 404
2026-05-29 08:25:53  INFO     uvicorn.access  104.22.10.189:13146 - "GET / HTTP/1.1" 200
2026-05-29 08:25:53  INFO     uvicorn.access  104.23.254.192:11894 - "GET /goods.php HTTP/1.1" 307
2026-05-29 08:25:54  INFO     uvicorn.access  104.23.254.192:11894 - "GET / HTTP/1.1" 200
2026-05-29 08:25:54  INFO     uvicorn.access  104.22.10.189:13146 - "GET /wp-includes/ID3/index.php HTTP/1.1" 404
2026-05-29 08:25:54  INFO     uvicorn.access  104.22.10.189:13146 - "GET /wp-content/ai1wm-backups/ HTTP/1.1" 404
2026-05-29 08:25:54  INFO     uvicorn.access  104.23.254.192:11894 - "GET /wp-includes/php-compat/ HTTP/1.1" 404
2026-05-29 08:25:54  INFO     uvicorn.access  104.22.10.189:13146 - "GET /wp-includes/Text/Diff/index.php HTTP/1.1" 404
2026-05-29 08:25:54  INFO     uvicorn.access  104.23.254.192:11894 - "GET /cc.php HTTP/1.1" 307
2026-05-29 08:25:55  INFO     uvicorn.access  104.22.10.189:13146 - "GET /.well-known/pki-validation/ HTTP/1.1" 404
2026-05-29 08:25:55  INFO     uvicorn.access  104.22.10.189:13146 - "GET /abcd.php HTTP/1.1" 307
2026-05-29 08:25:55  INFO     uvicorn.access  104.23.254.192:11894 - "GET / HTTP/1.1" 200
2026-05-29 08:25:55  INFO     uvicorn.access  104.22.10.189:13146 - "GET / HTTP/1.1" 200
2026-05-29 08:25:55  INFO     uvicorn.access  104.23.254.192:11894 - "GET /wp-content/plugins/linkpreview/index.php HTTP/1.1" 404
2026-05-29 08:25:55  INFO     uvicorn.access  104.22.10.189:13146 - "GET /wp-includes/php-compat/index.php HTTP/1.1" 404
2026-05-29 08:25:55  INFO     uvicorn.access  104.23.254.192:11894 - "GET /cgi-bin/radio.php HTTP/1.1" 404
2026-05-29 08:25:55  INFO     uvicorn.access  104.22.10.189:13146 - "GET /wp-content.php HTTP/1.1" 307
2026-05-29 08:25:56  INFO     uvicorn.access  104.23.254.192:11894 - "GET /wp-includes/Text/about.php HTTP/1.1" 404
2026-05-29 08:25:56  INFO     uvicorn.access  104.23.254.192:11894 - "GET /wp-admin/index.php HTTP/1.1" 404
2026-05-29 08:25:56  INFO     uvicorn.access  104.22.10.189:13146 - "GET / HTTP/1.1" 200
2026-05-29 08:25:56  INFO     uvicorn.access  104.23.254.192:11894 - "GET /files/index.php HTTP/1.1" 404
2026-05-29 08:25:56  INFO     uvicorn.access  104.23.254.192:11894 - "GET /sf.php HTTP/1.1" 307
2026-05-29 08:25:57  INFO     uvicorn.access  104.22.10.189:13146 - "GET /xml.php HTTP/1.1" 307
2026-05-29 08:25:57  INFO     uvicorn.access  104.22.10.189:13146 - "GET / HTTP/1.1" 200
2026-05-29 08:25:57  INFO     uvicorn.access  104.22.10.189:13146 - "GET /style.php HTTP/1.1" 307
2026-05-29 08:25:58  INFO     uvicorn.access  104.22.10.189:13146 - "GET / HTTP/1.1" 200
2026-05-29 08:25:58  INFO     uvicorn.access  104.22.10.189:13146 - "GET /admin/controller/extension/extension/ HTTP/1.1" 404
2026-05-29 08:25:58  INFO     uvicorn.access  104.23.254.192:11894 - "GET / HTTP/1.1" 200
2026-05-29 08:25:58  INFO     uvicorn.access  104.22.10.189:13146 - "GET /wp-admin/images/admin.php HTTP/1.1" 404
2026-05-29 08:25:58  INFO     uvicorn.access  104.23.254.192:11894 - "GET /sim.php HTTP/1.1" 307
2026-05-29 08:25:58  INFO     uvicorn.access  104.22.10.189:13146 - "GET /item.php HTTP/1.1" 307
2026-05-29 08:25:59  INFO     uvicorn.access  104.22.10.189:13146 - "GET / HTTP/1.1" 200
2026-05-29 08:25:59  INFO     uvicorn.access  104.22.10.189:13146 - "GET /404.php HTTP/1.1" 307
2026-05-29 08:25:59  INFO     uvicorn.access  104.22.10.189:13146 - "GET / HTTP/1.1" 200
2026-05-29 08:25:59  INFO     uvicorn.access  104.22.10.189:13146 - "GET /ioxi-o.phphttps%3A//forower.io/ioxi-o.php HTTP/1.1" 404
2026-05-29 08:26:00  INFO     uvicorn.access  104.22.10.189:13146 - "GET /wp-includes/customize/chosen.php HTTP/1.1" 404
2026-05-29 08:26:00  INFO     uvicorn.access  104.22.10.189:13146 - "GET /wp-admin/css/colors/blue/index.php HTTP/1.1" 404
2026-05-29 08:26:00  INFO     uvicorn.access  104.22.10.189:13146 - "GET /wso.php HTTP/1.1" 307
2026-05-29 08:26:01  INFO     uvicorn.access  104.22.10.189:13146 - "GET / HTTP/1.1" 200
2026-05-29 08:26:01  INFO     uvicorn.access  104.23.254.192:11894 - "GET / HTTP/1.1" 200
2026-05-29 08:26:01  INFO     uvicorn.access  104.22.10.189:13146 - "GET /wp-includes/rest-api/ HTTP/1.1" 404
2026-05-29 08:26:01  INFO     uvicorn.access  104.22.10.189:13146 - "GET /wp-corn-sample.php HTTP/1.1" 307
2026-05-29 08:26:01  INFO     uvicorn.access  104.23.254.192:11894 - "GET /wp-admin/themes.php HTTP/1.1" 404
2026-05-29 08:26:01  INFO     uvicorn.access  104.22.10.189:13146 - "GET / HTTP/1.1" 200
2026-05-29 08:26:01  INFO     uvicorn.access  104.23.254.192:11894 - "GET /asasx.php HTTP/1.1" 307
2026-05-29 08:26:02  INFO     uvicorn.access  104.23.254.192:11894 - "GET / HTTP/1.1" 200
2026-05-29 08:26:02  INFO     uvicorn.access  104.22.10.189:13146 - "GET /admin/function.php HTTP/1.1" 404
2026-05-29 08:26:02  INFO     uvicorn.access  104.23.254.192:11894 - "GET /wp-includes/IXR/index.php HTTP/1.1" 404
2026-05-29 08:26:02  INFO     uvicorn.access  104.22.10.189:13146 - "GET /wp-admin/classwithtostring.php HTTP/1.1" 404
2026-05-29 08:26:02  INFO     uvicorn.access  104.23.254.192:11894 - "GET /wp-admin/wp-signup.php HTTP/1.1" 404
2026-05-29 08:26:02  INFO     uvicorn.access  104.22.10.189:13146 - "GET /wp-content/themes/seotheme/mar.php HTTP/1.1" 404
2026-05-29 08:26:02  INFO     uvicorn.access  104.23.254.192:11894 - "GET /wp-admin/js/ HTTP/1.1" 404
2026-05-29 08:26:02  INFO     uvicorn.access  104.22.10.189:13146 - "GET /wp-content/themes/ HTTP/1.1" 404
2026-05-29 08:26:02  INFO     uvicorn.access  104.23.254.192:11894 - "GET /wp-includes/Text/lv.php HTTP/1.1" 404
2026-05-29 08:26:02  INFO     uvicorn.access  104.22.10.189:13146 - "GET /radio.php HTTP/1.1" 307
2026-05-29 08:26:03  INFO     uvicorn.access  104.23.254.192:11894 - "GET /wp-content/uploads/wp-login.php HTTP/1.1" 404
2026-05-29 08:26:03  INFO     uvicorn.access  104.22.10.189:13146 - "GET / HTTP/1.1" 200
2026-05-29 08:26:03  INFO     uvicorn.access  104.23.254.192:11894 - "GET /about/function.php HTTP/1.1" 404
2026-05-29 08:26:03  INFO     uvicorn.access  104.22.10.189:13146 - "GET /gecko-new.php HTTP/1.1" 307
2026-05-29 08:26:03  INFO     uvicorn.access  104.23.254.192:11894 - "GET /ms-edit.php HTTP/1.1" 307
2026-05-29 08:26:03  INFO     uvicorn.access  104.22.10.189:13146 - "GET / HTTP/1.1" 200
2026-05-29 08:26:03  INFO     uvicorn.access  104.23.254.192:11894 - "GET / HTTP/1.1" 200
2026-05-29 08:26:03  INFO     uvicorn.access  104.22.10.189:13146 - "GET /wp-includes/PHPMailer/ HTTP/1.1" 404
2026-05-29 08:26:03  INFO     uvicorn.access  104.23.254.192:11894 - "GET /wp-includes/sitemaps/providers/ HTTP/1.1" 404
2026-05-29 08:26:04  INFO     uvicorn.access  104.23.254.192:11894 - "GET /theme.php HTTP/1.1" 307
2026-05-29 08:26:04  INFO     uvicorn.access  104.23.254.192:11894 - "GET / HTTP/1.1" 200
2026-05-29 08:26:04  INFO     uvicorn.access  104.22.10.189:13146 - "GET /wp-includes/rest-api/fields/ HTTP/1.1" 404
2026-05-29 08:26:04  INFO     uvicorn.access  104.22.10.189:13146 - "GET /wp-admin/css/admin.php HTTP/1.1" 404
2026-05-29 08:26:04  INFO     uvicorn.access  104.22.10.189:13146 - "GET /wp-admin/css/colors/sunrise/ HTTP/1.1" 404
2026-05-29 08:26:04  INFO     uvicorn.access  104.22.10.189:13146 - "GET /bolt.php HTTP/1.1" 307
2026-05-29 08:26:04  INFO     uvicorn.access  104.23.254.192:11894 - "GET /wp-includes/ID3/index.php HTTP/1.1" 404
2026-05-29 08:26:05  INFO     uvicorn.access  104.22.10.189:13146 - "GET / HTTP/1.1" 200
2026-05-29 08:26:05  INFO     uvicorn.access  104.23.254.192:11894 - "GET /wp-content/ai1wm-backups/ HTTP/1.1" 404
2026-05-29 08:26:05  INFO     uvicorn.access  104.22.10.189:13146 - "GET /wp-includes/images/media/ HTTP/1.1" 404
2026-05-29 08:26:05  INFO     uvicorn.access  104.23.254.192:11894 - "GET /wp-includes/Text/Diff/index.php HTTP/1.1" 404
2026-05-29 08:26:05  INFO     uvicorn.access  104.22.10.189:13146 - "GET /wp-includes/theme-compat/ HTTP/1.1" 404
2026-05-29 08:26:05  INFO     uvicorn.access  104.23.254.192:11894 - "GET /.well-known/pki-validation/ HTTP/1.1" 404
2026-05-29 08:26:05  INFO     uvicorn.access  104.22.10.189:13146 - "GET /Ov-Simple1.php HTTP/1.1" 307
2026-05-29 08:26:05  INFO     uvicorn.access  104.23.254.192:11894 - "GET /abcd.php HTTP/1.1" 307
2026-05-29 08:26:05  INFO     uvicorn.access  104.22.10.189:13146 - "GET / HTTP/1.1" 200
2026-05-29 08:26:05  INFO     uvicorn.access  104.23.254.192:11894 - "GET / HTTP/1.1" 200
2026-05-29 08:26:06  INFO     uvicorn.access  104.23.254.192:11894 - "GET /wp-includes/php-compat/index.php HTTP/1.1" 404
2026-05-29 08:26:06  INFO     uvicorn.access  104.23.254.192:11894 - "GET /wp-content.php HTTP/1.1" 307
2026-05-29 08:26:06  INFO     uvicorn.access  104.22.10.189:13146 - "GET /wp-admin/user/xmrlpc.php HTTP/1.1" 404
2026-05-29 08:26:06  INFO     uvicorn.access  104.23.254.192:11894 - "GET / HTTP/1.1" 200
2026-05-29 08:26:06  INFO     uvicorn.access  104.22.10.189:13146 - "GET /a7.php HTTP/1.1" 307
2026-05-29 08:26:06  INFO     uvicorn.access  104.22.10.189:13146 - "GET / HTTP/1.1" 200
2026-05-29 08:26:06  INFO     uvicorn.access  104.23.254.192:11894 - "GET /xml.php HTTP/1.1" 307
2026-05-29 08:26:06  INFO     uvicorn.access  104.23.254.192:11894 - "GET / HTTP/1.1" 200
2026-05-29 08:26:06  INFO     uvicorn.access  104.22.10.189:13146 - "GET /wp-content/plugins/about.php HTTP/1.1" 404
2026-05-29 08:26:07  INFO     uvicorn.access  104.23.254.192:11894 - "GET /style.php HTTP/1.1" 307
2026-05-29 08:26:07  INFO     uvicorn.access  104.22.10.189:13146 - "GET /admin/admin.php HTTP/1.1" 404
2026-05-29 08:26:07  INFO     uvicorn.access  104.23.254.192:11894 - "GET / HTTP/1.1" 200
2026-05-29 08:26:07  INFO     uvicorn.access  104.22.10.189:13146 - "GET /shell.php HTTP/1.1" 307
2026-05-29 08:26:07  INFO     uvicorn.access  104.23.254.192:11894 - "GET /admin/controller/extension/extension/ HTTP/1.1" 404
2026-05-29 08:26:07  INFO     uvicorn.access  104.23.254.192:11894 - "GET /wp-admin/images/admin.php HTTP/1.1" 404
2026-05-29 08:26:07  INFO     uvicorn.access  104.22.10.189:13146 - "GET / HTTP/1.1" 200
2026-05-29 08:26:07  INFO     uvicorn.access  104.23.254.192:11894 - "GET /item.php HTTP/1.1" 307
2026-05-29 08:26:07  INFO     uvicorn.access  104.22.10.189:13146 - "GET /defaults.php HTTP/1.1" 307
2026-05-29 08:26:07  INFO     uvicorn.access  104.23.254.192:11894 - "GET / HTTP/1.1" 200
2026-05-29 08:26:08  INFO     uvicorn.access  104.22.10.189:13146 - "GET / HTTP/1.1" 200
2026-05-29 08:26:08  INFO     uvicorn.access  104.23.254.192:11894 - "GET /404.php HTTP/1.1" 307
2026-05-29 08:26:08  INFO     uvicorn.access  104.23.254.192:11894 - "GET / HTTP/1.1" 200
2026-05-29 08:26:08  INFO     uvicorn.access  104.23.254.192:11894 - "GET /ioxi-o.phphttps%3A//forower.io/ioxi-o.php HTTP/1.1" 404
2026-05-29 08:26:08  INFO     uvicorn.access  104.23.254.192:11894 - "GET /wp-includes/customize/chosen.php HTTP/1.1" 404
2026-05-29 08:26:09  INFO     uvicorn.access  104.23.254.192:11894 - "GET /wp-admin/css/colors/blue/index.php HTTP/1.1" 404
2026-05-29 08:26:09  INFO     uvicorn.access  104.23.254.192:11894 - "GET /wso.php HTTP/1.1" 307
2026-05-29 08:26:09  INFO     uvicorn.access  104.23.254.192:11894 - "GET / HTTP/1.1" 200
2026-05-29 08:26:09  INFO     uvicorn.access  104.23.254.192:11894 - "GET /wp-includes/rest-api/ HTTP/1.1" 404
2026-05-29 08:26:09  INFO     uvicorn.access  104.23.254.192:11894 - "GET /wp-corn-sample.php HTTP/1.1" 307
2026-05-29 08:26:10  INFO     uvicorn.access  104.23.254.192:11894 - "GET / HTTP/1.1" 200
2026-05-29 08:26:10  INFO     uvicorn.access  104.23.254.192:11894 - "GET /admin/function.php HTTP/1.1" 404
2026-05-29 08:26:11  INFO     uvicorn.access  104.23.254.192:11894 - "GET /wp-admin/classwithtostring.php HTTP/1.1" 404
2026-05-29 08:26:11  INFO     uvicorn.access  104.23.254.192:11894 - "GET /wp-content/themes/seotheme/mar.php HTTP/1.1" 404
2026-05-29 08:26:12  INFO     uvicorn.access  104.23.254.192:11894 - "GET /wp-content/themes/ HTTP/1.1" 404
2026-05-29 08:26:12  INFO     uvicorn.access  104.23.254.192:11894 - "GET /radio.php HTTP/1.1" 307
2026-05-29 08:26:12  INFO     uvicorn.access  104.23.254.192:11894 - "GET / HTTP/1.1" 200
2026-05-29 08:26:12  INFO     uvicorn.access  104.23.254.192:11894 - "GET /gecko-new.php HTTP/1.1" 307
2026-05-29 08:26:12  INFO     uvicorn.access  104.23.254.192:11894 - "GET / HTTP/1.1" 200
2026-05-29 08:26:13  INFO     uvicorn.access  104.23.254.192:11894 - "GET /wp-includes/PHPMailer/ HTTP/1.1" 404
2026-05-29 08:26:13  INFO     uvicorn.access  104.23.254.192:11894 - "GET /wp-includes/rest-api/fields/ HTTP/1.1" 404
2026-05-29 08:26:13  INFO     uvicorn.access  104.23.254.192:11894 - "GET /wp-admin/css/admin.php HTTP/1.1" 404
2026-05-29 08:26:13  INFO     uvicorn.access  104.23.254.192:11894 - "GET /wp-admin/css/colors/sunrise/ HTTP/1.1" 404
2026-05-29 08:26:13  INFO     uvicorn.access  104.23.254.192:11894 - "GET /bolt.php HTTP/1.1" 307
2026-05-29 08:26:13  INFO     uvicorn.access  104.23.254.192:11894 - "GET / HTTP/1.1" 200
2026-05-29 08:26:14  INFO     uvicorn.access  104.23.254.192:11894 - "GET /wp-includes/images/media/ HTTP/1.1" 404
2026-05-29 08:26:14  INFO     uvicorn.access  104.23.254.192:11894 - "GET /wp-includes/theme-compat/ HTTP/1.1" 404
2026-05-29 08:26:14  INFO     uvicorn.access  104.23.254.192:11894 - "GET /Ov-Simple1.php HTTP/1.1" 307
2026-05-29 08:26:14  INFO     uvicorn.access  104.23.254.192:11894 - "GET / HTTP/1.1" 200
2026-05-29 08:26:15  INFO     uvicorn.access  104.23.254.192:11894 - "GET /wp-admin/user/xmrlpc.php HTTP/1.1" 404
2026-05-29 08:26:15  INFO     uvicorn.access  104.23.254.192:11894 - "GET /a7.php HTTP/1.1" 307
2026-05-29 08:26:15  INFO     uvicorn.access  104.23.254.192:11894 - "GET / HTTP/1.1" 200
2026-05-29 08:26:15  INFO     uvicorn.access  104.23.254.192:11894 - "GET /wp-content/plugins/about.php HTTP/1.1" 404
2026-05-29 08:26:15  INFO     uvicorn.access  104.23.254.192:11894 - "GET /admin/admin.php HTTP/1.1" 404
2026-05-29 08:26:15  INFO     uvicorn.access  104.23.254.192:11894 - "GET /shell.php HTTP/1.1" 307
2026-05-29 08:26:16  INFO     uvicorn.access  104.23.254.192:11894 - "GET / HTTP/1.1" 200
2026-05-29 08:26:16  INFO     uvicorn.access  104.23.254.192:11894 - "GET /defaults.php HTTP/1.1" 307
2026-05-29 08:26:16  INFO     uvicorn.access  104.23.254.192:11894 - "GET / HTTP/1.1" 200
2026-05-29 08:26:16  INFO     uvicorn.access  104.23.254.192:11894 - "GET /xmlrpc.php HTTP/1.1" 307
2026-05-29 08:26:16  INFO     uvicorn.access  104.23.254.192:11894 - "GET / HTTP/1.1" 200
2026-05-29 08:26:17  INFO     uvicorn.access  104.23.254.192:11894 - "GET /file5.php HTTP/1.1" 307
2026-05-29 08:26:17  INFO     uvicorn.access  104.23.254.192:11894 - "GET / HTTP/1.1" 200
2026-05-29 08:26:17  INFO     uvicorn.access  104.23.254.192:11894 - "GET /wp-content/themes/alera/alpha.php HTTP/1.1" 404
2026-05-29 08:26:19  INFO     uvicorn.access  104.23.254.192:11894 - "GET /chosen.php HTTP/1.1" 307
2026-05-29 08:26:19  INFO     uvicorn.access  104.23.254.192:11894 - "GET / HTTP/1.1" 200
2026-05-29 08:26:19  INFO     uvicorn.access  104.23.254.192:11894 - "GET /wp-includes/IXR/about.php HTTP/1.1" 404
2026-05-29 08:26:20  INFO     uvicorn.access  104.23.254.192:11894 - "GET /cgi-bin/xmrlpc.php HTTP/1.1" 404
2026-05-29 08:26:20  INFO     uvicorn.access  104.23.254.192:11894 - "GET /wp-includes/SimplePie/index.php HTTP/1.1" 404
2026-05-29 08:26:20  INFO     uvicorn.access  104.23.254.192:11894 - "GET /cgi-bin/cgi-bin/about.php HTTP/1.1" 404
2026-05-29 08:26:20  INFO     uvicorn.access  104.23.254.192:11894 - "GET /wp-content/themes/index.php HTTP/1.1" 404
2026-05-29 08:26:20  INFO     uvicorn.access  104.23.254.192:11894 - "GET /wp-includes/fonts/ HTTP/1.1" 404
2026-05-29 08:26:21  INFO     uvicorn.access  104.23.254.192:11894 - "GET /bgymj.php HTTP/1.1" 307
2026-05-29 08:26:21  INFO     uvicorn.access  104.23.254.192:11894 - "GET / HTTP/1.1" 200
2026-05-29 08:26:21  INFO     uvicorn.access  104.23.254.192:11894 - "GET /f.php HTTP/1.1" 307
2026-05-29 08:26:21  INFO     uvicorn.access  104.23.254.192:11894 - "GET / HTTP/1.1" 200
2026-05-29 08:26:22  INFO     uvicorn.access  104.23.254.192:11894 - "GET /wp-conflg.php HTTP/1.1" 307
2026-05-29 08:26:22  INFO     uvicorn.access  104.23.254.192:11894 - "GET / HTTP/1.1" 200
2026-05-29 08:26:22  INFO     uvicorn.access  104.23.254.192:11894 - "GET /wp-includes/css/dist/block-library/ HTTP/1.1" 404
2026-05-29 08:26:24  INFO     uvicorn.access  104.23.254.192:11894 - "GET /css/admin.php HTTP/1.1" 404
2026-05-29 08:26:24  INFO     uvicorn.access  104.23.254.192:11894 - "GET /wp-includes/js/index.php HTTP/1.1" 404
2026-05-29 08:26:24  INFO     uvicorn.access  104.23.254.192:11894 - "GET /wp-admin/network/index.php HTTP/1.1" 404
2026-05-29 08:26:24  INFO     uvicorn.access  104.23.254.192:11894 - "GET /alfa-rex.php HTTP/1.1" 307
2026-05-29 08:26:25  INFO     uvicorn.access  104.23.254.192:11894 - "GET / HTTP/1.1" 200
2026-05-29 08:26:25  INFO     uvicorn.access  104.23.254.192:11894 - "GET /123.php HTTP/1.1" 307
2026-05-29 08:26:25  INFO     uvicorn.access  104.23.254.192:11894 - "GET / HTTP/1.1" 200
2026-05-29 08:26:25  INFO     uvicorn.access  104.23.254.192:11894 - "GET /wp-admin/js/admin.php HTTP/1.1" 404
2026-05-29 08:26:25  INFO     uvicorn.access  104.23.254.192:11894 - "GET /.well-known/acme-challenge/index.php HTTP/1.1" 404
2026-05-29 08:26:26  INFO     uvicorn.access  104.23.254.192:11894 - "GET /wp-admin/file.php HTTP/1.1" 404
2026-05-29 08:26:27  INFO     uvicorn.access  104.23.254.192:11894 - "GET /wp-admin/js/widgets/ HTTP/1.1" 404
2026-05-29 08:26:27  INFO     uvicorn.access  104.23.254.192:11894 - "GET /wp-content/plugins/wpsearch/login.php HTTP/1.1" 404
2026-05-29 08:26:27  INFO     uvicorn.access  104.23.254.192:11894 - "GET /wp-includes/css/dist/widgets/ HTTP/1.1" 404
2026-05-29 08:26:27  INFO     uvicorn.access  104.23.254.192:11894 - "GET /wp-admin/css/wp-login.php HTTP/1.1" 404
2026-05-29 08:26:27  INFO     uvicorn.access  104.23.254.192:11894 - "GET /wp-admin.php HTTP/1.1" 307
2026-05-29 08:26:27  INFO     uvicorn.access  104.23.254.192:11894 - "GET / HTTP/1.1" 200
2026-05-29 08:26:28  INFO     uvicorn.access  104.23.254.192:11894 - "GET /wp-blog-header.php HTTP/1.1" 307
2026-05-29 08:26:28  INFO     uvicorn.access  104.23.254.192:11894 - "GET / HTTP/1.1" 200
2026-05-29 08:26:29  INFO     uvicorn.access  104.23.254.192:11894 - "GET /wp-admin/maint/ HTTP/1.1" 404
2026-05-29 08:26:29  INFO     uvicorn.access  104.23.254.192:11894 - "GET /wp-includes/certificates/about.php HTTP/1.1" 404
2026-05-29 08:26:29  INFO     uvicorn.access  104.23.254.192:11894 - "GET /x.php HTTP/1.1" 307
2026-05-29 08:26:29  INFO     uvicorn.access  104.23.254.192:11894 - "GET / HTTP/1.1" 200
2026-05-29 08:26:29  INFO     uvicorn.access  104.23.254.192:11894 - "GET /ava.php HTTP/1.1" 307
2026-05-29 08:26:29  INFO     uvicorn.access  104.23.254.192:11894 - "GET / HTTP/1.1" 200
2026-05-29 08:26:30  INFO     uvicorn.access  104.23.254.192:11894 - "GET /wp-includes/Text/Diff/Engine/index.php HTTP/1.1" 404
2026-05-29 08:26:30  INFO     uvicorn.access  104.23.254.192:11894 - "GET /cong.php HTTP/1.1" 307
2026-05-29 08:26:30  INFO     uvicorn.access  104.23.254.192:11894 - "GET / HTTP/1.1" 200
2026-05-29 08:26:30  INFO     uvicorn.access  104.23.254.192:11894 - "GET /wp-trackback.php HTTP/1.1" 307
2026-05-29 08:26:30  INFO     uvicorn.access  104.23.254.192:11894 - "GET / HTTP/1.1" 200
2026-05-29 08:26:31  INFO     uvicorn.access  104.23.254.192:11894 - "GET /wp-includes/images/smilies/admin.php HTTP/1.1" 404
2026-05-29 08:26:31  INFO     uvicorn.access  104.23.254.192:11894 - "GET /wp-links-opml.php HTTP/1.1" 307
2026-05-29 08:26:31  INFO     uvicorn.access  104.23.254.192:11894 - "GET / HTTP/1.1" 200
2026-05-29 08:26:31  INFO     uvicorn.access  104.23.254.192:11894 - "GET /aa.php HTTP/1.1" 307
2026-05-29 08:26:32  INFO     uvicorn.access  104.23.254.192:11894 - "GET / HTTP/1.1" 200
2026-05-29 08:26:32  INFO     uvicorn.access  104.23.254.192:11894 - "GET /wp-admin/css/index.php HTTP/1.1" 404
2026-05-29 08:26:32  INFO     uvicorn.access  104.23.254.192:11894 - "GET /wp-admin/css/about.php HTTP/1.1" 404
2026-05-29 08:26:40  INFO     uvicorn.access  104.23.254.192:9844 - "GET /file5.php HTTP/1.1" 307
2026-05-29 08:26:40  INFO     uvicorn.access  104.23.254.192:9844 - "GET / HTTP/1.1" 200
2026-05-29 08:26:40  INFO     uvicorn.access  104.23.254.192:9844 - "GET /wp-content/themes/alera/alpha.php HTTP/1.1" 404
2026-05-29 08:26:40  INFO     uvicorn.access  104.23.254.192:9844 - "GET /chosen.php HTTP/1.1" 307
2026-05-29 08:26:41  INFO     uvicorn.access  104.23.254.192:9844 - "GET / HTTP/1.1" 200
2026-05-29 08:26:41  INFO     uvicorn.access  104.23.254.192:9844 - "GET /wp-includes/IXR/about.php HTTP/1.1" 404
2026-05-29 08:26:42  INFO     uvicorn.access  104.23.254.192:9844 - "GET /cgi-bin/xmrlpc.php HTTP/1.1" 404
2026-05-29 08:26:42  INFO     uvicorn.access  104.23.254.192:9844 - "GET /wp-includes/SimplePie/index.php HTTP/1.1" 404
2026-05-29 08:26:42  INFO     uvicorn.access  104.23.254.192:9844 - "GET /cgi-bin/cgi-bin/about.php HTTP/1.1" 404
2026-05-29 08:26:42  INFO     uvicorn.access  104.23.254.192:9844 - "GET /wp-content/themes/index.php HTTP/1.1" 404
2026-05-29 08:26:42  INFO     uvicorn.access  104.23.254.192:9844 - "GET /wp-includes/fonts/ HTTP/1.1" 404
2026-05-29 08:26:43  INFO     uvicorn.access  104.23.254.192:9844 - "GET /bgymj.php HTTP/1.1" 307
2026-05-29 08:26:43  INFO     uvicorn.access  104.23.254.192:9844 - "GET / HTTP/1.1" 200
2026-05-29 08:26:43  INFO     uvicorn.access  104.23.254.192:9844 - "GET /f.php HTTP/1.1" 307
2026-05-29 08:26:43  INFO     uvicorn.access  104.23.254.192:9844 - "GET / HTTP/1.1" 200
2026-05-29 08:26:43  INFO     uvicorn.access  104.23.254.192:9844 - "GET /wp-conflg.php HTTP/1.1" 307
2026-05-29 08:26:44  INFO     uvicorn.access  104.23.254.192:9844 - "GET / HTTP/1.1" 200
2026-05-29 08:26:44  INFO     uvicorn.access  104.23.254.192:9844 - "GET /wp-includes/css/dist/block-library/ HTTP/1.1" 404
2026-05-29 08:26:44  INFO     uvicorn.access  104.23.254.192:9844 - "GET /css/admin.php HTTP/1.1" 404
2026-05-29 08:26:45  INFO     uvicorn.access  104.23.254.192:9844 - "GET /wp-includes/js/index.php HTTP/1.1" 404
2026-05-29 08:26:45  INFO     uvicorn.access  104.23.254.192:9844 - "GET /wp-admin/network/index.php HTTP/1.1" 404
2026-05-29 08:26:45  INFO     uvicorn.access  104.23.254.192:9844 - "GET /alfa-rex.php HTTP/1.1" 307
2026-05-29 08:26:45  INFO     uvicorn.access  104.23.254.192:9844 - "GET / HTTP/1.1" 200
2026-05-29 08:26:45  INFO     uvicorn.access  104.23.254.192:9844 - "GET /123.php HTTP/1.1" 307
2026-05-29 08:26:46  INFO     uvicorn.access  104.23.254.192:9844 - "GET / HTTP/1.1" 200
2026-05-29 08:26:46  INFO     uvicorn.access  104.23.254.192:9844 - "GET /wp-admin/js/admin.php HTTP/1.1" 404
2026-05-29 08:26:46  INFO     uvicorn.access  104.23.254.192:9844 - "GET /.well-known/acme-challenge/index.php HTTP/1.1" 404
2026-05-29 08:26:46  INFO     uvicorn.access  104.23.254.192:9844 - "GET /wp-admin/file.php HTTP/1.1" 404
2026-05-29 08:26:46  INFO     uvicorn.access  104.23.254.192:9844 - "GET /wp-admin/js/widgets/ HTTP/1.1" 404
2026-05-29 08:26:47  INFO     uvicorn.access  104.23.254.192:9844 - "GET /wp-content/plugins/wpsearch/login.php HTTP/1.1" 404
2026-05-29 08:26:47  INFO     uvicorn.access  104.23.254.192:9844 - "GET /wp-includes/css/dist/widgets/ HTTP/1.1" 404
2026-05-29 08:26:47  INFO     uvicorn.access  104.23.254.192:9844 - "GET /wp-admin/css/wp-login.php HTTP/1.1" 404
2026-05-29 08:26:47  INFO     uvicorn.access  104.23.254.192:9844 - "GET /wp-admin.php HTTP/1.1" 307
2026-05-29 08:26:48  INFO     uvicorn.access  104.23.254.192:9844 - "GET / HTTP/1.1" 200
2026-05-29 08:26:48  INFO     uvicorn.access  104.23.254.192:9844 - "GET /wp-blog-header.php HTTP/1.1" 307
2026-05-29 08:26:48  INFO     uvicorn.access  104.23.254.192:9844 - "GET / HTTP/1.1" 200
2026-05-29 08:26:48  INFO     uvicorn.access  104.23.254.192:9844 - "GET /wp-admin/maint/ HTTP/1.1" 404
2026-05-29 08:26:49  INFO     uvicorn.access  104.23.254.192:9844 - "GET /wp-includes/certificates/about.php HTTP/1.1" 404
2026-05-29 08:26:49  INFO     uvicorn.access  104.23.254.192:9844 - "GET /x.php HTTP/1.1" 307
2026-05-29 08:26:49  INFO     uvicorn.access  104.23.254.192:9844 - "GET / HTTP/1.1" 200
2026-05-29 08:26:49  INFO     uvicorn.access  104.23.254.192:9844 - "GET /ava.php HTTP/1.1" 307
2026-05-29 08:26:49  INFO     uvicorn.access  104.23.254.192:9844 - "GET / HTTP/1.1" 200
2026-05-29 08:26:50  INFO     uvicorn.access  104.23.254.192:9844 - "GET /wp-includes/Text/Diff/Engine/index.php HTTP/1.1" 404
2026-05-29 08:26:50  INFO     uvicorn.access  104.23.254.192:9844 - "GET /cong.php HTTP/1.1" 307
2026-05-29 08:26:50  INFO     uvicorn.access  104.23.254.192:9844 - "GET / HTTP/1.1" 200
2026-05-29 08:26:50  INFO     uvicorn.access  104.23.254.192:9844 - "GET /wp-trackback.php HTTP/1.1" 307
2026-05-29 08:26:51  INFO     uvicorn.access  104.23.254.192:9844 - "GET / HTTP/1.1" 200
2026-05-29 08:26:51  INFO     uvicorn.access  104.23.254.192:9844 - "GET /wp-includes/images/smilies/admin.php HTTP/1.1" 404
2026-05-29 08:26:51  INFO     uvicorn.access  104.23.254.192:9844 - "GET /wp-links-opml.php HTTP/1.1" 307
2026-05-29 08:26:51  INFO     uvicorn.access  104.23.254.192:9844 - "GET / HTTP/1.1" 200
2026-05-29 08:26:52  INFO     uvicorn.access  104.23.254.192:9844 - "GET /aa.php HTTP/1.1" 307
2026-05-29 08:26:52  INFO     uvicorn.access  104.23.254.192:9844 - "GET / HTTP/1.1" 200
2026-05-29 08:26:52  INFO     uvicorn.access  104.23.254.192:9844 - "GET /wp-admin/css/index.php HTTP/1.1" 404
2026-05-29 08:26:52  INFO     uvicorn.access  104.23.254.192:9844 - "GET /wp-admin/css/about.php HTTP/1.1" 404
2026-05-29 08:40:46  WARNING  app.routers.api_proxy  代理上游返回 HTML 错误 [524] https://newapi-cf.qianqianye.com/v1/images/edits: <!DOCTYPE html>
<!--[if lt IE 7]> <html class="no-js ie6 oldie" lang="en-US"> <![endif]-->
<!--[if I
2026-05-29 08:43:05  WARNING  app.routers.api_proxy  代理上游返回 HTML 错误 [524] https://newapi-cf.qianqianye.com/v1/images/edits: <!DOCTYPE html>
<!--[if lt IE 7]> <html class="no-js ie6 oldie" lang="en-US"> <![endif]-->
<!--[if I
2026-05-29 08:44:57  WARNING  app.routers.api_proxy  代理上游返回 HTML 错误 [524] https://newapi-cf.qianqianye.com/v1/images/edits: <!DOCTYPE html>
<!--[if lt IE 7]> <html class="no-js ie6 oldie" lang="en-US"> <![endif]-->
<!--[if I
2026-05-29 08:45:59  INFO     uvicorn.access  104.23.225.89:13690 - "GET /api/proxy/v1/models HTTP/1.1" 200
2026-05-29 08:48:20  WARNING  app.routers.api_proxy  代理上游返回 HTML 错误 [524] https://newapi-cf.qianqianye.com/v1/images/edits: <!DOCTYPE html>
<!--[if lt IE 7]> <html class="no-js ie6 oldie" lang="en-US"> <![endif]-->
<!--[if I
2026-05-29 08:52:31  INFO     uvicorn.access  172.71.215.37:10733 - "POST /api/proxy/v1/chat/completions HTTP/1.1" 200
2026-05-29 08:52:51  INFO     uvicorn.access  172.71.215.37:14293 - "POST /api/proxy/v1/chat/completions HTTP/1.1" 200
2026-05-29 08:53:10  INFO     uvicorn.access  172.71.215.38:12700 - "POST /api/proxy/v1/chat/completions HTTP/1.1" 200
2026-05-29 08:56:31  WARNING  app.routers.api_proxy  代理上游返回 HTML 错误 [524] https://newapi-cf.qianqianye.com/v1/images/edits: <!DOCTYPE html>
<!--[if lt IE 7]> <html class="no-js ie6 oldie" lang="en-US"> <![endif]-->
<!--[if I
2026-05-29 08:56:57  INFO     uvicorn.access  172.71.24.60:10684 - "GET / HTTP/1.1" 200
2026-05-29 08:56:57  INFO     uvicorn.access  172.70.49.253:9259 - "GET /static/css/home.css HTTP/1.1" 200
2026-05-29 08:56:57  INFO     uvicorn.access  162.159.108.117:10960 - "GET /static/css/common.css HTTP/1.1" 304
2026-05-29 08:56:57  INFO     uvicorn.access  172.70.223.143:13524 - "GET /static/js/common.js HTTP/1.1" 200
2026-05-29 08:56:58  INFO     uvicorn.access  172.71.24.60:10684 - "GET /api/announcement?page=home HTTP/1.1" 200
2026-05-29 08:57:00  INFO     uvicorn.access  172.71.24.60:10684 - "GET /gallery HTTP/1.1" 200
2026-05-29 08:57:00  INFO     uvicorn.access  172.64.215.71:11102 - "GET /static/css/gallery.css?v=1779876137 HTTP/1.1" 304
2026-05-29 08:57:00  INFO     uvicorn.access  172.70.223.231:9665 - "GET /static/js/gallery.js?v=1779876137 HTTP/1.1" 304
2026-05-29 08:57:00  INFO     uvicorn.access  172.71.24.60:10684 - "GET /api/announcement?page=gallery HTTP/1.1" 200
2026-05-29 08:57:00  INFO     uvicorn.access  172.71.24.60:10689 - "POST /auth/verify HTTP/1.1" 200
2026-05-29 08:57:01  INFO     uvicorn.access  172.71.24.60:10684 - "GET /api/gallery/liked?fingerprint=3c57f162 HTTP/1.1" 200
2026-05-29 08:57:01  INFO     uvicorn.access  172.71.24.60:10689 - "GET /api/gallery/images?page=1&sort=likes HTTP/1.1" 200
2026-05-29 08:57:01  INFO     uvicorn.access  162.159.108.153:10616 - "GET /api/gallery/avatar/IMG_8578.png HTTP/1.1" 200
2026-05-29 08:57:01  INFO     uvicorn.access  172.71.8.108:13978 - "GET /api/gallery/avatar/IMG_8531.png HTTP/1.1" 200
2026-05-29 08:57:01  INFO     uvicorn.access  172.71.212.10:11431 - "GET /api/gallery/avatar/IMG_8559.png HTTP/1.1" 200
2026-05-29 08:57:01  INFO     uvicorn.access  172.64.215.74:9225 - "GET /api/gallery/file/3afbc016ab104c9eb569ca1c3d813b39.png HTTP/1.1" 200
2026-05-29 08:57:01  INFO     uvicorn.access  172.70.223.223:10200 - "GET /api/gallery/file/bf8659bfd921477e9b19db3dc33fb5b1.png HTTP/1.1" 200
2026-05-29 08:57:01  INFO     uvicorn.access  172.68.118.235:10334 - "GET /api/gallery/file/03ebfe77ba784cd4967369a9bf682555.png HTTP/1.1" 200
2026-05-29 08:57:01  INFO     uvicorn.access  162.159.108.70:11630 - "GET /api/gallery/file/5288082c3c2f480ba32bf60a2b7a0a8d.png HTTP/1.1" 200
2026-05-29 08:57:01  INFO     uvicorn.access  172.64.213.87:12976 - "GET /api/gallery/file/039985f90d01467c8aa2f27d4b719282.png HTTP/1.1" 200
2026-05-29 08:57:01  INFO     uvicorn.access  172.64.213.83:11188 - "GET /api/gallery/file/504cff89cfa0457a983588b56e14224d.png HTTP/1.1" 200
2026-05-29 08:57:01  INFO     uvicorn.access  172.71.8.119:12389 - "GET /api/gallery/file/4146c931c3244121ae6704675aad583b.png HTTP/1.1" 200
2026-05-29 08:57:26  INFO     uvicorn.access  172.71.24.61:12465 - "GET /play HTTP/1.1" 200
2026-05-29 08:57:27  INFO     uvicorn.access  172.71.8.23:13352 - "GET /static/css/play.css?v=1779876137 HTTP/1.1" 304
2026-05-29 08:57:27  INFO     uvicorn.access  172.64.213.91:13423 - "GET /static/js/play.js?v=1779876137 HTTP/1.1" 304
2026-05-29 08:57:27  INFO     uvicorn.access  172.71.24.61:12465 - "GET /api/announcement?page=play HTTP/1.1" 200
2026-05-29 08:57:27  INFO     uvicorn.access  172.71.24.61:12465 - "GET /api/history/list HTTP/1.1" 200
2026-05-29 08:57:27  INFO     uvicorn.access  172.71.24.61:12468 - "GET /api/history/usage HTTP/1.1" 200
2026-05-29 08:57:27  INFO     uvicorn.access  172.71.24.61:12465 - "POST /api/balance/overview HTTP/1.1" 400
2026-05-29 08:57:31  INFO     uvicorn.access  172.64.215.135:13927 - "GET /api/history/image/xiaoan/1780042528515_7878_0.png?token=eyJpZCI6IDAsICJ1c2VybmFtZSI6ICJ4aWFvYW4iLCAicm9sZSI6IDAsICJpc19hZG1pbiI6IGZhbHNlLCAiZXhwIjogMTc4MjIyMzE3NX0%3D.d97c080ac2ae57d6b42057826b9b4499 HTTP/1.1" 404
2026-05-29 08:57:31  INFO     uvicorn.access  162.159.108.9:13208 - "GET /api/history/image/xiaoan/1780035894443_7910_0.png?token=eyJpZCI6IDAsICJ1c2VybmFtZSI6ICJ4aWFvYW4iLCAicm9sZSI6IDAsICJpc19hZG1pbiI6IGZhbHNlLCAiZXhwIjogMTc4MjIyMzE3NX0%3D.d97c080ac2ae57d6b42057826b9b4499 HTTP/1.1" 404
2026-05-29 08:57:31  INFO     uvicorn.access  162.159.110.117:13656 - "GET /api/history/image/xiaoan/1780039552528_3127_0.png?token=eyJpZCI6IDAsICJ1c2VybmFtZSI6ICJ4aWFvYW4iLCAicm9sZSI6IDAsICJpc19hZG1pbiI6IGZhbHNlLCAiZXhwIjogMTc4MjIyMzE3NX0%3D.d97c080ac2ae57d6b42057826b9b4499 HTTP/1.1" 404
2026-05-29 08:57:31  INFO     uvicorn.access  172.71.24.142:13605 - "GET /api/history/image/xiaoan/1780025156620_1296_0.png?token=eyJpZCI6IDAsICJ1c2VybmFtZSI6ICJ4aWFvYW4iLCAicm9sZSI6IDAsICJpc19hZG1pbiI6IGZhbHNlLCAiZXhwIjogMTc4MjIyMzE3NX0%3D.d97c080ac2ae57d6b42057826b9b4499 HTTP/1.1" 404
2026-05-29 08:57:31  INFO     uvicorn.access  162.159.110.113:14250 - "GET /api/history/image/xiaoan/1780025281726_9641_0.png?token=eyJpZCI6IDAsICJ1c2VybmFtZSI6ICJ4aWFvYW4iLCAicm9sZSI6IDAsICJpc19hZG1pbiI6IGZhbHNlLCAiZXhwIjogMTc4MjIyMzE3NX0%3D.d97c080ac2ae57d6b42057826b9b4499 HTTP/1.1" 404
2026-05-29 08:57:31  INFO     uvicorn.access  162.159.110.126:11260 - "GET /api/history/image/xiaoan/1780024627116_2297_0.png?token=eyJpZCI6IDAsICJ1c2VybmFtZSI6ICJ4aWFvYW4iLCAicm9sZSI6IDAsICJpc19hZG1pbiI6IGZhbHNlLCAiZXhwIjogMTc4MjIyMzE3NX0%3D.d97c080ac2ae57d6b42057826b9b4499 HTTP/1.1" 404
2026-05-29 08:57:31  INFO     uvicorn.access  172.70.223.189:12745 - "GET /api/history/image/xiaoan/1780030198758_5413_0.png?token=eyJpZCI6IDAsICJ1c2VybmFtZSI6ICJ4aWFvYW4iLCAicm9sZSI6IDAsICJpc19hZG1pbiI6IGZhbHNlLCAiZXhwIjogMTc4MjIyMzE3NX0%3D.d97c080ac2ae57d6b42057826b9b4499 HTTP/1.1" 404
2026-05-29 08:57:31  INFO     uvicorn.access  172.70.223.239:9411 - "GET /api/history/image/xiaoan/1780024483020_2167_0.png?token=eyJpZCI6IDAsICJ1c2VybmFtZSI6ICJ4aWFvYW4iLCAicm9sZSI6IDAsICJpc19hZG1pbiI6IGZhbHNlLCAiZXhwIjogMTc4MjIyMzE3NX0%3D.d97c080ac2ae57d6b42057826b9b4499 HTTP/1.1" 404
2026-05-29 08:57:31  INFO     uvicorn.access  172.64.213.40:13644 - "GET /api/history/image/xiaoan/1780024193832_8454_0.png?token=eyJpZCI6IDAsICJ1c2VybmFtZSI6ICJ4aWFvYW4iLCAicm9sZSI6IDAsICJpc19hZG1pbiI6IGZhbHNlLCAiZXhwIjogMTc4MjIyMzE3NX0%3D.d97c080ac2ae57d6b42057826b9b4499 HTTP/1.1" 404
2026-05-29 08:57:31  INFO     uvicorn.access  172.71.8.85:12657 - "GET /api/history/image/xiaoan/1780024114236_5751_0.png?token=eyJpZCI6IDAsICJ1c2VybmFtZSI6ICJ4aWFvYW4iLCAicm9sZSI6IDAsICJpc19hZG1pbiI6IGZhbHNlLCAiZXhwIjogMTc4MjIyMzE3NX0%3D.d97c080ac2ae57d6b42057826b9b4499 HTTP/1.1" 404
2026-05-29 08:57:31  INFO     uvicorn.access  172.70.223.210:10196 - "GET /api/history/image/xiaoan/1780023898755_6259_0.png?token=eyJpZCI6IDAsICJ1c2VybmFtZSI6ICJ4aWFvYW4iLCAicm9sZSI6IDAsICJpc19hZG1pbiI6IGZhbHNlLCAiZXhwIjogMTc4MjIyMzE3NX0%3D.d97c080ac2ae57d6b42057826b9b4499 HTTP/1.1" 404
2026-05-29 08:57:31  INFO     uvicorn.access  172.64.213.68:10428 - "GET /api/history/image/xiaoan/1780024008038_4408_0.png?token=eyJpZCI6IDAsICJ1c2VybmFtZSI6ICJ4aWFvYW4iLCAicm9sZSI6IDAsICJpc19hZG1pbiI6IGZhbHNlLCAiZXhwIjogMTc4MjIyMzE3NX0%3D.d97c080ac2ae57d6b42057826b9b4499 HTTP/1.1" 404
2026-05-29 08:57:31  INFO     uvicorn.access  172.70.49.163:13644 - "GET /api/history/image/xiaoan/1780024319848_2230_0.png?token=eyJpZCI6IDAsICJ1c2VybmFtZSI6ICJ4aWFvYW4iLCAicm9sZSI6IDAsICJpc19hZG1pbiI6IGZhbHNlLCAiZXhwIjogMTc4MjIyMzE3NX0%3D.d97c080ac2ae57d6b42057826b9b4499 HTTP/1.1" 404
2026-05-29 08:57:32  INFO     uvicorn.access  162.159.110.85:10457 - "GET /api/history/image/xiaoan/1780023744250_4073_0.png?token=eyJpZCI6IDAsICJ1c2VybmFtZSI6ICJ4aWFvYW4iLCAicm9sZSI6IDAsICJpc19hZG1pbiI6IGZhbHNlLCAiZXhwIjogMTc4MjIyMzE3NX0%3D.d97c080ac2ae57d6b42057826b9b4499 HTTP/1.1" 404
2026-05-29 08:57:32  INFO     uvicorn.access  172.70.222.209:11068 - "GET /api/history/image/xiaoan/1780023684594_9539_0.png?token=eyJpZCI6IDAsICJ1c2VybmFtZSI6ICJ4aWFvYW4iLCAicm9sZSI6IDAsICJpc19hZG1pbiI6IGZhbHNlLCAiZXhwIjogMTc4MjIyMzE3NX0%3D.d97c080ac2ae57d6b42057826b9b4499 HTTP/1.1" 404
2026-05-29 08:57:32  INFO     uvicorn.access  162.159.110.68:13599 - "GET /api/history/image/xiaoan/1780022714310_2484_0.png?token=eyJpZCI6IDAsICJ1c2VybmFtZSI6ICJ4aWFvYW4iLCAicm9sZSI6IDAsICJpc19hZG1pbiI6IGZhbHNlLCAiZXhwIjogMTc4MjIyMzE3NX0%3D.d97c080ac2ae57d6b42057826b9b4499 HTTP/1.1" 404
2026-05-29 08:57:32  INFO     uvicorn.access  172.70.223.247:13407 - "GET /api/history/image/xiaoan/1780021667353_5310_0.png?token=eyJpZCI6IDAsICJ1c2VybmFtZSI6ICJ4aWFvYW4iLCAicm9sZSI6IDAsICJpc19hZG1pbiI6IGZhbHNlLCAiZXhwIjogMTc4MjIyMzE3NX0%3D.d97c080ac2ae57d6b42057826b9b4499 HTTP/1.1" 404
2026-05-29 08:57:32  INFO     uvicorn.access  172.64.213.143:13870 - "GET /api/history/image/xiaoan/1780021321868_8514_0.png?token=eyJpZCI6IDAsICJ1c2VybmFtZSI6ICJ4aWFvYW4iLCAicm9sZSI6IDAsICJpc19hZG1pbiI6IGZhbHNlLCAiZXhwIjogMTc4MjIyMzE3NX0%3D.d97c080ac2ae57d6b42057826b9b4499 HTTP/1.1" 404
2026-05-29 08:57:32  INFO     uvicorn.access  172.70.123.83:9783 - "GET /api/history/image/xiaoan/1780023479729_8207_0.png?token=eyJpZCI6IDAsICJ1c2VybmFtZSI6ICJ4aWFvYW4iLCAicm9sZSI6IDAsICJpc19hZG1pbiI6IGZhbHNlLCAiZXhwIjogMTc4MjIyMzE3NX0%3D.d97c080ac2ae57d6b42057826b9b4499 HTTP/1.1" 404
2026-05-29 08:57:32  INFO     uvicorn.access  172.64.215.209:12391 - "GET /api/history/image/xiaoan/1780021460787_6325_0.png?token=eyJpZCI6IDAsICJ1c2VybmFtZSI6ICJ4aWFvYW4iLCAicm9sZSI6IDAsICJpc19hZG1pbiI6IGZhbHNlLCAiZXhwIjogMTc4MjIyMzE3NX0%3D.d97c080ac2ae57d6b42057826b9b4499 HTTP/1.1" 404
2026-05-29 08:57:32  INFO     uvicorn.access  172.70.49.79:10159 - "GET /api/history/image/xiaoan/1780021188876_6197_0.png?token=eyJpZCI6IDAsICJ1c2VybmFtZSI6ICJ4aWFvYW4iLCAicm9sZSI6IDAsICJpc19hZG1pbiI6IGZhbHNlLCAiZXhwIjogMTc4MjIyMzE3NX0%3D.d97c080ac2ae57d6b42057826b9b4499 HTTP/1.1" 404
2026-05-29 08:57:32  INFO     uvicorn.access  172.70.49.186:10248 - "GET /api/history/image/xiaoan/1780021053071_4438_0.png?token=eyJpZCI6IDAsICJ1c2VybmFtZSI6ICJ4aWFvYW4iLCAicm9sZSI6IDAsICJpc19hZG1pbiI6IGZhbHNlLCAiZXhwIjogMTc4MjIyMzE3NX0%3D.d97c080ac2ae57d6b42057826b9b4499 HTTP/1.1" 404
2026-05-29 08:57:32  INFO     uvicorn.access  172.64.213.22:14127 - "GET /api/history/image/xiaoan/1780020911422_1420_0.png?token=eyJpZCI6IDAsICJ1c2VybmFtZSI6ICJ4aWFvYW4iLCAicm9sZSI6IDAsICJpc19hZG1pbiI6IGZhbHNlLCAiZXhwIjogMTc4MjIyMzE3NX0%3D.d97c080ac2ae57d6b42057826b9b4499 HTTP/1.1" 404
2026-05-29 08:57:32  INFO     uvicorn.access  172.64.215.199:12757 - "GET /api/history/image/xiaoan/1780019729793_9135_0.png?token=eyJpZCI6IDAsICJ1c2VybmFtZSI6ICJ4aWFvYW4iLCAicm9sZSI6IDAsICJpc19hZG1pbiI6IGZhbHNlLCAiZXhwIjogMTc4MjIyMzE3NX0%3D.d97c080ac2ae57d6b42057826b9b4499 HTTP/1.1" 404
2026-05-29 08:57:32  INFO     uvicorn.access  172.64.213.173:10618 - "GET /api/history/image/xiaoan/1780019546028_1035_0.png?token=eyJpZCI6IDAsICJ1c2VybmFtZSI6ICJ4aWFvYW4iLCAicm9sZSI6IDAsICJpc19hZG1pbiI6IGZhbHNlLCAiZXhwIjogMTc4MjIyMzE3NX0%3D.d97c080ac2ae57d6b42057826b9b4499 HTTP/1.1" 404
2026-05-29 08:57:32  INFO     uvicorn.access  172.64.213.130:11927 - "GET /api/history/image/xiaoan/1780019096266_9243_0.png?token=eyJpZCI6IDAsICJ1c2VybmFtZSI6ICJ4aWFvYW4iLCAicm9sZSI6IDAsICJpc19hZG1pbiI6IGZhbHNlLCAiZXhwIjogMTc4MjIyMzE3NX0%3D.d97c080ac2ae57d6b42057826b9b4499 HTTP/1.1" 404
2026-05-29 08:57:32  INFO     uvicorn.access  172.64.215.97:10867 - "GET /api/history/image/xiaoan/1780020803373_9412_0.png?token=eyJpZCI6IDAsICJ1c2VybmFtZSI6ICJ4aWFvYW4iLCAicm9sZSI6IDAsICJpc19hZG1pbiI6IGZhbHNlLCAiZXhwIjogMTc4MjIyMzE3NX0%3D.d97c080ac2ae57d6b42057826b9b4499 HTTP/1.1" 404
2026-05-29 08:57:32  INFO     uvicorn.access  172.64.215.15:12478 - "GET /api/history/image/xiaoan/1780018846570_4454_0.png?token=eyJpZCI6IDAsICJ1c2VybmFtZSI6ICJ4aWFvYW4iLCAicm9sZSI6IDAsICJpc19hZG1pbiI6IGZhbHNlLCAiZXhwIjogMTc4MjIyMzE3NX0%3D.d97c080ac2ae57d6b42057826b9b4499 HTTP/1.1" 404
2026-05-29 08:57:32  INFO     uvicorn.access  172.64.215.42:10493 - "GET /api/history/image/xiaoan/1780018695130_4947_0.png?token=eyJpZCI6IDAsICJ1c2VybmFtZSI6ICJ4aWFvYW4iLCAicm9sZSI6IDAsICJpc19hZG1pbiI6IGZhbHNlLCAiZXhwIjogMTc4MjIyMzE3NX0%3D.d97c080ac2ae57d6b42057826b9b4499 HTTP/1.1" 404
2026-05-29 08:57:32  INFO     uvicorn.access  172.64.215.16:12968 - "GET /api/history/image/xiaoan/1780017409604_9400_0.png?token=eyJpZCI6IDAsICJ1c2VybmFtZSI6ICJ4aWFvYW4iLCAicm9sZSI6IDAsICJpc19hZG1pbiI6IGZhbHNlLCAiZXhwIjogMTc4MjIyMzE3NX0%3D.d97c080ac2ae57d6b42057826b9b4499 HTTP/1.1" 404
2026-05-29 08:57:32  INFO     uvicorn.access  172.64.215.124:10958 - "GET /api/history/image/xiaoan/1780017519767_5763_0.png?token=eyJpZCI6IDAsICJ1c2VybmFtZSI6ICJ4aWFvYW4iLCAicm9sZSI6IDAsICJpc19hZG1pbiI6IGZhbHNlLCAiZXhwIjogMTc4MjIyMzE3NX0%3D.d97c080ac2ae57d6b42057826b9b4499 HTTP/1.1" 404
2026-05-29 08:57:32  INFO     uvicorn.access  162.159.108.104:14301 - "GET /api/history/image/xiaoan/1780018170199_3902_0.png?token=eyJpZCI6IDAsICJ1c2VybmFtZSI6ICJ4aWFvYW4iLCAicm9sZSI6IDAsICJpc19hZG1pbiI6IGZhbHNlLCAiZXhwIjogMTc4MjIyMzE3NX0%3D.d97c080ac2ae57d6b42057826b9b4499 HTTP/1.1" 404
2026-05-29 08:57:33  INFO     uvicorn.access  172.64.213.49:10876 - "GET /api/history/image/xiaoan/1779962052357_2295_0.png?token=eyJpZCI6IDAsICJ1c2VybmFtZSI6ICJ4aWFvYW4iLCAicm9sZSI6IDAsICJpc19hZG1pbiI6IGZhbHNlLCAiZXhwIjogMTc4MjIyMzE3NX0%3D.d97c080ac2ae57d6b42057826b9b4499 HTTP/1.1" 404
2026-05-29 08:57:33  INFO     uvicorn.access  172.64.215.58:9385 - "GET /api/history/image/xiaoan/1779961544710_8176_0.png?token=eyJpZCI6IDAsICJ1c2VybmFtZSI6ICJ4aWFvYW4iLCAicm9sZSI6IDAsICJpc19hZG1pbiI6IGZhbHNlLCAiZXhwIjogMTc4MjIyMzE3NX0%3D.d97c080ac2ae57d6b42057826b9b4499 HTTP/1.1" 404
2026-05-29 08:57:33  INFO     uvicorn.access  162.159.108.148:13832 - "GET /api/history/image/xiaoan/1779962311626_4653_0.png?token=eyJpZCI6IDAsICJ1c2VybmFtZSI6ICJ4aWFvYW4iLCAicm9sZSI6IDAsICJpc19hZG1pbiI6IGZhbHNlLCAiZXhwIjogMTc4MjIyMzE3NX0%3D.d97c080ac2ae57d6b42057826b9b4499 HTTP/1.1" 404
2026-05-29 08:57:33  INFO     uvicorn.access  172.64.213.149:11557 - "GET /api/history/image/xiaoan/1779961832782_3719_0.png?token=eyJpZCI6IDAsICJ1c2VybmFtZSI6ICJ4aWFvYW4iLCAicm9sZSI6IDAsICJpc19hZG1pbiI6IGZhbHNlLCAiZXhwIjogMTc4MjIyMzE3NX0%3D.d97c080ac2ae57d6b42057826b9b4499 HTTP/1.1" 404
2026-05-29 08:57:33  INFO     uvicorn.access  162.159.110.124:10450 - "GET /api/history/image/xiaoan/1779961716160_8819_0.png?token=eyJpZCI6IDAsICJ1c2VybmFtZSI6ICJ4aWFvYW4iLCAicm9sZSI6IDAsICJpc19hZG1pbiI6IGZhbHNlLCAiZXhwIjogMTc4MjIyMzE3NX0%3D.d97c080ac2ae57d6b42057826b9b4499 HTTP/1.1" 404
2026-05-29 08:57:33  INFO     uvicorn.access  172.64.213.177:13640 - "GET /api/history/image/xiaoan/1779961215224_3382_0.png?token=eyJpZCI6IDAsICJ1c2VybmFtZSI6ICJ4aWFvYW4iLCAicm9sZSI6IDAsICJpc19hZG1pbiI6IGZhbHNlLCAiZXhwIjogMTc4MjIyMzE3NX0%3D.d97c080ac2ae57d6b42057826b9b4499 HTTP/1.1" 404
2026-05-29 08:57:33  INFO     uvicorn.access  162.159.110.30:13627 - "GET /api/history/image/xiaoan/1779961405556_5192_0.png?token=eyJpZCI6IDAsICJ1c2VybmFtZSI6ICJ4aWFvYW4iLCAicm9sZSI6IDAsICJpc19hZG1pbiI6IGZhbHNlLCAiZXhwIjogMTc4MjIyMzE3NX0%3D.d97c080ac2ae57d6b42057826b9b4499 HTTP/1.1" 404
2026-05-29 08:57:33  INFO     uvicorn.access  162.158.119.187:13909 - "GET /api/history/image/xiaoan/1779961961080_1208_0.png?token=eyJpZCI6IDAsICJ1c2VybmFtZSI6ICJ4aWFvYW4iLCAicm9sZSI6IDAsICJpc19hZG1pbiI6IGZhbHNlLCAiZXhwIjogMTc4MjIyMzE3NX0%3D.d97c080ac2ae57d6b42057826b9b4499 HTTP/1.1" 404
2026-05-29 08:57:33  INFO     uvicorn.access  172.64.215.42:10493 - "GET /api/history/image/xiaoan/1779960407377_2449_0.png?token=eyJpZCI6IDAsICJ1c2VybmFtZSI6ICJ4aWFvYW4iLCAicm9sZSI6IDAsICJpc19hZG1pbiI6IGZhbHNlLCAiZXhwIjogMTc4MjIyMzE3NX0%3D.d97c080ac2ae57d6b42057826b9b4499 HTTP/1.1" 404
2026-05-29 08:57:33  INFO     uvicorn.access  172.71.24.17:13513 - "GET /api/history/image/xiaoan/1779960342023_2416_0.png?token=eyJpZCI6IDAsICJ1c2VybmFtZSI6ICJ4aWFvYW4iLCAicm9sZSI6IDAsICJpc19hZG1pbiI6IGZhbHNlLCAiZXhwIjogMTc4MjIyMzE3NX0%3D.d97c080ac2ae57d6b42057826b9b4499 HTTP/1.1" 404
2026-05-29 08:57:33  INFO     uvicorn.access  172.71.24.141:10751 - "GET /api/history/image/xiaoan/1779959869460_4267_0.png?token=eyJpZCI6IDAsICJ1c2VybmFtZSI6ICJ4aWFvYW4iLCAicm9sZSI6IDAsICJpc19hZG1pbiI6IGZhbHNlLCAiZXhwIjogMTc4MjIyMzE3NX0%3D.d97c080ac2ae57d6b42057826b9b4499 HTTP/1.1" 404
2026-05-29 08:57:33  INFO     uvicorn.access  172.71.8.64:10884 - "GET /api/history/image/xiaoan/1779960251292_6948_0.png?token=eyJpZCI6IDAsICJ1c2VybmFtZSI6ICJ4aWFvYW4iLCAicm9sZSI6IDAsICJpc19hZG1pbiI6IGZhbHNlLCAiZXhwIjogMTc4MjIyMzE3NX0%3D.d97c080ac2ae57d6b42057826b9b4499 HTTP/1.1" 404
2026-05-29 08:57:33  INFO     uvicorn.access  172.64.215.210:13426 - "GET /api/history/image/xiaoan/1779960069110_2232_0.png?token=eyJpZCI6IDAsICJ1c2VybmFtZSI6ICJ4aWFvYW4iLCAicm9sZSI6IDAsICJpc19hZG1pbiI6IGZhbHNlLCAiZXhwIjogMTc4MjIyMzE3NX0%3D.d97c080ac2ae57d6b42057826b9b4499 HTTP/1.1" 404
2026-05-29 08:57:33  INFO     uvicorn.access  172.64.213.30:12023 - "GET /api/history/image/xiaoan/1779959715347_9327_0.png?token=eyJpZCI6IDAsICJ1c2VybmFtZSI6ICJ4aWFvYW4iLCAicm9sZSI6IDAsICJpc19hZG1pbiI6IGZhbHNlLCAiZXhwIjogMTc4MjIyMzE3NX0%3D.d97c080ac2ae57d6b42057826b9b4499 HTTP/1.1" 404
2026-05-29 08:57:33  INFO     uvicorn.access  162.159.108.57:13298 - "GET /api/history/image/xiaoan/1779958879070_9428_0.png?token=eyJpZCI6IDAsICJ1c2VybmFtZSI6ICJ4aWFvYW4iLCAicm9sZSI6IDAsICJpc19hZG1pbiI6IGZhbHNlLCAiZXhwIjogMTc4MjIyMzE3NX0%3D.d97c080ac2ae57d6b42057826b9b4499 HTTP/1.1" 404
2026-05-29 08:57:33  INFO     uvicorn.access  172.64.213.159:10400 - "GET /api/history/image/xiaoan/1779956364237_7086_0.png?token=eyJpZCI6IDAsICJ1c2VybmFtZSI6ICJ4aWFvYW4iLCAicm9sZSI6IDAsICJpc19hZG1pbiI6IGZhbHNlLCAiZXhwIjogMTc4MjIyMzE3NX0%3D.d97c080ac2ae57d6b42057826b9b4499 HTTP/1.1" 404
2026-05-29 08:57:33  INFO     uvicorn.access  172.71.8.112:11586 - "GET /api/history/image/xiaoan/1779954484920_2601_0.png?token=eyJpZCI6IDAsICJ1c2VybmFtZSI6ICJ4aWFvYW4iLCAicm9sZSI6IDAsICJpc19hZG1pbiI6IGZhbHNlLCAiZXhwIjogMTc4MjIyMzE3NX0%3D.d97c080ac2ae57d6b42057826b9b4499 HTTP/1.1" 404
2026-05-29 08:57:33  INFO     uvicorn.access  172.70.123.18:9614 - "GET /api/history/image/xiaoan/1779952492326_5657_0.png?token=eyJpZCI6IDAsICJ1c2VybmFtZSI6ICJ4aWFvYW4iLCAicm9sZSI6IDAsICJpc19hZG1pbiI6IGZhbHNlLCAiZXhwIjogMTc4MjIyMzE3NX0%3D.d97c080ac2ae57d6b42057826b9b4499 HTTP/1.1" 404
2026-05-29 08:57:33  INFO     uvicorn.access  172.70.49.57:13198 - "GET /api/history/image/xiaoan/1779953630749_6373_0.png?token=eyJpZCI6IDAsICJ1c2VybmFtZSI6ICJ4aWFvYW4iLCAicm9sZSI6IDAsICJpc19hZG1pbiI6IGZhbHNlLCAiZXhwIjogMTc4MjIyMzE3NX0%3D.d97c080ac2ae57d6b42057826b9b4499 HTTP/1.1" 404
2026-05-29 08:57:33  INFO     uvicorn.access  172.64.213.153:12787 - "GET /api/history/image/xiaoan/1779953186194_3626_0.png?token=eyJpZCI6IDAsICJ1c2VybmFtZSI6ICJ4aWFvYW4iLCAicm9sZSI6IDAsICJpc19hZG1pbiI6IGZhbHNlLCAiZXhwIjogMTc4MjIyMzE3NX0%3D.d97c080ac2ae57d6b42057826b9b4499 HTTP/1.1" 404
2026-05-29 08:57:34  INFO     uvicorn.access  172.70.123.85:11375 - "GET /api/history/image/xiaoan/1779951050241_4002_0.png?token=eyJpZCI6IDAsICJ1c2VybmFtZSI6ICJ4aWFvYW4iLCAicm9sZSI6IDAsICJpc19hZG1pbiI6IGZhbHNlLCAiZXhwIjogMTc4MjIyMzE3NX0%3D.d97c080ac2ae57d6b42057826b9b4499 HTTP/1.1" 404
2026-05-29 08:57:34  INFO     uvicorn.access  172.70.49.198:11202 - "GET /api/history/image/xiaoan/1779951685659_4985_0.png?token=eyJpZCI6IDAsICJ1c2VybmFtZSI6ICJ4aWFvYW4iLCAicm9sZSI6IDAsICJpc19hZG1pbiI6IGZhbHNlLCAiZXhwIjogMTc4MjIyMzE3NX0%3D.d97c080ac2ae57d6b42057826b9b4499 HTTP/1.1" 404
2026-05-29 08:58:27  WARNING  app.routers.api_proxy  代理上游返回 HTML 错误 [524] https://newapi-cf.qianqianye.com/v1/images/edits: <!DOCTYPE html>
<!--[if lt IE 7]> <html class="no-js ie6 oldie" lang="en-US"> <![endif]-->
<!--[if I
2026-05-29 08:58:56  INFO     uvicorn.access  172.71.183.194:12033 - "GET / HTTP/1.1" 200
2026-05-29 08:58:59  INFO     uvicorn.access  172.71.183.194:12033 - "GET /api/announcement?page=home HTTP/1.1" 200
2026-05-29 08:59:13  INFO     uvicorn.access  172.68.119.97:12228 - "GET / HTTP/1.1" 200
2026-05-29 08:59:15  INFO     uvicorn.access  172.68.118.215:9752 - "GET /api/announcement?page=home HTTP/1.1" 200
2026-05-29 08:59:57  INFO     uvicorn.access  172.71.8.128:12228 - "GET /gallery HTTP/1.1" 200
2026-05-29 09:00:00  INFO     uvicorn.access  172.71.8.100:11293 - "GET /api/announcement?page=gallery HTTP/1.1" 200
2026-05-29 09:00:01  INFO     uvicorn.access  172.71.8.100:11293 - "GET /api/gallery/liked?fingerprint=339c0800 HTTP/1.1" 200
2026-05-29 09:00:02  INFO     uvicorn.access  172.71.8.100:11293 - "GET /api/gallery/images?page=1&sort=likes HTTP/1.1" 200
2026-05-29 09:00:09  INFO     uvicorn.access  104.23.166.134:12962 - "GET /api/proxy/v1/models HTTP/1.1" 200
2026-05-29 09:02:35  INFO     uvicorn.access  172.70.47.159:13112 - "POST /api/proxy/v1/chat/completions HTTP/1.1" 200
2026-05-29 09:02:35  WARNING  app.routers.api_proxy  代理上游返回 HTML 错误 [524] https://newapi-cf.qianqianye.com/v1/images/edits: <!DOCTYPE html>
<!--[if lt IE 7]> <html class="no-js ie6 oldie" lang="en-US"> <![endif]-->
<!--[if I
2026-05-29 09:02:56  INFO     uvicorn.access  172.70.47.159:13112 - "POST /api/proxy/v1/chat/completions HTTP/1.1" 200
2026-05-29 09:03:13  INFO     uvicorn.access  172.70.47.159:13112 - "POST /api/proxy/v1/chat/completions HTTP/1.1" 200
2026-05-29 09:04:29  WARNING  app.routers.api_proxy  代理上游返回 HTML 错误 [524] https://newapi-cf.qianqianye.com/v1/images/edits: <!DOCTYPE html>
<!--[if lt IE 7]> <html class="no-js ie6 oldie" lang="en-US"> <![endif]-->
<!--[if I
2026-05-29 09:05:16  INFO     uvicorn.access  172.70.47.160:11998 - "POST /api/proxy/v1/images/generations HTTP/1.1" 200
2026-05-29 09:08:01  INFO     uvicorn.access  172.70.208.25:9438 - "POST /auth/verify HTTP/1.1" 200
2026-05-29 09:08:01  INFO     uvicorn.access  172.70.208.24:10232 - "GET /api/announcement?page=gallery HTTP/1.1" 200
2026-05-29 09:08:02  INFO     uvicorn.access  172.70.208.25:9438 - "GET /api/gallery/liked?fingerprint=469ac5c5 HTTP/1.1" 200
2026-05-29 09:08:02  INFO     uvicorn.access  172.70.208.71:14139 - "GET /api/gallery/images?page=1&sort=likes HTTP/1.1" 200
2026-05-29 09:08:03  INFO     uvicorn.access  172.68.164.90:11810 - "GET /api/gallery/avatar/IMG_8559.png HTTP/1.1" 200
2026-05-29 09:08:03  INFO     uvicorn.access  104.23.175.84:9539 - "GET /api/gallery/avatar/IMG_8578.png HTTP/1.1" 200
2026-05-29 09:08:03  INFO     uvicorn.access  172.71.82.96:13955 - "GET /api/gallery/avatar/IMG_8531.png HTTP/1.1" 200
2026-05-29 09:08:03  INFO     uvicorn.access  172.69.176.2:10642 - "GET /api/gallery/file/3afbc016ab104c9eb569ca1c3d813b39.png HTTP/1.1" 200
2026-05-29 09:08:03  INFO     uvicorn.access  172.69.176.62:11308 - "GET /api/gallery/file/039985f90d01467c8aa2f27d4b719282.png HTTP/1.1" 200
2026-05-29 09:08:03  INFO     uvicorn.access  162.158.108.123:11932 - "GET /api/gallery/file/bf8659bfd921477e9b19db3dc33fb5b1.png HTTP/1.1" 200
2026-05-29 09:08:03  INFO     uvicorn.access  104.22.66.16:9510 - "GET /api/gallery/file/4146c931c3244121ae6704675aad583b.png HTTP/1.1" 200
2026-05-29 09:08:03  INFO     uvicorn.access  172.68.164.159:10463 - "GET /api/gallery/file/504cff89cfa0457a983588b56e14224d.png HTTP/1.1" 200
2026-05-29 09:08:03  INFO     uvicorn.access  172.71.152.35:13532 - "GET /api/gallery/file/03ebfe77ba784cd4967369a9bf682555.png HTTP/1.1" 200
2026-05-29 09:10:06  INFO     uvicorn.access  104.23.172.34:13382 - "POST /api/proxy/v1/images/generations HTTP/1.1" 200
2026-05-29 09:12:42  INFO     uvicorn.access  104.23.172.35:9460 - "GET /play HTTP/1.1" 200
2026-05-29 09:12:43  INFO     uvicorn.access  104.23.172.35:9460 - "GET /api/announcement?page=play HTTP/1.1" 200
2026-05-29 09:13:15  INFO     uvicorn.access  104.23.172.35:12836 - "GET /api/proxy/v1/models HTTP/1.1" 200
2026-05-29 09:14:57  INFO     uvicorn.access  104.23.172.35:12836 - "POST /api/proxy/v1/images/generations HTTP/1.1" 200
2026-05-29 09:15:23  INFO     uvicorn.access  3.149.242.166:33096 - "GET / HTTP/1.1" 200
2026-05-29 09:16:19  INFO     uvicorn.access  162.158.79.102:10303 - "GET /play HTTP/1.1" 200
2026-05-29 09:16:44  INFO     uvicorn.access  3.149.242.166:32192 - "GET / HTTP/1.1" 200
2026-05-29 09:17:02  INFO     uvicorn.access  104.23.172.35:12236 - "POST /api/proxy/v1/images/edits HTTP/1.1" 200
2026-05-29 09:18:01  INFO     uvicorn.access  172.68.225.119:14298 - "POST /api/proxy/v1/images/edits HTTP/1.1" 200
2026-05-29 09:18:14  INFO     uvicorn.access  172.68.225.119:9297 - "POST /api/history/save HTTP/1.1" 200
2026-05-29 09:18:15  INFO     uvicorn.access  172.68.225.119:9297 - "GET /api/history/usage HTTP/1.1" 200
2026-05-29 09:18:21  WARNING  uvicorn.error  Invalid HTTP request received.
2026-05-29 09:20:06  WARNING  uvicorn.error  Invalid HTTP request received.
2026-05-29 09:20:29  INFO     uvicorn.access  162.159.113.107:12235 - "POST /api/proxy/v1/images/edits HTTP/1.1" 200
2026-05-29 09:26:11  INFO     uvicorn.access  172.71.215.38:12073 - "GET /play HTTP/1.1" 200
2026-05-29 09:26:11  INFO     uvicorn.access  162.159.98.153:10092 - "GET /static/js/common.js HTTP/1.1" 304
2026-05-29 09:26:11  INFO     uvicorn.access  172.68.211.187:13716 - "GET /static/css/common.css HTTP/1.1" 304
2026-05-29 09:26:11  INFO     uvicorn.access  172.68.211.5:12020 - "GET /static/css/play.css?v=1779876137 HTTP/1.1" 304
2026-05-29 09:26:11  INFO     uvicorn.access  162.158.193.101:13184 - "GET /static/js/play.js?v=1779876137 HTTP/1.1" 304
2026-05-29 09:26:12  INFO     uvicorn.access  172.68.225.119:11026 - "GET /api/announcement?page=play HTTP/1.1" 200
2026-05-29 09:29:08  INFO     uvicorn.access  172.71.215.38:13219 - "GET /api/proxy/v1/models HTTP/1.1" 200
2026-05-29 09:29:46  INFO     uvicorn.access  172.71.98.55:12782 - "POST /api/proxy/v1/images/edits HTTP/1.1" 200
2026-05-29 09:30:04  INFO     uvicorn.access  172.71.215.38:13219 - "POST /api/proxy/v1/images/generations HTTP/1.1" 200
2026-05-29 09:37:56  WARNING  app.routers.api_proxy  代理上游返回 HTML 错误 [524] https://newapi-cf.qianqianye.com/v1/images/edits: <!DOCTYPE html>
<!--[if lt IE 7]> <html class="no-js ie6 oldie" lang="en-US"> <![endif]-->
<!--[if I
2026-05-29 09:38:10  INFO     uvicorn.access  172.70.100.73:12535 - "GET /api/proxy/v1/models HTTP/1.1" 200
2026-05-29 09:40:43  WARNING  app.routers.api_proxy  代理上游返回 HTML 错误 [524] https://newapi-cf.qianqianye.com/v1/images/edits: <!DOCTYPE html>
<!--[if lt IE 7]> <html class="no-js ie6 oldie" lang="en-US"> <![endif]-->
<!--[if I
2026-05-29 09:43:17  INFO     uvicorn.access  172.71.183.186:10996 - "POST /api/proxy/v1/images/edits HTTP/1.1" 200
2026-05-29 09:47:09  WARNING  app.routers.api_proxy  代理上游返回 HTML 错误 [524] https://newapi-cf.qianqianye.com/v1/images/edits: <!DOCTYPE html>
<!--[if lt IE 7]> <html class="no-js ie6 oldie" lang="en-US"> <![endif]-->
<!--[if I
2026-05-29 09:47:10  INFO     uvicorn.access  172.71.183.186:13902 - "POST /api/proxy/v1/images/edits HTTP/1.1" 200
2026-05-29 09:48:10  INFO     uvicorn.access  104.22.17.188:12968 - "HEAD / HTTP/1.1" 405
2026-05-29 09:49:59  INFO     uvicorn.access  162.159.98.205:12289 - "POST /api/proxy/v1/images/generations HTTP/1.1" 200
2026-05-29 09:51:20  WARNING  app.routers.api_proxy  代理上游返回 HTML 错误 [524] https://newapi-cf.qianqianye.com/v1/images/edits: <!DOCTYPE html>
<!--[if lt IE 7]> <html class="no-js ie6 oldie" lang="en-US"> <![endif]-->
<!--[if I
2026-05-29 09:52:30  INFO     uvicorn.access  172.71.183.185:11007 - "POST /api/proxy/v1/images/edits HTTP/1.1" 200
2026-05-29 09:52:30  WARNING  app.routers.api_proxy  代理上游返回 HTML 错误 [524] https://newapi-cf.qianqianye.com/v1/images/generations: <!DOCTYPE html>
<!--[if lt IE 7]> <html class="no-js ie6 oldie" lang="en-US"> <![endif]-->
<!--[if I
2026-05-29 09:54:10  WARNING  app.routers.api_proxy  代理上游返回 HTML 错误 [502] https://newapi-cf.qianqianye.com/v1/images/generations: <!DOCTYPE html>
<!--[if lt IE 7]> <html class="no-js ie6 oldie" lang="en-US"> <![endif]-->
<!--[if I
2026-05-29 09:54:10  INFO     uvicorn.access  162.158.179.199:11144 - "POST /api/proxy/v1/images/generations HTTP/1.1" 502
2026-05-29 09:55:26  INFO     uvicorn.access  172.70.100.74:12930 - "GET /api/proxy/v1/models HTTP/1.1" 200
2026-05-29 09:56:46  INFO     uvicorn.access  172.70.100.74:11216 - "POST /api/proxy/v1/images/generations HTTP/1.1" 200
2026-05-29 09:58:13  INFO     uvicorn.access  172.71.183.185:9917 - "POST /api/proxy/v1/images/edits HTTP/1.1" 200
2026-05-29 10:01:54  INFO     uvicorn.access  172.71.183.186:12052 - "POST /api/proxy/v1/images/generations HTTP/1.1" 200
2026-05-29 10:04:09  INFO     uvicorn.access  172.71.183.185:13726 - "POST /api/proxy/v1/images/generations HTTP/1.1" 200
2026-05-29 10:06:40  INFO     uvicorn.access  172.71.183.185:10586 - "POST /api/proxy/v1/images/generations HTTP/1.1" 200
2026-05-29 10:07:55  INFO     uvicorn.access  162.158.179.200:9513 - "POST /api/proxy/v1/images/edits HTTP/1.1" 200
2026-05-29 10:09:05  INFO     uvicorn.access  172.71.183.186:10202 - "POST /api/proxy/v1/images/generations HTTP/1.1" 200
2026-05-29 10:12:40  WARNING  app.routers.api_proxy  代理上游返回 HTML 错误 [524] https://newapi-cf.qianqianye.com/v1/images/generations: <!DOCTYPE html>
<!--[if lt IE 7]> <html class="no-js ie6 oldie" lang="en-US"> <![endif]-->
<!--[if I
2026-05-29 10:12:46  INFO     uvicorn.access  162.158.179.199:11109 - "POST /api/proxy/v1/images/edits HTTP/1.1" 200
2026-05-29 10:14:54  INFO     uvicorn.access  172.70.100.74:12418 - "POST /api/proxy/v1/images/generations HTTP/1.1" 200
2026-05-29 10:18:49  WARNING  app.routers.api_proxy  代理上游返回 HTML 错误 [524] https://newapi-cf.qianqianye.com/v1/images/edits: <!DOCTYPE html>
<!--[if lt IE 7]> <html class="no-js ie6 oldie" lang="en-US"> <![endif]-->
<!--[if I
2026-05-29 10:22:02  INFO     uvicorn.access  172.70.100.73:13331 - "POST /api/proxy/v1/images/edits HTTP/1.1" 200
2026-05-29 10:24:10  WARNING  app.routers.api_proxy  代理上游返回 HTML 错误 [502] https://newapi-cf.qianqianye.com/v1/images/edits: <!DOCTYPE html>
<!--[if lt IE 7]> <html class="no-js ie6 oldie" lang="en-US"> <![endif]-->
<!--[if I
2026-05-29 10:24:10  INFO     uvicorn.access  172.68.225.119:12146 - "POST /api/proxy/v1/images/edits HTTP/1.1" 502
2026-05-29 10:24:16  INFO     uvicorn.access  172.68.225.118:12794 - "GET /api/proxy/v1/models HTTP/1.1" 200
2026-05-29 10:26:29  WARNING  app.routers.api_proxy  代理上游返回 HTML 错误 [524] https://newapi-cf.qianqianye.com/v1/images/edits: <!DOCTYPE html>
<!--[if lt IE 7]> <html class="no-js ie6 oldie" lang="en-US"> <![endif]-->
<!--[if I
2026-05-29 10:26:55  INFO     uvicorn.access  172.71.183.185:10705 - "POST /api/proxy/v1/images/edits HTTP/1.1" 200
2026-05-29 10:29:26  INFO     uvicorn.access  162.158.193.212:12807 - "POST /api/proxy/v1/images/edits HTTP/1.1" 200
2026-05-29 10:31:21  INFO     uvicorn.access  162.159.98.204:11743 - "POST /api/proxy/v1/images/edits HTTP/1.1" 200
2026-05-29 10:38:01  INFO     uvicorn.access  172.70.47.160:12319 - "POST /api/proxy/v1/images/edits HTTP/1.1" 200
2026-05-29 10:40:02  INFO     uvicorn.access  162.158.179.199:13135 - "POST /api/proxy/v1/images/edits HTTP/1.1" 200
2026-05-29 10:41:34  INFO     uvicorn.access  172.71.95.26:9415 - "GET / HTTP/1.1" 200
2026-05-29 10:41:54  INFO     uvicorn.access  172.71.183.185:12646 - "POST /api/proxy/v1/images/edits HTTP/1.1" 200
2026-05-29 10:42:27  INFO     uvicorn.access  162.158.193.213:12891 - "POST /api/proxy/v1/images/edits HTTP/1.1" 200
2026-05-29 10:44:29  WARNING  app.routers.api_proxy  代理上游返回 HTML 错误 [502] https://newapi-cf.qianqianye.com/v1/images/edits: <!DOCTYPE html>
<!--[if lt IE 7]> <html class="no-js ie6 oldie" lang="en-US"> <![endif]-->
<!--[if I
2026-05-29 10:44:29  INFO     uvicorn.access  172.71.215.37:12320 - "POST /api/proxy/v1/images/edits HTTP/1.1" 502
2026-05-29 10:47:26  INFO     uvicorn.access  172.71.215.38:10846 - "POST /api/proxy/v1/images/edits HTTP/1.1" 200
2026-05-29 10:49:05  INFO     uvicorn.access  104.23.166.134:13139 - "POST /api/proxy/v1/images/generations HTTP/1.1" 200
2026-05-29 10:50:13  INFO     uvicorn.access  172.71.215.38:12394 - "POST /api/proxy/v1/images/edits HTTP/1.1" 200
2026-05-29 10:52:46  INFO     uvicorn.access  104.23.166.134:11805 - "POST /api/proxy/v1/images/generations HTTP/1.1" 200
2026-05-29 10:53:51  INFO     uvicorn.access  172.71.215.38:12797 - "POST /api/proxy/v1/images/edits HTTP/1.1" 200
2026-05-29 11:08:11  INFO     uvicorn.access  104.23.166.135:9242 - "GET /play HTTP/1.1" 200
2026-05-29 11:08:11  INFO     uvicorn.access  172.70.47.160:10533 - "GET /api/announcement?page=play HTTP/1.1" 200
2026-05-29 11:08:15  INFO     uvicorn.access  172.70.47.160:10533 - "GET /api/proxy/v1/models HTTP/1.1" 200
2026-05-29 11:09:45  INFO     uvicorn.access  172.70.47.160:10533 - "POST /api/proxy/v1/images/generations HTTP/1.1" 200
2026-05-29 11:38:40  INFO     uvicorn.access  172.70.47.160:13868 - "POST /api/proxy/v1/images/edits HTTP/1.1" 200
2026-05-29 12:03:20  WARNING  uvicorn.error  Invalid HTTP request received.
2026-05-29 12:12:25  INFO     uvicorn.access  172.70.47.160:11073 - "GET /play HTTP/1.1" 200
2026-05-29 12:12:26  INFO     uvicorn.access  172.71.95.118:9419 - "GET /static/js/common.js HTTP/1.1" 304
2026-05-29 12:12:27  INFO     uvicorn.access  162.159.113.64:13520 - "GET /static/css/common.css HTTP/1.1" 304
2026-05-29 12:12:27  INFO     uvicorn.access  104.23.168.49:13966 - "GET /static/js/play.js?v=1779876137 HTTP/1.1" 304
2026-05-29 12:12:27  INFO     uvicorn.access  162.159.113.12:9858 - "GET /static/css/play.css?v=1779876137 HTTP/1.1" 304
2026-05-29 12:36:34  INFO     uvicorn.access  172.71.98.55:9990 - "POST /api/proxy/v1/images/generations HTTP/1.1" 200
2026-05-29 12:39:24  INFO     uvicorn.access  104.23.170.179:12097 - "POST /api/proxy/v1/images/edits HTTP/1.1" 200
2026-05-29 12:41:29  INFO     uvicorn.access  104.23.170.179:13916 - "POST /api/proxy/v1/images/edits HTTP/1.1" 200
2026-05-29 12:43:57  INFO     uvicorn.access  172.71.95.25:11934 - "POST /api/proxy/v1/images/edits HTTP/1.1" 200
2026-05-29 12:51:16  INFO     uvicorn.access  141.101.76.54:13435 - "POST /api/proxy/v1/images/edits HTTP/1.1" 200
2026-05-29 13:15:11  INFO     uvicorn.access  104.23.170.178:11850 - "POST /api/proxy/v1/images/edits HTTP/1.1" 200
2026-05-29 13:19:03  INFO     uvicorn.access  172.71.95.26:13122 - "POST /api/proxy/v1/images/edits HTTP/1.1" 200
2026-05-29 13:25:07  INFO     uvicorn.access  172.71.95.26:12139 - "POST /api/proxy/v1/images/edits HTTP/1.1" 200
2026-05-29 13:27:19  INFO     uvicorn.access  172.71.95.26:12581 - "POST /api/proxy/v1/images/edits HTTP/1.1" 200
2026-05-29 13:30:36  INFO     uvicorn.access  172.71.95.26:13169 - "POST /api/proxy/v1/images/edits HTTP/1.1" 200
2026-05-29 14:13:43  INFO     uvicorn.access  172.68.215.11:12309 - "GET / HTTP/1.1" 200
2026-05-29 14:17:16  INFO     uvicorn.access  172.71.183.185:11450 - "POST /api/proxy/v1/images/edits HTTP/1.1" 200
2026-05-29 14:19:10  INFO     uvicorn.access  104.23.172.34:13875 - "POST /api/proxy/v1/images/edits HTTP/1.1" 200
2026-05-29 14:22:15  INFO     uvicorn.access  104.23.172.34:11622 - "POST /api/proxy/v1/images/edits HTTP/1.1" 200
2026-05-29 14:23:26  INFO     uvicorn.access  104.23.166.134:12938 - "POST /api/proxy/v1/images/edits HTTP/1.1" 200
2026-05-29 14:28:24  INFO     uvicorn.access  104.23.166.135:13854 - "POST /api/proxy/v1/images/edits HTTP/1.1" 200
2026-05-29 14:30:21  INFO     uvicorn.access  104.23.166.134:12260 - "POST /api/proxy/v1/images/edits HTTP/1.1" 200
2026-05-29 14:32:23  INFO     uvicorn.access  104.23.166.134:12227 - "POST /api/proxy/v1/images/edits HTTP/1.1" 200
2026-05-29 14:34:03  INFO     uvicorn.access  104.23.166.134:12382 - "POST /api/proxy/v1/images/edits HTTP/1.1" 200
2026-05-29 14:35:31  INFO     uvicorn.access  104.23.166.135:13642 - "POST /api/proxy/v1/images/edits HTTP/1.1" 200
2026-05-29 14:37:13  INFO     uvicorn.access  104.23.166.135:11920 - "POST /api/proxy/v1/images/edits HTTP/1.1" 200
2026-05-29 14:37:40  INFO     uvicorn.access  104.22.104.33:11630 - "GET /docs HTTP/1.1" 200
2026-05-29 14:37:59  INFO     uvicorn.access  104.23.209.74:11580 - "GET /api/announcement?page=docs HTTP/1.1" 200
2026-05-29 14:38:04  INFO     uvicorn.access  104.23.213.146:11602 - "GET /static/css/docs.css?v=1779876137 HTTP/1.1" 200
2026-05-29 14:40:51  INFO     uvicorn.access  104.23.166.134:10515 - "POST /api/proxy/v1/images/edits HTTP/1.1" 200
2026-05-29 14:44:33  WARNING  app.routers.api_proxy  代理上游返回 HTML 错误 [524] https://newapi-cf.qianqianye.com/v1/images/edits: <!DOCTYPE html>
<!--[if lt IE 7]> <html class="no-js ie6 oldie" lang="en-US"> <![endif]-->
<!--[if I
2026-05-29 14:44:40  INFO     uvicorn.access  104.23.225.88:14197 - "GET /api/proxy/v1/models HTTP/1.1" 200
2026-05-29 14:47:01  INFO     uvicorn.access  172.70.100.73:11410 - "GET /play HTTP/1.1" 200
2026-05-29 14:47:02  INFO     uvicorn.access  162.159.113.12:9311 - "GET /static/css/play.css?v=1779876137 HTTP/1.1" 304
2026-05-29 14:47:02  INFO     uvicorn.access  162.159.113.64:11776 - "GET /static/css/common.css HTTP/1.1" 304
2026-05-29 14:47:02  INFO     uvicorn.access  172.71.95.118:10418 - "GET /static/js/common.js HTTP/1.1" 304
2026-05-29 14:47:02  INFO     uvicorn.access  104.23.168.49:11797 - "GET /static/js/play.js?v=1779876137 HTTP/1.1" 304
2026-05-29 14:47:02  INFO     uvicorn.access  172.70.100.73:11410 - "GET /api/announcement?page=play HTTP/1.1" 200
2026-05-29 14:47:13  INFO     uvicorn.access  172.70.100.73:14176 - "GET /api/proxy/v1/models HTTP/1.1" 200
2026-05-29 14:49:18  INFO     uvicorn.access  104.23.225.88:10971 - "POST /api/proxy/v1/images/edits HTTP/1.1" 200
2026-05-29 14:49:47  WARNING  app.routers.api_proxy  代理请求异常: https://newapi-cf.qianqianye.com/v1/images/edits 
2026-05-29 14:50:50  INFO     uvicorn.access  104.23.225.88:10168 - "POST /api/proxy/v1/images/edits HTTP/1.1" 200
2026-05-29 14:53:46  INFO     uvicorn.access  104.23.225.89:9327 - "POST /api/proxy/v1/images/edits HTTP/1.1" 200
2026-05-29 14:56:10  INFO     uvicorn.access  104.23.166.134:9321 - "POST /api/proxy/v1/images/edits HTTP/1.1" 200
2026-05-29 14:59:25  INFO     uvicorn.access  104.23.166.135:9696 - "GET / HTTP/1.1" 200
2026-05-29 14:59:26  INFO     uvicorn.access  104.23.166.66:10910 - "GET /static/css/home.css HTTP/1.1" 304
2026-05-29 14:59:27  INFO     uvicorn.access  172.71.95.25:12553 - "GET /api/announcement?page=home HTTP/1.1" 200
2026-05-29 14:59:36  INFO     uvicorn.access  172.71.95.26:13697 - "GET /api/proxy/v1/models HTTP/1.1" 200
2026-05-29 15:01:47  INFO     uvicorn.access  104.23.166.134:11931 - "POST /api/proxy/v1/images/edits HTTP/1.1" 200
2026-05-29 15:34:38  INFO     uvicorn.access  108.162.245.214:10969 - "GET / HTTP/1.1" 200
2026-05-29 15:34:39  INFO     uvicorn.access  108.162.245.66:12132 - "GET /static/js/common.js HTTP/1.1" 200
2026-05-29 15:34:39  INFO     uvicorn.access  108.162.246.16:12821 - "GET /static/css/home.css HTTP/1.1" 200
2026-05-29 15:34:39  INFO     uvicorn.access  108.162.246.223:9245 - "GET /static/css/common.css HTTP/1.1" 200
2026-05-29 15:34:40  INFO     uvicorn.access  108.162.245.214:10969 - "GET /api/announcement?page=home HTTP/1.1" 200
2026-05-29 15:34:41  INFO     uvicorn.access  108.162.245.214:10969 - "GET /docs HTTP/1.1" 200
2026-05-29 15:34:42  INFO     uvicorn.access  108.162.246.71:13743 - "GET /static/css/docs.css?v=1779876137 HTTP/1.1" 200
2026-05-29 15:34:43  INFO     uvicorn.access  108.162.245.214:10969 - "GET /api/announcement?page=docs HTTP/1.1" 200
2026-05-29 15:46:17  INFO     uvicorn.access  162.158.175.158:12945 - "GET /robots.txt HTTP/1.1" 307
2026-05-29 15:46:17  INFO     uvicorn.access  198.41.227.8:9271 - "GET / HTTP/1.1" 200
2026-05-29 16:09:50  WARNING  uvicorn.error  Invalid HTTP request received.
2026-05-29 16:10:28  INFO     uvicorn.access  162.159.113.106:10035 - "POST /api/proxy/v1/images/edits HTTP/1.1" 200
2026-05-29 16:10:40  INFO     uvicorn.access  172.71.95.26:14046 - "GET / HTTP/1.1" 200
2026-05-29 16:24:45  INFO     uvicorn.access  172.71.183.164:12099 - "POST /api/proxy/v1/images/edits HTTP/1.1" 200
2026-05-29 16:39:29  INFO     uvicorn.access  104.23.170.178:12325 - "POST /api/proxy/v1/images/edits HTTP/1.1" 200
2026-05-29 16:46:49  INFO     uvicorn.access  104.23.172.34:14186 - "POST /api/proxy/v1/images/edits HTTP/1.1" 200
2026-05-29 16:49:34  INFO     uvicorn.access  104.23.172.35:13598 - "POST /api/proxy/v1/images/edits HTTP/1.1" 200
2026-05-29 16:53:10  INFO     uvicorn.access  104.23.172.35:13421 - "POST /api/proxy/v1/images/edits HTTP/1.1" 200
2026-05-29 16:54:46  INFO     uvicorn.access  172.70.223.18:13159 - "GET / HTTP/1.1" 200
2026-05-29 16:54:47  INFO     uvicorn.access  162.159.108.116:11196 - "GET /static/css/common.css HTTP/1.1" 304
2026-05-29 16:54:47  INFO     uvicorn.access  172.70.49.252:9959 - "GET /static/css/home.css HTTP/1.1" 304
2026-05-29 16:54:47  INFO     uvicorn.access  172.70.223.143:9563 - "GET /static/js/common.js HTTP/1.1" 304
2026-05-29 16:54:47  INFO     uvicorn.access  172.70.223.222:10263 - "GET /api/announcement?page=home HTTP/1.1" 200
2026-05-29 16:54:56  INFO     uvicorn.access  172.70.223.17:9537 - "GET /play HTTP/1.1" 200
2026-05-29 16:54:57  INFO     uvicorn.access  172.71.8.23:14082 - "GET /static/css/play.css?v=1779876137 HTTP/1.1" 304
2026-05-29 16:54:57  INFO     uvicorn.access  172.64.213.91:13439 - "GET /static/js/play.js?v=1779876137 HTTP/1.1" 304
2026-05-29 16:54:57  INFO     uvicorn.access  172.70.223.17:9537 - "GET /api/history/usage HTTP/1.1" 200
2026-05-29 16:54:57  INFO     uvicorn.access  172.70.223.17:9545 - "GET /api/history/list HTTP/1.1" 200
2026-05-29 16:54:58  INFO     uvicorn.access  172.70.223.17:9537 - "POST /api/balance/overview HTTP/1.1" 400
2026-05-29 16:54:58  INFO     uvicorn.access  172.70.223.17:9545 - "GET /gallery HTTP/1.1" 200
2026-05-29 16:54:59  INFO     uvicorn.access  172.64.215.71:12572 - "GET /static/css/gallery.css?v=1779876137 HTTP/1.1" 304
2026-05-29 16:54:59  INFO     uvicorn.access  172.70.223.231:10139 - "GET /static/js/gallery.js?v=1779876137 HTTP/1.1" 304
2026-05-29 16:54:59  INFO     uvicorn.access  172.70.223.17:9537 - "GET /api/announcement?page=gallery HTTP/1.1" 200
2026-05-29 16:54:59  INFO     uvicorn.access  172.70.223.17:9545 - "POST /auth/verify HTTP/1.1" 200
2026-05-29 16:55:00  INFO     uvicorn.access  172.70.223.17:9537 - "GET /api/gallery/liked?fingerprint=3c57f162 HTTP/1.1" 200
2026-05-29 16:55:00  INFO     uvicorn.access  172.70.223.17:9545 - "GET /api/gallery/images?page=1&sort=likes HTTP/1.1" 200
2026-05-29 16:55:00  INFO     uvicorn.access  172.71.212.10:9588 - "GET /api/gallery/avatar/IMG_8559.png HTTP/1.1" 200
2026-05-29 16:55:00  INFO     uvicorn.access  162.159.108.153:12560 - "GET /api/gallery/avatar/IMG_8578.png HTTP/1.1" 200
2026-05-29 16:55:00  INFO     uvicorn.access  172.71.8.109:13852 - "GET /api/gallery/avatar/IMG_8531.png HTTP/1.1" 200
2026-05-29 16:55:00  INFO     uvicorn.access  172.64.213.87:14103 - "GET /api/gallery/file/039985f90d01467c8aa2f27d4b719282.png HTTP/1.1" 200
2026-05-29 16:55:00  INFO     uvicorn.access  172.70.223.224:10207 - "GET /api/gallery/file/bf8659bfd921477e9b19db3dc33fb5b1.png HTTP/1.1" 200
2026-05-29 16:55:00  INFO     uvicorn.access  172.71.8.118:9270 - "GET /api/gallery/file/4146c931c3244121ae6704675aad583b.png HTTP/1.1" 200
2026-05-29 16:55:00  INFO     uvicorn.access  172.64.215.74:10886 - "GET /api/gallery/file/3afbc016ab104c9eb569ca1c3d813b39.png HTTP/1.1" 200
2026-05-29 16:55:00  INFO     uvicorn.access  172.64.213.82:12764 - "GET /api/gallery/file/504cff89cfa0457a983588b56e14224d.png HTTP/1.1" 200
2026-05-29 16:55:00  INFO     uvicorn.access  172.68.118.234:11037 - "GET /api/gallery/file/03ebfe77ba784cd4967369a9bf682555.png HTTP/1.1" 200
2026-05-29 16:55:00  INFO     uvicorn.access  162.159.108.71:10925 - "GET /api/gallery/file/5288082c3c2f480ba32bf60a2b7a0a8d.png HTTP/1.1" 200
2026-05-29 16:55:03  INFO     uvicorn.access  172.70.223.17:9537 - "GET /play HTTP/1.1" 200
2026-05-29 16:55:09  INFO     uvicorn.access  172.70.223.18:13333 - "GET /play HTTP/1.1" 200
2026-05-29 16:55:14  INFO     uvicorn.access  172.70.223.17:13023 - "GET /play HTTP/1.1" 200
2026-05-29 16:55:55  INFO     uvicorn.access  172.70.223.18:12664 - "GET /play HTTP/1.1" 200
2026-05-29 16:55:57  INFO     uvicorn.access  172.70.223.18:12664 - "GET /play HTTP/1.1" 200
2026-05-29 16:56:00  INFO     uvicorn.access  172.70.223.18:12664 - "GET /play HTTP/1.1" 200
2026-05-29 16:56:02  INFO     uvicorn.access  172.70.223.18:12664 - "GET / HTTP/1.1" 200
2026-05-29 16:56:08  INFO     uvicorn.access  172.70.206.94:10052 - "GET /api/gallery/gen-avatar/qianqianye HTTP/1.1" 200
2026-05-29 16:56:08  INFO     uvicorn.access  172.70.206.94:10054 - "GET /play HTTP/1.1" 200
2026-05-29 16:56:08  INFO     uvicorn.access  172.70.206.94:10052 - "GET /api/history/usage HTTP/1.1" 200
2026-05-29 16:56:08  INFO     uvicorn.access  172.70.206.94:10054 - "GET /api/history/list HTTP/1.1" 200
2026-05-29 16:56:08  INFO     uvicorn.access  172.70.206.94:10052 - "POST /api/balance/overview HTTP/1.1" 400
2026-05-29 16:56:32  INFO     uvicorn.access  104.23.172.35:12199 - "POST /api/proxy/v1/images/edits HTTP/1.1" 200
2026-05-29 17:00:33  INFO     uvicorn.access  172.70.206.95:10245 - "GET /api/proxy/v1/models HTTP/1.1" 401
2026-05-29 17:00:35  INFO     uvicorn.access  172.70.206.95:10245 - "GET /api/proxy/v1/models HTTP/1.1" 401
2026-05-29 17:00:39  INFO     uvicorn.access  172.70.206.95:10245 - "GET /api/proxy/v1/models HTTP/1.1" 401
2026-05-29 17:00:39  INFO     uvicorn.access  172.70.206.95:10245 - "GET /api/proxy/v1/models HTTP/1.1" 401
2026-05-29 17:00:43  INFO     uvicorn.access  172.70.206.95:10245 - "POST /api/balance/overview HTTP/1.1" 400
2026-05-29 17:00:52  INFO     uvicorn.access  172.70.206.94:12710 - "GET /api/proxy/v1/models HTTP/1.1" 200
2026-05-29 17:00:52  INFO     uvicorn.access  172.70.206.94:12710 - "POST /api/balance/overview HTTP/1.1" 400
2026-05-29 17:03:07  WARNING  app.routers.api_proxy  代理上游返回 HTML 错误 [524] https://newapi-cf.qianqianye.com/v1/images/edits: <!DOCTYPE html>
<!--[if lt IE 7]> <html class="no-js ie6 oldie" lang="en-US"> <![endif]-->
<!--[if I
2026-05-29 17:03:27  INFO     uvicorn.access  172.69.33.18:11174 - "GET /api/history/image/xiaoan/1780025156620_1296_0.png?token=eyJpZCI6IDAsICJ1c2VybmFtZSI6ICJ4aWFvYW4iLCAicm9sZSI6IDAsICJpc19hZG1pbiI6IGZhbHNlLCAiZXhwIjogMTc4MjIyMzE3NX0%3D.d97c080ac2ae57d6b42057826b9b4499 HTTP/1.1" 404
2026-05-29 17:03:27  INFO     uvicorn.access  172.70.215.103:14183 - "GET /api/history/image/xiaoan/1780039552528_3127_0.png?token=eyJpZCI6IDAsICJ1c2VybmFtZSI6ICJ4aWFvYW4iLCAicm9sZSI6IDAsICJpc19hZG1pbiI6IGZhbHNlLCAiZXhwIjogMTc4MjIyMzE3NX0%3D.d97c080ac2ae57d6b42057826b9b4499 HTTP/1.1" 404
2026-05-29 17:03:27  INFO     uvicorn.access  172.69.33.17:13262 - "GET /api/history/image/xiaoan/1780024627116_2297_0.png?token=eyJpZCI6IDAsICJ1c2VybmFtZSI6ICJ4aWFvYW4iLCAicm9sZSI6IDAsICJpc19hZG1pbiI6IGZhbHNlLCAiZXhwIjogMTc4MjIyMzE3NX0%3D.d97c080ac2ae57d6b42057826b9b4499 HTTP/1.1" 404
2026-05-29 17:03:27  INFO     uvicorn.access  172.70.215.84:13775 - "GET /api/history/image/xiaoan/1780024319848_2230_0.png?token=eyJpZCI6IDAsICJ1c2VybmFtZSI6ICJ4aWFvYW4iLCAicm9sZSI6IDAsICJpc19hZG1pbiI6IGZhbHNlLCAiZXhwIjogMTc4MjIyMzE3NX0%3D.d97c080ac2ae57d6b42057826b9b4499 HTTP/1.1" 404
2026-05-29 17:03:27  INFO     uvicorn.access  172.70.206.73:13656 - "GET /api/history/image/xiaoan/1780024008038_4408_0.png?token=eyJpZCI6IDAsICJ1c2VybmFtZSI6ICJ4aWFvYW4iLCAicm9sZSI6IDAsICJpc19hZG1pbiI6IGZhbHNlLCAiZXhwIjogMTc4MjIyMzE3NX0%3D.d97c080ac2ae57d6b42057826b9b4499 HTTP/1.1" 404
2026-05-29 17:03:27  INFO     uvicorn.access  162.158.187.147:11092 - "GET /api/history/image/xiaoan/1780024193832_8454_0.png?token=eyJpZCI6IDAsICJ1c2VybmFtZSI6ICJ4aWFvYW4iLCAicm9sZSI6IDAsICJpc19hZG1pbiI6IGZhbHNlLCAiZXhwIjogMTc4MjIyMzE3NX0%3D.d97c080ac2ae57d6b42057826b9b4499 HTTP/1.1" 404
2026-05-29 17:03:27  INFO     uvicorn.access  162.158.91.168:12844 - "GET /api/history/image/xiaoan/1780022714310_2484_0.png?token=eyJpZCI6IDAsICJ1c2VybmFtZSI6ICJ4aWFvYW4iLCAicm9sZSI6IDAsICJpc19hZG1pbiI6IGZhbHNlLCAiZXhwIjogMTc4MjIyMzE3NX0%3D.d97c080ac2ae57d6b42057826b9b4499 HTTP/1.1" 404
2026-05-29 17:03:27  INFO     uvicorn.access  172.64.217.35:12700 - "GET /api/history/image/xiaoan/1780035894443_7910_0.png?token=eyJpZCI6IDAsICJ1c2VybmFtZSI6ICJ4aWFvYW4iLCAicm9sZSI6IDAsICJpc19hZG1pbiI6IGZhbHNlLCAiZXhwIjogMTc4MjIyMzE3NX0%3D.d97c080ac2ae57d6b42057826b9b4499 HTTP/1.1" 404
2026-05-29 17:03:27  INFO     uvicorn.access  172.69.33.37:9414 - "GET /api/history/image/xiaoan/1780023684594_9539_0.png?token=eyJpZCI6IDAsICJ1c2VybmFtZSI6ICJ4aWFvYW4iLCAicm9sZSI6IDAsICJpc19hZG1pbiI6IGZhbHNlLCAiZXhwIjogMTc4MjIyMzE3NX0%3D.d97c080ac2ae57d6b42057826b9b4499 HTTP/1.1" 404
2026-05-29 17:03:27  INFO     uvicorn.access  104.23.251.131:9324 - "GET /api/history/image/xiaoan/1780024483020_2167_0.png?token=eyJpZCI6IDAsICJ1c2VybmFtZSI6ICJ4aWFvYW4iLCAicm9sZSI6IDAsICJpc19hZG1pbiI6IGZhbHNlLCAiZXhwIjogMTc4MjIyMzE3NX0%3D.d97c080ac2ae57d6b42057826b9b4499 HTTP/1.1" 404
2026-05-29 17:03:27  INFO     uvicorn.access  172.70.207.146:9933 - "GET /api/history/image/xiaoan/1780024114236_5751_0.png?token=eyJpZCI6IDAsICJ1c2VybmFtZSI6ICJ4aWFvYW4iLCAicm9sZSI6IDAsICJpc19hZG1pbiI6IGZhbHNlLCAiZXhwIjogMTc4MjIyMzE3NX0%3D.d97c080ac2ae57d6b42057826b9b4499 HTTP/1.1" 404
2026-05-29 17:03:27  INFO     uvicorn.access  162.158.187.116:9971 - "GET /api/history/image/xiaoan/1780023479729_8207_0.png?token=eyJpZCI6IDAsICJ1c2VybmFtZSI6ICJ4aWFvYW4iLCAicm9sZSI6IDAsICJpc19hZG1pbiI6IGZhbHNlLCAiZXhwIjogMTc4MjIyMzE3NX0%3D.d97c080ac2ae57d6b42057826b9b4499 HTTP/1.1" 404
2026-05-29 17:03:27  INFO     uvicorn.access  162.158.186.15:12703 - "GET /api/history/image/xiaoan/1780021460787_6325_0.png?token=eyJpZCI6IDAsICJ1c2VybmFtZSI6ICJ4aWFvYW4iLCAicm9sZSI6IDAsICJpc19hZG1pbiI6IGZhbHNlLCAiZXhwIjogMTc4MjIyMzE3NX0%3D.d97c080ac2ae57d6b42057826b9b4499 HTTP/1.1" 404
2026-05-29 17:03:27  INFO     uvicorn.access  172.70.215.118:10100 - "GET /api/history/image/xiaoan/1780023744250_4073_0.png?token=eyJpZCI6IDAsICJ1c2VybmFtZSI6ICJ4aWFvYW4iLCAicm9sZSI6IDAsICJpc19hZG1pbiI6IGZhbHNlLCAiZXhwIjogMTc4MjIyMzE3NX0%3D.d97c080ac2ae57d6b42057826b9b4499 HTTP/1.1" 404
2026-05-29 17:03:27  INFO     uvicorn.access  172.70.214.9:11820 - "GET /api/history/image/xiaoan/1780042528515_7878_0.png?token=eyJpZCI6IDAsICJ1c2VybmFtZSI6ICJ4aWFvYW4iLCAicm9sZSI6IDAsICJpc19hZG1pbiI6IGZhbHNlLCAiZXhwIjogMTc4MjIyMzE3NX0%3D.d97c080ac2ae57d6b42057826b9b4499 HTTP/1.1" 404
2026-05-29 17:03:27  INFO     uvicorn.access  162.158.91.79:13260 - "GET /api/history/image/xiaoan/1780019546028_1035_0.png?token=eyJpZCI6IDAsICJ1c2VybmFtZSI6ICJ4aWFvYW4iLCAicm9sZSI6IDAsICJpc19hZG1pbiI6IGZhbHNlLCAiZXhwIjogMTc4MjIyMzE3NX0%3D.d97c080ac2ae57d6b42057826b9b4499 HTTP/1.1" 404
2026-05-29 17:03:27  INFO     uvicorn.access  104.23.251.128:11195 - "GET /api/history/image/xiaoan/1780030198758_5413_0.png?token=eyJpZCI6IDAsICJ1c2VybmFtZSI6ICJ4aWFvYW4iLCAicm9sZSI6IDAsICJpc19hZG1pbiI6IGZhbHNlLCAiZXhwIjogMTc4MjIyMzE3NX0%3D.d97c080ac2ae57d6b42057826b9b4499 HTTP/1.1" 404
2026-05-29 17:03:27  INFO     uvicorn.access  162.158.187.116:9975 - "GET /api/history/image/xiaoan/1780019729793_9135_0.png?token=eyJpZCI6IDAsICJ1c2VybmFtZSI6ICJ4aWFvYW4iLCAicm9sZSI6IDAsICJpc19hZG1pbiI6IGZhbHNlLCAiZXhwIjogMTc4MjIyMzE3NX0%3D.d97c080ac2ae57d6b42057826b9b4499 HTTP/1.1" 404
2026-05-29 17:03:27  INFO     uvicorn.access  172.64.217.161:12343 - "GET /api/history/image/xiaoan/1780018695130_4947_0.png?token=eyJpZCI6IDAsICJ1c2VybmFtZSI6ICJ4aWFvYW4iLCAicm9sZSI6IDAsICJpc19hZG1pbiI6IGZhbHNlLCAiZXhwIjogMTc4MjIyMzE3NX0%3D.d97c080ac2ae57d6b42057826b9b4499 HTTP/1.1" 404
2026-05-29 17:03:27  INFO     uvicorn.access  172.70.214.73:11422 - "GET /api/history/image/xiaoan/1780020911422_1420_0.png?token=eyJpZCI6IDAsICJ1c2VybmFtZSI6ICJ4aWFvYW4iLCAicm9sZSI6IDAsICJpc19hZG1pbiI6IGZhbHNlLCAiZXhwIjogMTc4MjIyMzE3NX0%3D.d97c080ac2ae57d6b42057826b9b4499 HTTP/1.1" 404
2026-05-29 17:03:27  INFO     uvicorn.access  172.70.215.88:10110 - "GET /api/history/image/xiaoan/1780021321868_8514_0.png?token=eyJpZCI6IDAsICJ1c2VybmFtZSI6ICJ4aWFvYW4iLCAicm9sZSI6IDAsICJpc19hZG1pbiI6IGZhbHNlLCAiZXhwIjogMTc4MjIyMzE3NX0%3D.d97c080ac2ae57d6b42057826b9b4499 HTTP/1.1" 404
2026-05-29 17:03:27  INFO     uvicorn.access  162.158.91.158:11684 - "GET /api/history/image/xiaoan/1780025281726_9641_0.png?token=eyJpZCI6IDAsICJ1c2VybmFtZSI6ICJ4aWFvYW4iLCAicm9sZSI6IDAsICJpc19hZG1pbiI6IGZhbHNlLCAiZXhwIjogMTc4MjIyMzE3NX0%3D.d97c080ac2ae57d6b42057826b9b4499 HTTP/1.1" 404
2026-05-29 17:03:27  INFO     uvicorn.access  172.70.206.16:9304 - "GET /api/history/image/xiaoan/1780020803373_9412_0.png?token=eyJpZCI6IDAsICJ1c2VybmFtZSI6ICJ4aWFvYW4iLCAicm9sZSI6IDAsICJpc19hZG1pbiI6IGZhbHNlLCAiZXhwIjogMTc4MjIyMzE3NX0%3D.d97c080ac2ae57d6b42057826b9b4499 HTTP/1.1" 404
2026-05-29 17:03:27  INFO     uvicorn.access  172.70.215.24:11374 - "GET /api/history/image/xiaoan/1780046294340_4811_0.png?token=eyJpZCI6IDAsICJ1c2VybmFtZSI6ICJ4aWFvYW4iLCAicm9sZSI6IDAsICJpc19hZG1pbiI6IGZhbHNlLCAiZXhwIjogMTc4MjIyMzE3NX0%3D.d97c080ac2ae57d6b42057826b9b4499 HTTP/1.1" 404
2026-05-29 17:03:27  INFO     uvicorn.access  172.70.206.170:9866 - "GET /api/history/image/xiaoan/1780021053071_4438_0.png?token=eyJpZCI6IDAsICJ1c2VybmFtZSI6ICJ4aWFvYW4iLCAicm9sZSI6IDAsICJpc19hZG1pbiI6IGZhbHNlLCAiZXhwIjogMTc4MjIyMzE3NX0%3D.d97c080ac2ae57d6b42057826b9b4499 HTTP/1.1" 404
2026-05-29 17:03:27  INFO     uvicorn.access  104.23.251.180:10938 - "GET /api/history/image/xiaoan/1780023898755_6259_0.png?token=eyJpZCI6IDAsICJ1c2VybmFtZSI6ICJ4aWFvYW4iLCAicm9sZSI6IDAsICJpc19hZG1pbiI6IGZhbHNlLCAiZXhwIjogMTc4MjIyMzE3NX0%3D.d97c080ac2ae57d6b42057826b9b4499 HTTP/1.1" 404
2026-05-29 17:03:27  INFO     uvicorn.access  172.70.214.249:9987 - "GET /api/history/image/xiaoan/1780019096266_9243_0.png?token=eyJpZCI6IDAsICJ1c2VybmFtZSI6ICJ4aWFvYW4iLCAicm9sZSI6IDAsICJpc19hZG1pbiI6IGZhbHNlLCAiZXhwIjogMTc4MjIyMzE3NX0%3D.d97c080ac2ae57d6b42057826b9b4499 HTTP/1.1" 404
2026-05-29 17:03:27  INFO     uvicorn.access  172.64.217.120:13425 - "GET /api/history/image/xiaoan/1780021188876_6197_0.png?token=eyJpZCI6IDAsICJ1c2VybmFtZSI6ICJ4aWFvYW4iLCAicm9sZSI6IDAsICJpc19hZG1pbiI6IGZhbHNlLCAiZXhwIjogMTc4MjIyMzE3NX0%3D.d97c080ac2ae57d6b42057826b9b4499 HTTP/1.1" 404
2026-05-29 17:03:27  INFO     uvicorn.access  172.70.214.83:10944 - "GET /api/history/image/xiaoan/1780018846570_4454_0.png?token=eyJpZCI6IDAsICJ1c2VybmFtZSI6ICJ4aWFvYW4iLCAicm9sZSI6IDAsICJpc19hZG1pbiI6IGZhbHNlLCAiZXhwIjogMTc4MjIyMzE3NX0%3D.d97c080ac2ae57d6b42057826b9b4499 HTTP/1.1" 404
2026-05-29 17:03:29  INFO     uvicorn.access  172.70.206.151:9824 - "GET /api/history/image/xiaoan/1780021667353_5310_0.png?token=eyJpZCI6IDAsICJ1c2VybmFtZSI6ICJ4aWFvYW4iLCAicm9sZSI6IDAsICJpc19hZG1pbiI6IGZhbHNlLCAiZXhwIjogMTc4MjIyMzE3NX0%3D.d97c080ac2ae57d6b42057826b9b4499 HTTP/1.1" 404
2026-05-29 17:27:36  INFO     uvicorn.access  85.217.140.34:52848 - "GET / HTTP/1.1" 200
2026-05-29 17:31:17  INFO     uvicorn.access  104.23.172.34:11827 - "POST /api/proxy/v1/images/edits HTTP/1.1" 200
2026-05-29 17:34:46  WARNING  app.routers.api_proxy  代理请求网络错误: https://newapi-cf.qianqianye.com/v1/images/edits Response payload is not completed: <TransferEncodingError: 400, message='Not enough data to satisfy transfer length header.'>. ConnectionResetError(104, 'Connection reset by peer')
2026-05-29 17:34:46  INFO     uvicorn.access  172.71.183.164:9796 - "POST /api/proxy/v1/images/edits HTTP/1.1" 502
2026-05-29 17:41:02  INFO     uvicorn.access  172.71.103.138:11326 - "POST /api/proxy/v1/images/edits HTTP/1.1" 200
2026-05-29 17:41:23  INFO     uvicorn.access  85.217.140.24:54108 - "GET / HTTP/1.1" 200
2026-05-29 18:00:32  INFO     uvicorn.access  172.71.98.54:9922 - "POST /api/proxy/v1/images/edits HTTP/1.1" 200
2026-05-29 18:04:10  INFO     uvicorn.access  172.71.98.54:12127 - "GET /play HTTP/1.1" 200
2026-05-29 18:04:10  INFO     uvicorn.access  172.71.95.118:13265 - "GET /static/js/common.js HTTP/1.1" 304
2026-05-29 18:04:10  INFO     uvicorn.access  162.159.113.65:13599 - "GET /static/css/common.css HTTP/1.1" 304
2026-05-29 18:04:10  INFO     uvicorn.access  162.159.113.12:11477 - "GET /static/css/play.css?v=1779876137 HTTP/1.1" 304
2026-05-29 18:04:10  INFO     uvicorn.access  104.23.168.49:9912 - "GET /static/js/play.js?v=1779876137 HTTP/1.1" 304
2026-05-29 18:04:11  INFO     uvicorn.access  172.71.98.54:12127 - "GET /api/announcement?page=play HTTP/1.1" 200
2026-05-29 18:04:28  INFO     uvicorn.access  172.71.98.54:11726 - "GET /api/proxy/v1/models HTTP/1.1" 200
2026-05-29 18:05:46  INFO     uvicorn.access  172.71.98.54:11733 - "POST /api/proxy/v1/images/edits HTTP/1.1" 200
2026-05-29 18:09:42  INFO     uvicorn.access  104.23.170.178:11518 - "POST /api/proxy/v1/images/edits HTTP/1.1" 200
2026-05-29 18:11:35  INFO     uvicorn.access  104.23.170.178:12110 - "POST /api/proxy/v1/images/edits HTTP/1.1" 200
2026-05-29 18:24:06  INFO     uvicorn.access  141.101.76.54:14188 - "POST /api/proxy/v1/images/edits HTTP/1.1" 200
2026-05-29 18:29:55  INFO     uvicorn.access  104.23.170.179:10749 - "POST /api/proxy/v1/images/edits HTTP/1.1" 200
2026-05-29 18:34:06  INFO     uvicorn.access  172.71.103.137:9735 - "POST /api/proxy/v1/images/edits HTTP/1.1" 200
2026-05-29 18:38:38  INFO     uvicorn.access  141.101.76.54:11035 - "POST /api/proxy/v1/images/edits HTTP/1.1" 200
2026-05-29 18:42:10  INFO     uvicorn.access  104.23.166.134:11474 - "POST /api/proxy/v1/images/edits HTTP/1.1" 200
2026-05-29 18:44:01  INFO     uvicorn.access  104.23.166.134:11772 - "POST /api/proxy/v1/images/edits HTTP/1.1" 200
2026-05-29 18:48:22  INFO     uvicorn.access  87.236.176.224:48923 - "GET / HTTP/1.1" 200
2026-05-29 19:00:19  INFO     uvicorn.access  172.70.47.160:12165 - "POST /api/proxy/v1/images/edits HTTP/1.1" 200
2026-05-29 19:02:50  INFO     uvicorn.access  162.158.74.37:12851 - "GET / HTTP/1.1" 200
2026-05-29 19:07:37  INFO     uvicorn.access  104.23.172.35:10887 - "POST /api/proxy/v1/images/edits HTTP/1.1" 200
2026-05-29 19:10:42  INFO     uvicorn.access  104.23.166.135:9868 - "POST /api/proxy/v1/images/edits HTTP/1.1" 200
2026-05-29 19:16:37  INFO     uvicorn.access  104.23.170.179:13084 - "POST /api/proxy/v1/images/edits HTTP/1.1" 200
2026-05-29 19:36:52  INFO     uvicorn.access  45.79.115.59:45495 - "GET / HTTP/1.1" 200
2026-05-29 19:45:10  INFO     uvicorn.access  172.70.58.112:13352 - "GET / HTTP/1.1" 200
2026-05-29 19:49:59  INFO     uvicorn.access  108.162.237.36:13500 - "GET /robots.txt HTTP/1.1" 307
2026-05-29 19:49:59  INFO     uvicorn.access  172.69.71.74:10663 - "GET / HTTP/1.1" 200
2026-05-29 20:36:53  WARNING  uvicorn.error  Invalid HTTP request received.
2026-05-29 20:51:38  INFO     uvicorn.access  45.79.149.50:3078 - "GET / HTTP/1.1" 200
2026-05-29 21:07:12  INFO     uvicorn.access  172.68.205.166:14123 - "GET / HTTP/1.1" 200
2026-05-29 21:53:14  WARNING  uvicorn.error  Invalid HTTP request received.
2026-05-29 21:53:25  INFO     uvicorn.access  47.250.147.131:32992 - "GET / HTTP/1.1" 200
2026-05-29 21:53:25  INFO     uvicorn.access  47.250.147.131:33000 - "GET / HTTP/1.1" 200
2026-05-29 21:54:05  INFO     uvicorn.access  123.160.223.75:46342 - "GET / HTTP/1.1" 200
2026-05-29 21:54:40  INFO     uvicorn.access  123.160.223.73:2358 - "GET / HTTP/1.1" 200
2026-05-29 23:22:39  INFO     uvicorn.access  172.68.215.47:9392 - "GET / HTTP/1.1" 200
2026-05-30 00:38:39  INFO     uvicorn.access  172.69.79.168:14147 - "GET / HTTP/1.1" 200
2026-05-30 00:39:19  INFO     uvicorn.access  172.71.194.67:12374 - "GET /docs HTTP/1.1" 200
2026-05-30 01:11:04  INFO     uvicorn.access  162.159.98.205:14248 - "POST /api/proxy/v1/images/edits HTTP/1.1" 200
2026-05-30 01:11:08  INFO     uvicorn.access  162.159.98.205:14248 - "POST /api/history/save HTTP/1.1" 200
2026-05-30 01:11:09  INFO     uvicorn.access  162.159.98.205:14248 - "GET /api/history/usage HTTP/1.1" 200
2026-05-30 01:54:18  INFO     uvicorn.access  162.158.178.120:13906 - "POST /api/proxy/v1/images/edits HTTP/1.1" 200
2026-05-30 01:54:23  INFO     uvicorn.access  162.158.178.120:13906 - "POST /api/history/save HTTP/1.1" 200
2026-05-30 01:54:23  INFO     uvicorn.access  162.158.178.120:13906 - "GET /api/history/usage HTTP/1.1" 200
2026-05-30 01:58:35  INFO     uvicorn.access  172.71.210.15:9683 - "POST /api/proxy/v1/images/edits HTTP/1.1" 200
2026-05-30 01:58:40  INFO     uvicorn.access  172.71.210.15:9683 - "POST /api/history/save HTTP/1.1" 200
2026-05-30 01:58:41  INFO     uvicorn.access  172.71.210.15:9683 - "GET /api/history/usage HTTP/1.1" 200
2026-05-30 02:02:16  INFO     uvicorn.access  162.158.178.121:10666 - "POST /api/proxy/v1/images/edits HTTP/1.1" 200
2026-05-30 02:02:20  INFO     uvicorn.access  162.158.178.121:10666 - "POST /api/history/save HTTP/1.1" 200
2026-05-30 02:02:20  INFO     uvicorn.access  162.158.178.121:10666 - "GET /api/history/usage HTTP/1.1" 200
2026-05-30 02:04:23  INFO     uvicorn.access  162.158.178.121:13168 - "POST /api/proxy/v1/images/edits HTTP/1.1" 200
2026-05-30 02:04:27  INFO     uvicorn.access  162.158.178.121:13168 - "POST /api/history/save HTTP/1.1" 200
2026-05-30 02:04:27  INFO     uvicorn.access  162.158.178.121:13168 - "GET /api/history/usage HTTP/1.1" 200
2026-05-30 02:07:31  INFO     uvicorn.access  162.158.178.120:13575 - "POST /api/proxy/v1/images/edits HTTP/1.1" 200
2026-05-30 02:07:39  INFO     uvicorn.access  162.158.178.120:13575 - "POST /api/history/save HTTP/1.1" 200
2026-05-30 02:07:40  INFO     uvicorn.access  162.158.178.120:13575 - "GET /api/history/usage HTTP/1.1" 200
2026-05-30 02:13:41  INFO     uvicorn.access  104.23.225.88:9398 - "POST /api/proxy/v1/images/edits HTTP/1.1" 200
2026-05-30 02:13:45  INFO     uvicorn.access  104.23.225.88:9398 - "POST /api/history/save HTTP/1.1" 200
2026-05-30 02:13:45  INFO     uvicorn.access  104.23.225.88:9398 - "GET /api/history/usage HTTP/1.1" 200
2026-05-30 02:18:58  INFO     uvicorn.access  162.158.193.213:10423 - "POST /api/proxy/v1/images/edits HTTP/1.1" 200
2026-05-30 02:19:06  INFO     uvicorn.access  162.158.193.213:11564 - "POST /api/history/save HTTP/1.1" 200
2026-05-30 02:19:06  INFO     uvicorn.access  162.158.193.213:11564 - "GET /api/history/usage HTTP/1.1" 200
2026-05-30 02:25:28  INFO     uvicorn.access  172.68.225.118:10740 - "POST /api/proxy/v1/images/edits HTTP/1.1" 200
2026-05-30 02:25:36  INFO     uvicorn.access  172.68.225.119:12831 - "POST /api/history/save HTTP/1.1" 200
2026-05-30 02:25:37  INFO     uvicorn.access  172.68.225.119:12831 - "GET /api/history/usage HTTP/1.1" 200
2026-05-30 02:29:36  INFO     uvicorn.access  172.71.215.37:11898 - "POST /api/proxy/v1/images/edits HTTP/1.1" 200
2026-05-30 02:29:40  INFO     uvicorn.access  172.71.215.37:11898 - "POST /api/history/save HTTP/1.1" 200
2026-05-30 02:29:40  INFO     uvicorn.access  172.71.215.37:11898 - "GET /api/history/usage HTTP/1.1" 200
2026-05-30 02:32:06  INFO     uvicorn.access  172.71.215.37:9867 - "POST /api/proxy/v1/images/edits HTTP/1.1" 200
2026-05-30 02:32:10  INFO     uvicorn.access  172.71.215.37:9867 - "POST /api/history/save HTTP/1.1" 200
2026-05-30 02:32:10  INFO     uvicorn.access  172.71.215.37:9867 - "GET /api/history/usage HTTP/1.1" 200
2026-05-30 02:35:45  INFO     uvicorn.access  162.158.178.121:12771 - "POST /api/proxy/v1/images/edits HTTP/1.1" 200
2026-05-30 02:35:48  INFO     uvicorn.access  162.158.178.121:12771 - "POST /api/history/save HTTP/1.1" 200
2026-05-30 02:35:48  INFO     uvicorn.access  162.158.178.121:12771 - "GET /api/history/usage HTTP/1.1" 200
2026-05-30 02:39:07  INFO     uvicorn.access  162.158.178.120:13593 - "POST /api/proxy/v1/images/edits HTTP/1.1" 200
2026-05-30 02:39:10  INFO     uvicorn.access  162.158.178.120:13593 - "POST /api/history/save HTTP/1.1" 200
2026-05-30 02:39:11  INFO     uvicorn.access  162.158.178.120:13593 - "GET /api/history/usage HTTP/1.1" 200
2026-05-30 02:43:12  INFO     uvicorn.access  172.71.210.14:13476 - "POST /api/proxy/v1/images/edits HTTP/1.1" 200
2026-05-30 02:43:17  INFO     uvicorn.access  172.71.210.14:13476 - "POST /api/history/save HTTP/1.1" 200
2026-05-30 02:43:17  INFO     uvicorn.access  172.71.210.14:13476 - "GET /api/history/usage HTTP/1.1" 200
2026-05-30 02:45:42  INFO     uvicorn.access  172.71.210.15:12075 - "POST /api/proxy/v1/images/generations HTTP/1.1" 200
2026-05-30 02:45:46  INFO     uvicorn.access  172.71.210.15:12075 - "POST /api/history/save HTTP/1.1" 200
2026-05-30 02:45:46  INFO     uvicorn.access  172.71.210.15:12075 - "GET /api/history/usage HTTP/1.1" 200
2026-05-30 02:47:12  INFO     uvicorn.access  172.71.210.15:14052 - "POST /api/proxy/v1/images/generations HTTP/1.1" 200
2026-05-30 02:47:16  INFO     uvicorn.access  172.71.210.15:14052 - "POST /api/history/save HTTP/1.1" 200
2026-05-30 02:47:17  INFO     uvicorn.access  172.71.210.15:14052 - "GET /api/history/usage HTTP/1.1" 200
2026-05-30 02:51:44  INFO     uvicorn.access  172.71.215.37:10119 - "POST /api/proxy/v1/images/edits HTTP/1.1" 200
2026-05-30 02:51:54  INFO     uvicorn.access  172.71.215.37:10650 - "POST /api/history/save HTTP/1.1" 200
2026-05-30 02:51:54  INFO     uvicorn.access  172.71.215.37:10650 - "GET /api/history/usage HTTP/1.1" 200
2026-05-30 02:56:59  INFO     uvicorn.access  172.68.225.118:10718 - "POST /api/proxy/v1/images/edits HTTP/1.1" 200
2026-05-30 02:57:02  INFO     uvicorn.access  172.68.225.118:10718 - "POST /api/history/save HTTP/1.1" 200
2026-05-30 02:57:03  INFO     uvicorn.access  172.68.225.118:10718 - "GET /api/history/usage HTTP/1.1" 200
2026-05-30 03:00:12  INFO     uvicorn.access  172.68.225.118:10302 - "POST /api/proxy/v1/images/edits HTTP/1.1" 200
2026-05-30 03:00:19  INFO     uvicorn.access  172.68.225.118:10302 - "POST /api/history/save HTTP/1.1" 200
2026-05-30 03:00:20  INFO     uvicorn.access  172.68.225.118:10302 - "GET /api/history/usage HTTP/1.1" 200
2026-05-30 03:16:53  INFO     uvicorn.access  172.71.215.38:12193 - "POST /api/proxy/v1/images/edits HTTP/1.1" 200
2026-05-30 03:17:01  INFO     uvicorn.access  172.71.215.38:10919 - "POST /api/history/save HTTP/1.1" 200
2026-05-30 03:17:02  INFO     uvicorn.access  172.71.215.38:10919 - "GET /api/history/usage HTTP/1.1" 200
2026-05-30 03:20:15  INFO     uvicorn.access  172.68.211.155:11682 - "POST /api/proxy/v1/images/edits HTTP/1.1" 200
2026-05-30 03:20:18  INFO     uvicorn.access  172.68.211.155:11682 - "POST /api/history/save HTTP/1.1" 200
2026-05-30 03:20:19  INFO     uvicorn.access  172.68.211.155:11682 - "GET /api/history/usage HTTP/1.1" 200
2026-05-30 03:24:53  INFO     uvicorn.access  162.158.178.121:9275 - "POST /api/proxy/v1/images/edits HTTP/1.1" 200
2026-05-30 03:24:57  INFO     uvicorn.access  162.158.178.121:9275 - "POST /api/history/save HTTP/1.1" 200
2026-05-30 03:24:57  INFO     uvicorn.access  162.158.178.121:9275 - "GET /api/history/usage HTTP/1.1" 200
2026-05-30 03:29:50  INFO     uvicorn.access  162.158.193.213:14105 - "POST /api/proxy/v1/images/edits HTTP/1.1" 200
2026-05-30 03:29:57  INFO     uvicorn.access  162.158.193.213:14105 - "POST /api/history/save HTTP/1.1" 200
2026-05-30 03:29:57  INFO     uvicorn.access  162.158.193.213:14105 - "GET /api/history/usage HTTP/1.1" 200
2026-05-30 03:31:36  INFO     uvicorn.access  162.158.193.212:10315 - "POST /api/proxy/v1/images/edits HTTP/1.1" 200
2026-05-30 03:31:47  INFO     uvicorn.access  162.158.193.213:10183 - "POST /api/history/save HTTP/1.1" 200
2026-05-30 03:31:47  INFO     uvicorn.access  162.158.193.213:10183 - "GET /api/history/usage HTTP/1.1" 200
2026-05-30 03:47:44  INFO     uvicorn.access  162.159.98.205:12707 - "POST /api/proxy/v1/images/edits HTTP/1.1" 200
2026-05-30 03:47:56  INFO     uvicorn.access  162.159.98.205:9801 - "POST /api/history/save HTTP/1.1" 200
2026-05-30 03:47:57  INFO     uvicorn.access  162.159.98.205:9801 - "GET /api/history/usage HTTP/1.1" 200
2026-05-30 03:52:58  INFO     uvicorn.access  162.159.98.205:13474 - "POST /api/proxy/v1/images/edits HTTP/1.1" 200
2026-05-30 03:53:10  INFO     uvicorn.access  162.159.98.205:14184 - "POST /api/history/save HTTP/1.1" 200
2026-05-30 03:53:10  INFO     uvicorn.access  162.159.98.205:14184 - "GET /api/history/usage HTTP/1.1" 200
2026-05-30 03:56:48  WARNING  app.routers.api_proxy  代理上游返回 HTML 错误 [524] https://newapi-cf.qianqianye.com/v1/images/edits: <!DOCTYPE html>
<!--[if lt IE 7]> <html class="no-js ie6 oldie" lang="en-US"> <![endif]-->
<!--[if I
2026-05-30 03:57:58  INFO     uvicorn.access  172.71.210.14:13158 - "POST /api/proxy/v1/images/edits HTTP/1.1" 200
2026-05-30 03:58:03  INFO     uvicorn.access  172.71.210.14:13158 - "POST /api/history/save HTTP/1.1" 200
2026-05-30 03:58:04  INFO     uvicorn.access  172.71.210.14:13158 - "GET /api/history/usage HTTP/1.1" 200
2026-05-30 03:59:26  INFO     uvicorn.access  172.71.210.14:12974 - "POST /api/proxy/v1/images/edits HTTP/1.1" 200
2026-05-30 03:59:33  INFO     uvicorn.access  172.71.210.14:11902 - "POST /api/history/save HTTP/1.1" 200
2026-05-30 03:59:34  INFO     uvicorn.access  172.71.210.14:11902 - "GET /api/history/usage HTTP/1.1" 200
2026-05-30 04:01:02  INFO     uvicorn.access  172.71.210.14:12806 - "POST /api/proxy/v1/images/edits HTTP/1.1" 200
2026-05-30 04:01:10  INFO     uvicorn.access  172.71.210.15:12235 - "POST /api/history/save HTTP/1.1" 200
2026-05-30 04:01:10  INFO     uvicorn.access  172.71.210.15:12235 - "GET /api/history/usage HTTP/1.1" 200
2026-05-30 04:36:34  INFO     uvicorn.access  172.105.128.12:11308 - "GET / HTTP/1.1" 200
2026-05-30 05:02:59  INFO     uvicorn.access  162.158.193.212:13166 - "POST /api/proxy/v1/images/edits HTTP/1.1" 200
2026-05-30 05:03:04  INFO     uvicorn.access  162.158.193.212:13166 - "POST /api/history/save HTTP/1.1" 200
2026-05-30 05:03:04  INFO     uvicorn.access  162.158.193.212:13166 - "GET /api/history/usage HTTP/1.1" 200
2026-05-30 05:06:08  INFO     uvicorn.access  162.158.193.213:12861 - "POST /api/proxy/v1/images/edits HTTP/1.1" 200
2026-05-30 05:06:14  INFO     uvicorn.access  162.158.193.213:12861 - "POST /api/history/save HTTP/1.1" 200
2026-05-30 05:06:14  INFO     uvicorn.access  162.158.193.213:12861 - "GET /api/history/usage HTTP/1.1" 200
2026-05-30 05:09:25  INFO     uvicorn.access  172.71.95.25:14106 - "GET / HTTP/1.1" 200
2026-05-30 05:09:33  INFO     uvicorn.access  104.23.170.178:10636 - "GET /play HTTP/1.1" 200
2026-05-30 05:09:34  INFO     uvicorn.access  162.159.113.64:13807 - "GET /static/css/common.css HTTP/1.1" 304
2026-05-30 05:09:34  INFO     uvicorn.access  162.159.113.12:10780 - "GET /static/css/play.css?v=1779876137 HTTP/1.1" 304
2026-05-30 05:09:34  INFO     uvicorn.access  172.71.95.118:11698 - "GET /static/js/common.js HTTP/1.1" 200
2026-05-30 05:09:35  INFO     uvicorn.access  104.23.168.48:12613 - "GET /static/js/play.js?v=1779876137 HTTP/1.1" 304
2026-05-30 05:09:39  INFO     uvicorn.access  162.158.108.102:11054 - "GET /api/announcement?page=play HTTP/1.1" 200
2026-05-30 05:09:43  INFO     uvicorn.access  162.158.108.102:11054 - "GET /play HTTP/1.1" 200
2026-05-30 05:09:44  INFO     uvicorn.access  162.158.108.102:11054 - "GET /api/announcement?page=play HTTP/1.1" 200
2026-05-30 05:09:44  INFO     uvicorn.access  172.69.176.81:9852 - "GET /static/js/play.js?v=1779876137 HTTP/1.1" 304
2026-05-30 05:09:57  INFO     uvicorn.access  162.158.108.102:13965 - "GET /api/history/usage HTTP/1.1" 200
2026-05-30 05:09:57  INFO     uvicorn.access  162.158.108.103:12446 - "GET /api/history/list HTTP/1.1" 200
2026-05-30 05:10:18  INFO     uvicorn.access  162.158.108.54:9502 - "GET /api/history/image/auto/1780113483884_5463_0.png?token=eyJpZCI6IDAsICJ1c2VybmFtZSI6ICJhdXRvIiwgInJvbGUiOiAwLCAiaXNfYWRtaW4iOiBmYWxzZSwgImV4cCI6IDE3ODIyNzIzODB9.fd32d1ad822efda076fa5b2e9d62191f HTTP/1.1" 404
2026-05-30 05:10:18  INFO     uvicorn.access  172.70.189.88:13269 - "GET /api/history/image/auto/1780117384312_9338_0.png?token=eyJpZCI6IDAsICJ1c2VybmFtZSI6ICJhdXRvIiwgInJvbGUiOiAwLCAiaXNfYWRtaW4iOiBmYWxzZSwgImV4cCI6IDE3ODIyNzIzODB9.fd32d1ad822efda076fa5b2e9d62191f HTTP/1.1" 404
2026-05-30 05:10:18  INFO     uvicorn.access  104.23.175.224:12993 - "GET /api/history/image/auto/1780113190688_8443_0.png?token=eyJpZCI6IDAsICJ1c2VybmFtZSI6ICJhdXRvIiwgInJvbGUiOiAwLCAiaXNfYWRtaW4iOiBmYWxzZSwgImV4cCI6IDE3ODIyNzIzODB9.fd32d1ad822efda076fa5b2e9d62191f HTTP/1.1" 404
2026-05-30 05:10:18  INFO     uvicorn.access  162.158.171.18:13057 - "GET /api/history/image/auto/1780111907469_9651_0.png?token=eyJpZCI6IDAsICJ1c2VybmFtZSI6ICJhdXRvIiwgInJvbGUiOiAwLCAiaXNfYWRtaW4iOiBmYWxzZSwgImV4cCI6IDE3ODIyNzIzODB9.fd32d1ad822efda076fa5b2e9d62191f HTTP/1.1" 404
2026-05-30 05:10:18  INFO     uvicorn.access  104.23.175.23:14029 - "GET /api/history/image/auto/1780113573719_3197_0.png?token=eyJpZCI6IDAsICJ1c2VybmFtZSI6ICJhdXRvIiwgInJvbGUiOiAwLCAiaXNfYWRtaW4iOiBmYWxzZSwgImV4cCI6IDE3ODIyNzIzODB9.fd32d1ad822efda076fa5b2e9d62191f HTTP/1.1" 404
2026-05-30 05:10:18  INFO     uvicorn.access  172.71.82.70:10601 - "GET /api/history/image/auto/1780113670143_9967_0.png?token=eyJpZCI6IDAsICJ1c2VybmFtZSI6ICJhdXRvIiwgInJvbGUiOiAwLCAiaXNfYWRtaW4iOiBmYWxzZSwgImV4cCI6IDE3ODIyNzIzODB9.fd32d1ad822efda076fa5b2e9d62191f HTTP/1.1" 404
2026-05-30 05:10:18  INFO     uvicorn.access  104.23.175.68:10815 - "GET /api/history/image/auto/1780117574221_4810_0.png?token=eyJpZCI6IDAsICJ1c2VybmFtZSI6ICJhdXRvIiwgInJvbGUiOiAwLCAiaXNfYWRtaW4iOiBmYWxzZSwgImV4cCI6IDE3ODIyNzIzODB9.fd32d1ad822efda076fa5b2e9d62191f HTTP/1.1" 404
2026-05-30 05:10:18  INFO     uvicorn.access  172.68.164.133:12224 - "GET /api/history/image/auto/1780112876272_1283_0.png?token=eyJpZCI6IDAsICJ1c2VybmFtZSI6ICJhdXRvIiwgInJvbGUiOiAwLCAiaXNfYWRtaW4iOiBmYWxzZSwgImV4cCI6IDE3ODIyNzIzODB9.fd32d1ad822efda076fa5b2e9d62191f HTTP/1.1" 404
2026-05-30 05:10:19  INFO     uvicorn.access  162.158.190.46:12338 - "GET /api/history/image/auto/1780109822690_1416_0.png?token=eyJpZCI6IDAsICJ1c2VybmFtZSI6ICJhdXRvIiwgInJvbGUiOiAwLCAiaXNfYWRtaW4iOiBmYWxzZSwgImV4cCI6IDE3ODIyNzIzODB9.fd32d1ad822efda076fa5b2e9d62191f HTTP/1.1" 404
2026-05-30 05:10:19  INFO     uvicorn.access  162.158.88.102:10544 - "GET /api/history/image/auto/1780109236801_3573_0.png?token=eyJpZCI6IDAsICJ1c2VybmFtZSI6ICJhdXRvIiwgInJvbGUiOiAwLCAiaXNfYWRtaW4iOiBmYWxzZSwgImV4cCI6IDE3ODIyNzIzODB9.fd32d1ad822efda076fa5b2e9d62191f HTTP/1.1" 404
2026-05-30 05:10:19  INFO     uvicorn.access  162.158.88.113:14328 - "GET /api/history/image/auto/1780111497551_1016_0.png?token=eyJpZCI6IDAsICJ1c2VybmFtZSI6ICJhdXRvIiwgInJvbGUiOiAwLCAiaXNfYWRtaW4iOiBmYWxzZSwgImV4cCI6IDE3ODIyNzIzODB9.fd32d1ad822efda076fa5b2e9d62191f HTTP/1.1" 404
2026-05-30 05:10:19  INFO     uvicorn.access  172.69.176.121:12372 - "GET /api/history/image/auto/1780111218872_2760_0.png?token=eyJpZCI6IDAsICJ1c2VybmFtZSI6ICJhdXRvIiwgInJvbGUiOiAwLCAiaXNfYWRtaW4iOiBmYWxzZSwgImV4cCI6IDE3ODIyNzIzODB9.fd32d1ad822efda076fa5b2e9d62191f HTTP/1.1" 404
2026-05-30 05:10:19  INFO     uvicorn.access  162.158.88.89:10687 - "GET /api/history/image/auto/1780111797419_8270_0.png?token=eyJpZCI6IDAsICJ1c2VybmFtZSI6ICJhdXRvIiwgInJvbGUiOiAwLCAiaXNfYWRtaW4iOiBmYWxzZSwgImV4cCI6IDE3ODIyNzIzODB9.fd32d1ad822efda076fa5b2e9d62191f HTTP/1.1" 404
2026-05-30 05:10:19  INFO     uvicorn.access  172.71.82.8:9508 - "GET /api/history/image/auto/1780110019861_7109_0.png?token=eyJpZCI6IDAsICJ1c2VybmFtZSI6ICJhdXRvIiwgInJvbGUiOiAwLCAiaXNfYWRtaW4iOiBmYWxzZSwgImV4cCI6IDE3ODIyNzIzODB9.fd32d1ad822efda076fa5b2e9d62191f HTTP/1.1" 404
2026-05-30 05:10:19  INFO     uvicorn.access  104.22.66.146:9925 - "GET /api/history/image/auto/1780109514384_4416_0.png?token=eyJpZCI6IDAsICJ1c2VybmFtZSI6ICJhdXRvIiwgInJvbGUiOiAwLCAiaXNfYWRtaW4iOiBmYWxzZSwgImV4cCI6IDE3ODIyNzIzODB9.fd32d1ad822efda076fa5b2e9d62191f HTTP/1.1" 404
2026-05-30 05:10:19  INFO     uvicorn.access  162.158.170.237:9680 - "GET /api/history/image/auto/1780111021723_2584_0.png?token=eyJpZCI6IDAsICJ1c2VybmFtZSI6ICJhdXRvIiwgInJvbGUiOiAwLCAiaXNfYWRtaW4iOiBmYWxzZSwgImV4cCI6IDE3ODIyNzIzODB9.fd32d1ad822efda076fa5b2e9d62191f HTTP/1.1" 404
2026-05-30 05:10:20  INFO     uvicorn.access  104.23.175.118:13845 - "GET /api/history/image/auto/1780108997506_8718_0.png?token=eyJpZCI6IDAsICJ1c2VybmFtZSI6ICJhdXRvIiwgInJvbGUiOiAwLCAiaXNfYWRtaW4iOiBmYWxzZSwgImV4cCI6IDE3ODIyNzIzODB9.fd32d1ad822efda076fa5b2e9d62191f HTTP/1.1" 404
2026-05-30 05:10:20  INFO     uvicorn.access  172.68.164.142:14318 - "GET /api/history/image/auto/1780108548502_7434_0.png?token=eyJpZCI6IDAsICJ1c2VybmFtZSI6ICJhdXRvIiwgInJvbGUiOiAwLCAiaXNfYWRtaW4iOiBmYWxzZSwgImV4cCI6IDE3ODIyNzIzODB9.fd32d1ad822efda076fa5b2e9d62191f HTTP/1.1" 404
2026-05-30 05:10:20  INFO     uvicorn.access  172.70.93.106:11549 - "GET /api/history/image/auto/1780108180124_3000_0.png?token=eyJpZCI6IDAsICJ1c2VybmFtZSI6ICJhdXRvIiwgInJvbGUiOiAwLCAiaXNfYWRtaW4iOiBmYWxzZSwgImV4cCI6IDE3ODIyNzIzODB9.fd32d1ad822efda076fa5b2e9d62191f HTTP/1.1" 404
2026-05-30 05:10:20  INFO     uvicorn.access  172.71.124.163:9446 - "GET /api/history/image/auto/1780108750962_1224_0.png?token=eyJpZCI6IDAsICJ1c2VybmFtZSI6ICJhdXRvIiwgInJvbGUiOiAwLCAiaXNfYWRtaW4iOiBmYWxzZSwgImV4cCI6IDE3ODIyNzIzODB9.fd32d1ad822efda076fa5b2e9d62191f HTTP/1.1" 404
2026-05-30 05:10:20  INFO     uvicorn.access  162.158.107.84:13433 - "GET /api/history/image/auto/1780108330551_8758_0.png?token=eyJpZCI6IDAsICJ1c2VybmFtZSI6ICJhdXRvIiwgInJvbGUiOiAwLCAiaXNfYWRtaW4iOiBmYWxzZSwgImV4cCI6IDE3ODIyNzIzODB9.fd32d1ad822efda076fa5b2e9d62191f HTTP/1.1" 404
2026-05-30 05:10:20  INFO     uvicorn.access  172.71.124.136:9376 - "GET /api/history/image/auto/1780107546171_4585_0.png?token=eyJpZCI6IDAsICJ1c2VybmFtZSI6ICJhdXRvIiwgInJvbGUiOiAwLCAiaXNfYWRtaW4iOiBmYWxzZSwgImV4cCI6IDE3ODIyNzIzODB9.fd32d1ad822efda076fa5b2e9d62191f HTTP/1.1" 404
2026-05-30 05:10:20  INFO     uvicorn.access  172.69.176.149:14162 - "GET /api/history/image/auto/1780107936762_8548_0.png?token=eyJpZCI6IDAsICJ1c2VybmFtZSI6ICJhdXRvIiwgInJvbGUiOiAwLCAiaXNfYWRtaW4iOiBmYWxzZSwgImV4cCI6IDE3ODIyNzIzODB9.fd32d1ad822efda076fa5b2e9d62191f HTTP/1.1" 404
2026-05-30 05:10:20  INFO     uvicorn.access  104.23.175.151:11607 - "GET /api/history/image/auto/1780109146019_6599_0.png?token=eyJpZCI6IDAsICJ1c2VybmFtZSI6ICJhdXRvIiwgInJvbGUiOiAwLCAiaXNfYWRtaW4iOiBmYWxzZSwgImV4cCI6IDE3ODIyNzIzODB9.fd32d1ad822efda076fa5b2e9d62191f HTTP/1.1" 404
2026-05-30 05:10:21  INFO     uvicorn.access  104.23.175.11:10074 - "GET /api/history/image/auto/1780107225033_9546_0.png?token=eyJpZCI6IDAsICJ1c2VybmFtZSI6ICJhdXRvIiwgInJvbGUiOiAwLCAiaXNfYWRtaW4iOiBmYWxzZSwgImV4cCI6IDE3ODIyNzIzODB9.fd32d1ad822efda076fa5b2e9d62191f HTTP/1.1" 404
2026-05-30 05:10:21  INFO     uvicorn.access  172.70.142.105:9433 - "GET /api/history/image/auto/1780106859972_8852_0.png?token=eyJpZCI6IDAsICJ1c2VybmFtZSI6ICJhdXRvIiwgInJvbGUiOiAwLCAiaXNfYWRtaW4iOiBmYWxzZSwgImV4cCI6IDE3ODIyNzIzODB9.fd32d1ad822efda076fa5b2e9d62191f HTTP/1.1" 404
2026-05-30 05:10:21  INFO     uvicorn.access  172.68.164.9:9517 - "GET /api/history/image/auto/1780106667638_6458_0.png?token=eyJpZCI6IDAsICJ1c2VybmFtZSI6ICJhdXRvIiwgInJvbGUiOiAwLCAiaXNfYWRtaW4iOiBmYWxzZSwgImV4cCI6IDE3ODIyNzIzODB9.fd32d1ad822efda076fa5b2e9d62191f HTTP/1.1" 404
2026-05-30 05:10:21  INFO     uvicorn.access  172.70.188.7:12344 - "GET /api/history/image/auto/1780106320967_7820_0.png?token=eyJpZCI6IDAsICJ1c2VybmFtZSI6ICJhdXRvIiwgInJvbGUiOiAwLCAiaXNfYWRtaW4iOiBmYWxzZSwgImV4cCI6IDE3ODIyNzIzODB9.fd32d1ad822efda076fa5b2e9d62191f HTTP/1.1" 404
2026-05-30 05:10:21  INFO     uvicorn.access  172.70.208.35:14027 - "GET /api/history/image/auto/1780106063163_2974_0.png?token=eyJpZCI6IDAsICJ1c2VybmFtZSI6ICJhdXRvIiwgInJvbGUiOiAwLCAiaXNfYWRtaW4iOiBmYWxzZSwgImV4cCI6IDE3ODIyNzIzODB9.fd32d1ad822efda076fa5b2e9d62191f HTTP/1.1" 404
2026-05-30 05:10:21  INFO     uvicorn.access  104.22.66.89:13029 - "GET /api/history/image/auto/1780103468904_6841_0.png?token=eyJpZCI6IDAsICJ1c2VybmFtZSI6ICJhdXRvIiwgInJvbGUiOiAwLCAiaXNfYWRtaW4iOiBmYWxzZSwgImV4cCI6IDE3ODIyNzIzODB9.fd32d1ad822efda076fa5b2e9d62191f HTTP/1.1" 404
2026-05-30 05:10:21  INFO     uvicorn.access  172.70.93.21:9330 - "GET /api/history/image/auto/1780106540528_4602_0.png?token=eyJpZCI6IDAsICJ1c2VybmFtZSI6ICJhdXRvIiwgInJvbGUiOiAwLCAiaXNfYWRtaW4iOiBmYWxzZSwgImV4cCI6IDE3ODIyNzIzODB9.fd32d1ad822efda076fa5b2e9d62191f HTTP/1.1" 404
2026-05-30 05:10:34  INFO     uvicorn.access  162.158.108.103:14208 - "GET /play HTTP/1.1" 200
2026-05-30 05:10:35  INFO     uvicorn.access  162.158.108.103:14208 - "GET /api/announcement?page=play HTTP/1.1" 200
2026-05-30 05:10:35  INFO     uvicorn.access  162.158.108.103:14215 - "GET /api/history/usage HTTP/1.1" 200
2026-05-30 05:10:35  INFO     uvicorn.access  162.158.108.103:14219 - "GET /api/history/list HTTP/1.1" 200
2026-05-30 05:10:39  INFO     uvicorn.access  162.158.108.103:14208 - "GET /api/proxy/v1/models HTTP/1.1" 200
2026-05-30 05:11:02  INFO     uvicorn.access  162.158.190.123:11578 - "GET /api/history/image/auto/1779961832782_3719_0.png?token=eyJpZCI6IDAsICJ1c2VybmFtZSI6ICJhdXRvIiwgInJvbGUiOiAwLCAiaXNfYWRtaW4iOiBmYWxzZSwgImV4cCI6IDE3ODIyNzIzODB9.fd32d1ad822efda076fa5b2e9d62191f HTTP/1.1" 404
2026-05-30 05:11:02  INFO     uvicorn.access  172.70.93.111:14155 - "GET /api/history/image/auto/1779961215224_3382_0.png?token=eyJpZCI6IDAsICJ1c2VybmFtZSI6ICJhdXRvIiwgInJvbGUiOiAwLCAiaXNfYWRtaW4iOiBmYWxzZSwgImV4cCI6IDE3ODIyNzIzODB9.fd32d1ad822efda076fa5b2e9d62191f HTTP/1.1" 404
2026-05-30 05:11:02  INFO     uvicorn.access  172.69.165.23:12743 - "GET /api/history/image/auto/1779962052357_2295_0.png?token=eyJpZCI6IDAsICJ1c2VybmFtZSI6ICJhdXRvIiwgInJvbGUiOiAwLCAiaXNfYWRtaW4iOiBmYWxzZSwgImV4cCI6IDE3ODIyNzIzODB9.fd32d1ad822efda076fa5b2e9d62191f HTTP/1.1" 404
2026-05-30 05:11:02  INFO     uvicorn.access  172.69.176.72:11726 - "GET /api/history/image/auto/1779961716160_8819_0.png?token=eyJpZCI6IDAsICJ1c2VybmFtZSI6ICJhdXRvIiwgInJvbGUiOiAwLCAiaXNfYWRtaW4iOiBmYWxzZSwgImV4cCI6IDE3ODIyNzIzODB9.fd32d1ad822efda076fa5b2e9d62191f HTTP/1.1" 404
2026-05-30 05:11:02  INFO     uvicorn.access  162.158.170.122:9960 - "GET /api/history/image/auto/1779961961080_1208_0.png?token=eyJpZCI6IDAsICJ1c2VybmFtZSI6ICJhdXRvIiwgInJvbGUiOiAwLCAiaXNfYWRtaW4iOiBmYWxzZSwgImV4cCI6IDE3ODIyNzIzODB9.fd32d1ad822efda076fa5b2e9d62191f HTTP/1.1" 404
2026-05-30 05:11:02  INFO     uvicorn.access  172.71.124.10:11463 - "GET /api/history/image/auto/1779962311626_4653_0.png?token=eyJpZCI6IDAsICJ1c2VybmFtZSI6ICJhdXRvIiwgInJvbGUiOiAwLCAiaXNfYWRtaW4iOiBmYWxzZSwgImV4cCI6IDE3ODIyNzIzODB9.fd32d1ad822efda076fa5b2e9d62191f HTTP/1.1" 404
2026-05-30 05:11:02  INFO     uvicorn.access  172.69.176.126:13650 - "GET /api/history/image/auto/1779961544710_8176_0.png?token=eyJpZCI6IDAsICJ1c2VybmFtZSI6ICJhdXRvIiwgInJvbGUiOiAwLCAiaXNfYWRtaW4iOiBmYWxzZSwgImV4cCI6IDE3ODIyNzIzODB9.fd32d1ad822efda076fa5b2e9d62191f HTTP/1.1" 404
2026-05-30 05:11:02  INFO     uvicorn.access  172.68.242.123:11432 - "GET /api/history/image/auto/1779961405556_5192_0.png?token=eyJpZCI6IDAsICJ1c2VybmFtZSI6ICJhdXRvIiwgInJvbGUiOiAwLCAiaXNfYWRtaW4iOiBmYWxzZSwgImV4cCI6IDE3ODIyNzIzODB9.fd32d1ad822efda076fa5b2e9d62191f HTTP/1.1" 404
2026-05-30 05:11:02  INFO     uvicorn.access  162.158.88.100:11528 - "GET /api/history/image/auto/1780030198758_5413_0.png?token=eyJpZCI6IDAsICJ1c2VybmFtZSI6ICJhdXRvIiwgInJvbGUiOiAwLCAiaXNfYWRtaW4iOiBmYWxzZSwgImV4cCI6IDE3ODIyNzIzODB9.fd32d1ad822efda076fa5b2e9d62191f HTTP/1.1" 404
2026-05-30 05:11:02  INFO     uvicorn.access  172.69.176.148:11093 - "GET /api/history/image/auto/1780042528515_7878_0.png?token=eyJpZCI6IDAsICJ1c2VybmFtZSI6ICJhdXRvIiwgInJvbGUiOiAwLCAiaXNfYWRtaW4iOiBmYWxzZSwgImV4cCI6IDE3ODIyNzIzODB9.fd32d1ad822efda076fa5b2e9d62191f HTTP/1.1" 404
2026-05-30 05:11:02  INFO     uvicorn.access  162.158.162.152:13368 - "GET /api/history/image/auto/1780025281726_9641_0.png?token=eyJpZCI6IDAsICJ1c2VybmFtZSI6ICJhdXRvIiwgInJvbGUiOiAwLCAiaXNfYWRtaW4iOiBmYWxzZSwgImV4cCI6IDE3ODIyNzIzODB9.fd32d1ad822efda076fa5b2e9d62191f HTTP/1.1" 404
2026-05-30 05:11:02  INFO     uvicorn.access  172.68.164.81:12853 - "GET /api/history/image/auto/1780046294340_4811_0.png?token=eyJpZCI6IDAsICJ1c2VybmFtZSI6ICJhdXRvIiwgInJvbGUiOiAwLCAiaXNfYWRtaW4iOiBmYWxzZSwgImV4cCI6IDE3ODIyNzIzODB9.fd32d1ad822efda076fa5b2e9d62191f HTTP/1.1" 404
2026-05-30 05:11:02  INFO     uvicorn.access  172.68.164.80:13815 - "GET /api/history/image/auto/1780039552528_3127_0.png?token=eyJpZCI6IDAsICJ1c2VybmFtZSI6ICJhdXRvIiwgInJvbGUiOiAwLCAiaXNfYWRtaW4iOiBmYWxzZSwgImV4cCI6IDE3ODIyNzIzODB9.fd32d1ad822efda076fa5b2e9d62191f HTTP/1.1" 404
2026-05-30 05:11:02  INFO     uvicorn.access  162.158.108.4:12511 - "GET /api/history/image/auto/1780035894443_7910_0.png?token=eyJpZCI6IDAsICJ1c2VybmFtZSI6ICJhdXRvIiwgInJvbGUiOiAwLCAiaXNfYWRtaW4iOiBmYWxzZSwgImV4cCI6IDE3ODIyNzIzODB9.fd32d1ad822efda076fa5b2e9d62191f HTTP/1.1" 404
2026-05-30 05:11:03  INFO     uvicorn.access  172.70.142.116:13158 - "GET /api/history/image/auto/1779960407377_2449_0.png?token=eyJpZCI6IDAsICJ1c2VybmFtZSI6ICJhdXRvIiwgInJvbGUiOiAwLCAiaXNfYWRtaW4iOiBmYWxzZSwgImV4cCI6IDE3ODIyNzIzODB9.fd32d1ad822efda076fa5b2e9d62191f HTTP/1.1" 404
2026-05-30 05:11:03  INFO     uvicorn.access  172.70.142.146:13032 - "GET /api/history/image/auto/1779960342023_2416_0.png?token=eyJpZCI6IDAsICJ1c2VybmFtZSI6ICJhdXRvIiwgInJvbGUiOiAwLCAiaXNfYWRtaW4iOiBmYWxzZSwgImV4cCI6IDE3ODIyNzIzODB9.fd32d1ad822efda076fa5b2e9d62191f HTTP/1.1" 404
2026-05-30 05:11:03  INFO     uvicorn.access  172.71.124.89:10250 - "GET /api/history/image/auto/1779956364237_7086_0.png?token=eyJpZCI6IDAsICJ1c2VybmFtZSI6ICJhdXRvIiwgInJvbGUiOiAwLCAiaXNfYWRtaW4iOiBmYWxzZSwgImV4cCI6IDE3ODIyNzIzODB9.fd32d1ad822efda076fa5b2e9d62191f HTTP/1.1" 404
2026-05-30 05:11:03  INFO     uvicorn.access  162.158.88.30:11094 - "GET /api/history/image/auto/1779960251292_6948_0.png?token=eyJpZCI6IDAsICJ1c2VybmFtZSI6ICJhdXRvIiwgInJvbGUiOiAwLCAiaXNfYWRtaW4iOiBmYWxzZSwgImV4cCI6IDE3ODIyNzIzODB9.fd32d1ad822efda076fa5b2e9d62191f HTTP/1.1" 404
2026-05-30 05:11:03  INFO     uvicorn.access  162.158.108.7:14174 - "GET /api/history/image/auto/1779960069110_2232_0.png?token=eyJpZCI6IDAsICJ1c2VybmFtZSI6ICJhdXRvIiwgInJvbGUiOiAwLCAiaXNfYWRtaW4iOiBmYWxzZSwgImV4cCI6IDE3ODIyNzIzODB9.fd32d1ad822efda076fa5b2e9d62191f HTTP/1.1" 404
2026-05-30 05:11:03  INFO     uvicorn.access  172.71.152.43:12149 - "GET /api/history/image/auto/1779959869460_4267_0.png?token=eyJpZCI6IDAsICJ1c2VybmFtZSI6ICJhdXRvIiwgInJvbGUiOiAwLCAiaXNfYWRtaW4iOiBmYWxzZSwgImV4cCI6IDE3ODIyNzIzODB9.fd32d1ad822efda076fa5b2e9d62191f HTTP/1.1" 404
2026-05-30 05:11:03  INFO     uvicorn.access  172.71.152.7:11184 - "GET /api/history/image/auto/1779958879070_9428_0.png?token=eyJpZCI6IDAsICJ1c2VybmFtZSI6ICJhdXRvIiwgInJvbGUiOiAwLCAiaXNfYWRtaW4iOiBmYWxzZSwgImV4cCI6IDE3ODIyNzIzODB9.fd32d1ad822efda076fa5b2e9d62191f HTTP/1.1" 404
2026-05-30 05:11:03  INFO     uvicorn.access  172.68.242.92:9360 - "GET /api/history/image/auto/1779959715347_9327_0.png?token=eyJpZCI6IDAsICJ1c2VybmFtZSI6ICJhdXRvIiwgInJvbGUiOiAwLCAiaXNfYWRtaW4iOiBmYWxzZSwgImV4cCI6IDE3ODIyNzIzODB9.fd32d1ad822efda076fa5b2e9d62191f HTTP/1.1" 404
2026-05-30 05:11:04  INFO     uvicorn.access  172.71.81.193:13965 - "GET /api/history/image/auto/1779954484920_2601_0.png?token=eyJpZCI6IDAsICJ1c2VybmFtZSI6ICJhdXRvIiwgInJvbGUiOiAwLCAiaXNfYWRtaW4iOiBmYWxzZSwgImV4cCI6IDE3ODIyNzIzODB9.fd32d1ad822efda076fa5b2e9d62191f HTTP/1.1" 404
2026-05-30 05:11:04  INFO     uvicorn.access  162.158.170.106:12624 - "GET /api/history/image/auto/1779953186194_3626_0.png?token=eyJpZCI6IDAsICJ1c2VybmFtZSI6ICJhdXRvIiwgInJvbGUiOiAwLCAiaXNfYWRtaW4iOiBmYWxzZSwgImV4cCI6IDE3ODIyNzIzODB9.fd32d1ad822efda076fa5b2e9d62191f HTTP/1.1" 404
2026-05-30 05:11:04  INFO     uvicorn.access  162.158.189.40:13867 - "GET /api/history/image/auto/1779953630749_6373_0.png?token=eyJpZCI6IDAsICJ1c2VybmFtZSI6ICJhdXRvIiwgInJvbGUiOiAwLCAiaXNfYWRtaW4iOiBmYWxzZSwgImV4cCI6IDE3ODIyNzIzODB9.fd32d1ad822efda076fa5b2e9d62191f HTTP/1.1" 404
2026-05-30 05:11:04  INFO     uvicorn.access  162.158.162.51:10003 - "GET /api/history/image/auto/1779951685659_4985_0.png?token=eyJpZCI6IDAsICJ1c2VybmFtZSI6ICJhdXRvIiwgInJvbGUiOiAwLCAiaXNfYWRtaW4iOiBmYWxzZSwgImV4cCI6IDE3ODIyNzIzODB9.fd32d1ad822efda076fa5b2e9d62191f HTTP/1.1" 404
2026-05-30 05:11:04  INFO     uvicorn.access  104.22.66.158:13724 - "GET /api/history/image/auto/1779952492326_5657_0.png?token=eyJpZCI6IDAsICJ1c2VybmFtZSI6ICJhdXRvIiwgInJvbGUiOiAwLCAiaXNfYWRtaW4iOiBmYWxzZSwgImV4cCI6IDE3ODIyNzIzODB9.fd32d1ad822efda076fa5b2e9d62191f HTTP/1.1" 404
2026-05-30 05:11:04  INFO     uvicorn.access  172.69.176.21:11462 - "GET /api/history/image/auto/1780025156620_1296_0.png?token=eyJpZCI6IDAsICJ1c2VybmFtZSI6ICJhdXRvIiwgInJvbGUiOiAwLCAiaXNfYWRtaW4iOiBmYWxzZSwgImV4cCI6IDE3ODIyNzIzODB9.fd32d1ad822efda076fa5b2e9d62191f HTTP/1.1" 404
2026-05-30 05:11:04  INFO     uvicorn.access  172.69.166.32:10495 - "GET /api/history/image/auto/1779951050241_4002_0.png?token=eyJpZCI6IDAsICJ1c2VybmFtZSI6ICJhdXRvIiwgInJvbGUiOiAwLCAiaXNfYWRtaW4iOiBmYWxzZSwgImV4cCI6IDE3ODIyNzIzODB9.fd32d1ad822efda076fa5b2e9d62191f HTTP/1.1" 404
2026-05-30 05:11:04  INFO     uvicorn.access  162.158.108.77:13238 - "GET /api/history/image/auto/1780024627116_2297_0.png?token=eyJpZCI6IDAsICJ1c2VybmFtZSI6ICJhdXRvIiwgInJvbGUiOiAwLCAiaXNfYWRtaW4iOiBmYWxzZSwgImV4cCI6IDE3ODIyNzIzODB9.fd32d1ad822efda076fa5b2e9d62191f HTTP/1.1" 404
2026-05-30 05:11:05  INFO     uvicorn.access  172.68.164.78:12124 - "GET /api/history/image/auto/1780024483020_2167_0.png?token=eyJpZCI6IDAsICJ1c2VybmFtZSI6ICJhdXRvIiwgInJvbGUiOiAwLCAiaXNfYWRtaW4iOiBmYWxzZSwgImV4cCI6IDE3ODIyNzIzODB9.fd32d1ad822efda076fa5b2e9d62191f HTTP/1.1" 404
2026-05-30 05:11:05  INFO     uvicorn.access  172.71.124.198:12029 - "GET /api/history/image/auto/1780024319848_2230_0.png?token=eyJpZCI6IDAsICJ1c2VybmFtZSI6ICJhdXRvIiwgInJvbGUiOiAwLCAiaXNfYWRtaW4iOiBmYWxzZSwgImV4cCI6IDE3ODIyNzIzODB9.fd32d1ad822efda076fa5b2e9d62191f HTTP/1.1" 404
2026-05-30 05:11:05  INFO     uvicorn.access  172.70.143.184:10629 - "GET /api/history/image/auto/1780023898755_6259_0.png?token=eyJpZCI6IDAsICJ1c2VybmFtZSI6ICJhdXRvIiwgInJvbGUiOiAwLCAiaXNfYWRtaW4iOiBmYWxzZSwgImV4cCI6IDE3ODIyNzIzODB9.fd32d1ad822efda076fa5b2e9d62191f HTTP/1.1" 404
2026-05-30 05:11:05  INFO     uvicorn.access  172.70.93.83:11220 - "GET /api/history/image/auto/1780023684594_9539_0.png?token=eyJpZCI6IDAsICJ1c2VybmFtZSI6ICJhdXRvIiwgInJvbGUiOiAwLCAiaXNfYWRtaW4iOiBmYWxzZSwgImV4cCI6IDE3ODIyNzIzODB9.fd32d1ad822efda076fa5b2e9d62191f HTTP/1.1" 404
2026-05-30 05:11:05  INFO     uvicorn.access  162.158.170.80:10010 - "GET /api/history/image/auto/1780024008038_4408_0.png?token=eyJpZCI6IDAsICJ1c2VybmFtZSI6ICJhdXRvIiwgInJvbGUiOiAwLCAiaXNfYWRtaW4iOiBmYWxzZSwgImV4cCI6IDE3ODIyNzIzODB9.fd32d1ad822efda076fa5b2e9d62191f HTTP/1.1" 404
2026-05-30 05:11:05  INFO     uvicorn.access  172.70.208.166:9754 - "GET /api/history/image/auto/1780024114236_5751_0.png?token=eyJpZCI6IDAsICJ1c2VybmFtZSI6ICJhdXRvIiwgInJvbGUiOiAwLCAiaXNfYWRtaW4iOiBmYWxzZSwgImV4cCI6IDE3ODIyNzIzODB9.fd32d1ad822efda076fa5b2e9d62191f HTTP/1.1" 404
2026-05-30 05:11:05  INFO     uvicorn.access  172.69.176.87:9690 - "GET /api/history/image/auto/1780024193832_8454_0.png?token=eyJpZCI6IDAsICJ1c2VybmFtZSI6ICJhdXRvIiwgInJvbGUiOiAwLCAiaXNfYWRtaW4iOiBmYWxzZSwgImV4cCI6IDE3ODIyNzIzODB9.fd32d1ad822efda076fa5b2e9d62191f HTTP/1.1" 404
2026-05-30 05:11:05  INFO     uvicorn.access  172.70.142.176:10509 - "GET /api/history/image/auto/1780023744250_4073_0.png?token=eyJpZCI6IDAsICJ1c2VybmFtZSI6ICJhdXRvIiwgInJvbGUiOiAwLCAiaXNfYWRtaW4iOiBmYWxzZSwgImV4cCI6IDE3ODIyNzIzODB9.fd32d1ad822efda076fa5b2e9d62191f HTTP/1.1" 404
2026-05-30 05:11:05  INFO     uvicorn.access  172.69.176.104:12230 - "GET /api/history/image/auto/1780023479729_8207_0.png?token=eyJpZCI6IDAsICJ1c2VybmFtZSI6ICJhdXRvIiwgInJvbGUiOiAwLCAiaXNfYWRtaW4iOiBmYWxzZSwgImV4cCI6IDE3ODIyNzIzODB9.fd32d1ad822efda076fa5b2e9d62191f HTTP/1.1" 404
2026-05-30 05:11:06  INFO     uvicorn.access  172.71.124.139:13791 - "GET /api/history/image/auto/1780021667353_5310_0.png?token=eyJpZCI6IDAsICJ1c2VybmFtZSI6ICJhdXRvIiwgInJvbGUiOiAwLCAiaXNfYWRtaW4iOiBmYWxzZSwgImV4cCI6IDE3ODIyNzIzODB9.fd32d1ad822efda076fa5b2e9d62191f HTTP/1.1" 404
2026-05-30 05:11:06  INFO     uvicorn.access  162.158.108.119:11395 - "GET /api/history/image/auto/1780022714310_2484_0.png?token=eyJpZCI6IDAsICJ1c2VybmFtZSI6ICJhdXRvIiwgInJvbGUiOiAwLCAiaXNfYWRtaW4iOiBmYWxzZSwgImV4cCI6IDE3ODIyNzIzODB9.fd32d1ad822efda076fa5b2e9d62191f HTTP/1.1" 404
2026-05-30 05:11:06  INFO     uvicorn.access  172.69.176.15:12661 - "GET /api/history/image/auto/1780021460787_6325_0.png?token=eyJpZCI6IDAsICJ1c2VybmFtZSI6ICJhdXRvIiwgInJvbGUiOiAwLCAiaXNfYWRtaW4iOiBmYWxzZSwgImV4cCI6IDE3ODIyNzIzODB9.fd32d1ad822efda076fa5b2e9d62191f HTTP/1.1" 404
2026-05-30 05:11:06  INFO     uvicorn.access  172.70.142.158:13941 - "GET /api/history/image/auto/1780021188876_6197_0.png?token=eyJpZCI6IDAsICJ1c2VybmFtZSI6ICJhdXRvIiwgInJvbGUiOiAwLCAiaXNfYWRtaW4iOiBmYWxzZSwgImV4cCI6IDE3ODIyNzIzODB9.fd32d1ad822efda076fa5b2e9d62191f HTTP/1.1" 404
2026-05-30 05:11:06  INFO     uvicorn.access  172.70.208.17:13197 - "GET /api/history/image/auto/1780020911422_1420_0.png?token=eyJpZCI6IDAsICJ1c2VybmFtZSI6ICJhdXRvIiwgInJvbGUiOiAwLCAiaXNfYWRtaW4iOiBmYWxzZSwgImV4cCI6IDE3ODIyNzIzODB9.fd32d1ad822efda076fa5b2e9d62191f HTTP/1.1" 404
2026-05-30 05:11:06  INFO     uvicorn.access  162.158.190.115:12115 - "GET /api/history/image/auto/1780020803373_9412_0.png?token=eyJpZCI6IDAsICJ1c2VybmFtZSI6ICJhdXRvIiwgInJvbGUiOiAwLCAiaXNfYWRtaW4iOiBmYWxzZSwgImV4cCI6IDE3ODIyNzIzODB9.fd32d1ad822efda076fa5b2e9d62191f HTTP/1.1" 404
2026-05-30 05:11:06  INFO     uvicorn.access  172.70.93.19:13744 - "GET /api/history/image/auto/1780021321868_8514_0.png?token=eyJpZCI6IDAsICJ1c2VybmFtZSI6ICJhdXRvIiwgInJvbGUiOiAwLCAiaXNfYWRtaW4iOiBmYWxzZSwgImV4cCI6IDE3ODIyNzIzODB9.fd32d1ad822efda076fa5b2e9d62191f HTTP/1.1" 404
2026-05-30 05:11:06  INFO     uvicorn.access  108.162.227.93:10275 - "GET /api/history/image/auto/1780021053071_4438_0.png?token=eyJpZCI6IDAsICJ1c2VybmFtZSI6ICJhdXRvIiwgInJvbGUiOiAwLCAiaXNfYWRtaW4iOiBmYWxzZSwgImV4cCI6IDE3ODIyNzIzODB9.fd32d1ad822efda076fa5b2e9d62191f HTTP/1.1" 404
2026-05-30 05:11:06  INFO     uvicorn.access  162.158.108.9:13217 - "GET /api/history/image/auto/1780019729793_9135_0.png?token=eyJpZCI6IDAsICJ1c2VybmFtZSI6ICJhdXRvIiwgInJvbGUiOiAwLCAiaXNfYWRtaW4iOiBmYWxzZSwgImV4cCI6IDE3ODIyNzIzODB9.fd32d1ad822efda076fa5b2e9d62191f HTTP/1.1" 404
2026-05-30 05:11:06  INFO     uvicorn.access  172.71.124.30:10234 - "GET /api/history/image/auto/1780019546028_1035_0.png?token=eyJpZCI6IDAsICJ1c2VybmFtZSI6ICJhdXRvIiwgInJvbGUiOiAwLCAiaXNfYWRtaW4iOiBmYWxzZSwgImV4cCI6IDE3ODIyNzIzODB9.fd32d1ad822efda076fa5b2e9d62191f HTTP/1.1" 404
2026-05-30 05:11:09  INFO     uvicorn.access  172.69.176.91:12397 - "GET /api/history/image/auto/1780018846570_4454_0.png?token=eyJpZCI6IDAsICJ1c2VybmFtZSI6ICJhdXRvIiwgInJvbGUiOiAwLCAiaXNfYWRtaW4iOiBmYWxzZSwgImV4cCI6IDE3ODIyNzIzODB9.fd32d1ad822efda076fa5b2e9d62191f HTTP/1.1" 404
2026-05-30 05:11:09  INFO     uvicorn.access  172.70.142.74:13093 - "GET /api/history/image/auto/1780019096266_9243_0.png?token=eyJpZCI6IDAsICJ1c2VybmFtZSI6ICJhdXRvIiwgInJvbGUiOiAwLCAiaXNfYWRtaW4iOiBmYWxzZSwgImV4cCI6IDE3ODIyNzIzODB9.fd32d1ad822efda076fa5b2e9d62191f HTTP/1.1" 404
2026-05-30 05:11:09  INFO     uvicorn.access  162.158.108.153:12550 - "GET /api/history/image/auto/1780017409604_9400_0.png?token=eyJpZCI6IDAsICJ1c2VybmFtZSI6ICJhdXRvIiwgInJvbGUiOiAwLCAiaXNfYWRtaW4iOiBmYWxzZSwgImV4cCI6IDE3ODIyNzIzODB9.fd32d1ad822efda076fa5b2e9d62191f HTTP/1.1" 404
2026-05-30 05:11:09  INFO     uvicorn.access  162.158.106.126:12910 - "GET /api/history/image/auto/1780017519767_5763_0.png?token=eyJpZCI6IDAsICJ1c2VybmFtZSI6ICJhdXRvIiwgInJvbGUiOiAwLCAiaXNfYWRtaW4iOiBmYWxzZSwgImV4cCI6IDE3ODIyNzIzODB9.fd32d1ad822efda076fa5b2e9d62191f HTTP/1.1" 404
2026-05-30 05:11:09  INFO     uvicorn.access  172.68.164.94:10474 - "GET /api/history/image/auto/1780018170199_3902_0.png?token=eyJpZCI6IDAsICJ1c2VybmFtZSI6ICJhdXRvIiwgInJvbGUiOiAwLCAiaXNfYWRtaW4iOiBmYWxzZSwgImV4cCI6IDE3ODIyNzIzODB9.fd32d1ad822efda076fa5b2e9d62191f HTTP/1.1" 404
2026-05-30 05:11:09  INFO     uvicorn.access  162.158.162.46:9712 - "GET /api/history/image/auto/1780018695130_4947_0.png?token=eyJpZCI6IDAsICJ1c2VybmFtZSI6ICJhdXRvIiwgInJvbGUiOiAwLCAiaXNfYWRtaW4iOiBmYWxzZSwgImV4cCI6IDE3ODIyNzIzODB9.fd32d1ad822efda076fa5b2e9d62191f HTTP/1.1" 404
2026-05-30 05:16:34  INFO     uvicorn.access  172.71.98.55:11898 - "GET / HTTP/1.1" 200
2026-05-30 05:17:06  INFO     uvicorn.access  172.71.103.137:11007 - "GET / HTTP/1.1" 200
2026-05-30 05:25:09  INFO     uvicorn.access  104.22.102.27:10358 - "GET /play HTTP/1.1" 200
2026-05-30 05:25:19  INFO     uvicorn.access  104.22.102.27:12131 - "GET /api/announcement?page=play HTTP/1.1" 200
2026-05-30 05:25:24  INFO     uvicorn.access  108.162.245.143:11222 - "GET /static/js/play.js?v=1779876137 HTTP/1.1" 200
2026-05-30 05:25:25  INFO     uvicorn.access  162.159.120.248:9657 - "GET /static/css/play.css?v=1779876137 HTTP/1.1" 200
2026-05-30 05:40:10  INFO     uvicorn.access  172.71.103.137:13099 - "GET / HTTP/1.1" 200
2026-05-30 05:40:11  INFO     uvicorn.access  104.23.166.66:14247 - "GET /static/css/home.css HTTP/1.1" 304
2026-05-30 05:40:13  INFO     uvicorn.access  172.71.103.137:13099 - "GET /api/announcement?page=home HTTP/1.1" 200
2026-05-30 05:40:24  INFO     uvicorn.access  172.71.103.138:10875 - "GET /play HTTP/1.1" 200
2026-05-30 05:40:24  INFO     uvicorn.access  172.71.103.138:10875 - "GET /api/announcement?page=play HTTP/1.1" 200
2026-05-30 05:42:15  INFO     uvicorn.access  172.71.95.26:11175 - "GET /api/proxy/v1/models HTTP/1.1" 200
2026-05-30 05:44:22  WARNING  app.routers.api_proxy  代理上游返回 HTML 错误 [524] https://newapi-cf.qianqianye.com/v1/images/generations: <!DOCTYPE html>
<!--[if lt IE 7]> <html class="no-js ie6 oldie" lang="en-US"> <![endif]-->
<!--[if I
2026-05-30 05:44:47  INFO     uvicorn.access  104.23.225.89:13628 - "POST /api/proxy/v1/chat/completions HTTP/1.1" 200
2026-05-30 05:45:03  INFO     uvicorn.access  104.23.225.89:13628 - "POST /api/proxy/v1/chat/completions HTTP/1.1" 200
2026-05-30 05:45:17  INFO     uvicorn.access  104.23.225.89:13628 - "POST /api/proxy/v1/chat/completions HTTP/1.1" 200
2026-05-30 05:46:51  INFO     uvicorn.access  162.158.79.101:11801 - "GET / HTTP/1.1" 200
2026-05-30 05:47:30  WARNING  app.routers.api_proxy  代理上游返回 HTML 错误 [524] https://newapi-cf.qianqianye.com/v1/images/generations: <!DOCTYPE html>
<!--[if lt IE 7]> <html class="no-js ie6 oldie" lang="en-US"> <![endif]-->
<!--[if I
2026-05-30 05:47:55  INFO     uvicorn.access  172.71.95.26:13338 - "GET /api/proxy/v1/models HTTP/1.1" 200
2026-05-30 05:47:58  INFO     uvicorn.access  172.71.95.26:13338 - "GET /play HTTP/1.1" 200
2026-05-30 05:47:59  INFO     uvicorn.access  172.71.95.26:13338 - "GET /api/announcement?page=play HTTP/1.1" 200
2026-05-30 05:48:01  INFO     uvicorn.access  172.71.95.26:13338 - "GET /api/proxy/v1/models HTTP/1.1" 200
2026-05-30 05:49:27  INFO     uvicorn.access  172.71.95.26:13338 - "POST /api/proxy/v1/images/generations HTTP/1.1" 200
2026-05-30 05:52:49  INFO     uvicorn.access  148.153.56.174:52048 - "GET / HTTP/1.0" 200
2026-05-30 05:52:49  INFO     uvicorn.access  148.153.56.174:52204 - "GET /robots.txt HTTP/1.1" 307
2026-05-30 05:52:49  INFO     uvicorn.access  148.153.56.174:52204 - "GET / HTTP/1.1" 200
2026-05-30 05:52:49  INFO     uvicorn.access  148.153.56.174:52342 - "GET /.well-known/security.txt HTTP/1.1" 404
2026-05-30 05:52:49  INFO     uvicorn.access  148.153.56.174:52392 - "GET /sitemap.xml HTTP/1.1" 307
2026-05-30 05:52:49  INFO     uvicorn.access  148.153.56.174:52392 - "GET / HTTP/1.1" 200
2026-05-30 05:52:49  INFO     uvicorn.access  148.153.56.174:52496 - "GET /llms.txt HTTP/1.1" 307
2026-05-30 05:52:49  INFO     uvicorn.access  148.153.56.174:52496 - "GET / HTTP/1.1" 200
2026-05-30 05:53:16  INFO     uvicorn.access  172.68.225.119:11620 - "POST /api/proxy/v1/images/edits HTTP/1.1" 200
2026-05-30 05:53:26  INFO     uvicorn.access  172.68.225.119:10215 - "POST /api/history/save HTTP/1.1" 200
2026-05-30 05:53:27  INFO     uvicorn.access  172.68.225.119:10215 - "GET /api/history/usage HTTP/1.1" 200
2026-05-30 05:54:15  INFO     uvicorn.access  172.71.98.55:11114 - "POST /api/proxy/v1/images/edits HTTP/1.1" 200
2026-05-30 05:57:43  INFO     uvicorn.access  162.159.113.107:12510 - "POST /api/proxy/v1/images/edits HTTP/1.1" 200
2026-05-30 06:02:02  INFO     uvicorn.access  162.159.113.107:13296 - "POST /api/proxy/v1/images/edits HTTP/1.1" 200
2026-05-30 06:03:21  INFO     uvicorn.access  172.68.23.40:12915 - "GET / HTTP/1.1" 200
2026-05-30 06:03:21  INFO     uvicorn.access  172.68.23.166:13688 - "GET /static/css/home.css HTTP/1.1" 304
2026-05-30 06:03:21  INFO     uvicorn.access  172.68.22.140:10638 - "GET /static/js/common.js HTTP/1.1" 304
2026-05-30 06:03:21  INFO     uvicorn.access  172.68.22.110:9579 - "GET /static/css/common.css HTTP/1.1" 304
2026-05-30 06:03:22  INFO     uvicorn.access  172.68.23.40:12915 - "GET /api/announcement?page=home HTTP/1.1" 200
2026-05-30 06:03:32  INFO     uvicorn.access  162.158.41.181:11113 - "GET /gallery HTTP/1.1" 200
2026-05-30 06:03:32  INFO     uvicorn.access  162.158.42.82:10092 - "GET /static/js/gallery.js?v=1779876137 HTTP/1.1" 200
2026-05-30 06:03:32  INFO     uvicorn.access  162.158.42.124:9820 - "GET /static/css/gallery.css?v=1779876137 HTTP/1.1" 200
2026-05-30 06:03:33  INFO     uvicorn.access  162.158.42.82:10092 - "GET /api/announcement?page=gallery HTTP/1.1" 200
2026-05-30 06:03:33  INFO     uvicorn.access  162.158.41.181:11113 - "GET /api/gallery/liked?fingerprint=469eb72d HTTP/1.1" 200
2026-05-30 06:03:33  INFO     uvicorn.access  162.158.42.82:10092 - "GET /api/gallery/images?page=1&sort=likes HTTP/1.1" 200
2026-05-30 06:03:34  INFO     uvicorn.access  162.158.41.118:14285 - "GET /api/gallery/avatar/IMG_8578.png HTTP/1.1" 200
2026-05-30 06:03:34  INFO     uvicorn.access  162.158.41.247:11242 - "GET /api/gallery/avatar/IMG_8531.png HTTP/1.1" 200
2026-05-30 06:03:34  INFO     uvicorn.access  162.158.42.106:12859 - "GET /api/gallery/avatar/IMG_8559.png HTTP/1.1" 200
2026-05-30 06:03:34  INFO     uvicorn.access  162.158.41.210:14179 - "GET /api/gallery/file/4146c931c3244121ae6704675aad583b.png HTTP/1.1" 200
2026-05-30 06:03:34  INFO     uvicorn.access  162.158.42.97:10335 - "GET /api/gallery/file/03ebfe77ba784cd4967369a9bf682555.png HTTP/1.1" 200
2026-05-30 06:03:34  INFO     uvicorn.access  162.158.41.123:10685 - "GET /api/gallery/file/5288082c3c2f480ba32bf60a2b7a0a8d.png HTTP/1.1" 200
2026-05-30 06:03:34  INFO     uvicorn.access  162.158.41.161:12017 - "GET /api/gallery/file/504cff89cfa0457a983588b56e14224d.png HTTP/1.1" 200
2026-05-30 06:03:34  INFO     uvicorn.access  162.158.42.190:12731 - "GET /api/gallery/file/3afbc016ab104c9eb569ca1c3d813b39.png HTTP/1.1" 200
2026-05-30 06:03:34  INFO     uvicorn.access  162.158.41.207:10498 - "GET /api/gallery/file/039985f90d01467c8aa2f27d4b719282.png HTTP/1.1" 200
2026-05-30 06:03:34  INFO     uvicorn.access  162.158.41.168:12549 - "GET /api/gallery/file/bf8659bfd921477e9b19db3dc33fb5b1.png HTTP/1.1" 200
2026-05-30 06:05:25  WARNING  app.routers.api_proxy  代理上游返回 HTML 错误 [524] https://newapi-cf.qianqianye.com/v1/images/edits: <!DOCTYPE html>
<!--[if lt IE 7]> <html class="no-js ie6 oldie" lang="en-US"> <![endif]-->
<!--[if I
2026-05-30 06:08:21  WARNING  app.routers.api_proxy  代理上游返回 HTML 错误 [524] https://newapi-cf.qianqianye.com/v1/images/edits: <!DOCTYPE html>
<!--[if lt IE 7]> <html class="no-js ie6 oldie" lang="en-US"> <![endif]-->
<!--[if I
2026-05-30 06:08:51  INFO     uvicorn.access  162.159.113.106:14220 - "GET /play HTTP/1.1" 200
2026-05-30 06:08:52  INFO     uvicorn.access  172.71.103.137:13940 - "GET /api/announcement?page=play HTTP/1.1" 200
2026-05-30 06:08:54  INFO     uvicorn.access  172.71.103.137:13940 - "GET /api/proxy/v1/models HTTP/1.1" 200
2026-05-30 06:10:39  INFO     uvicorn.access  172.71.103.138:13105 - "POST /api/proxy/v1/images/edits HTTP/1.1" 200
2026-05-30 06:14:05  INFO     uvicorn.access  162.159.113.106:14251 - "POST /api/proxy/v1/images/edits HTTP/1.1" 200
2026-05-30 06:15:41  INFO     uvicorn.access  162.159.113.106:12164 - "POST /api/proxy/v1/images/edits HTTP/1.1" 200
2026-05-30 06:18:59  INFO     uvicorn.access  162.159.113.106:10333 - "POST /api/proxy/v1/images/edits HTTP/1.1" 200
2026-05-30 06:21:37  INFO     uvicorn.access  162.159.113.106:9316 - "POST /api/proxy/v1/images/edits HTTP/1.1" 200
2026-05-30 06:27:53  WARNING  app.routers.api_proxy  代理请求异常: https://newapi-cf.qianqianye.com/v1/images/edits 
2026-05-30 06:32:13  INFO     uvicorn.access  104.23.172.34:9867 - "GET /play HTTP/1.1" 200
2026-05-30 06:32:13  INFO     uvicorn.access  104.23.172.34:9867 - "GET /api/announcement?page=play HTTP/1.1" 200
2026-05-30 06:32:16  INFO     uvicorn.access  104.23.172.34:9867 - "GET /api/proxy/v1/models HTTP/1.1" 200
2026-05-30 06:34:03  INFO     uvicorn.access  104.23.172.34:10252 - "POST /api/proxy/v1/images/edits HTTP/1.1" 200
2026-05-30 06:35:32  INFO     uvicorn.access  162.158.90.237:12087 - "GET / HTTP/1.1" 200
2026-05-30 06:35:32  INFO     uvicorn.access  162.158.91.116:13460 - "GET /static/css/common.css HTTP/1.1" 200
2026-05-30 06:35:32  INFO     uvicorn.access  162.158.91.170:14083 - "GET /static/css/home.css HTTP/1.1" 304
2026-05-30 06:35:32  INFO     uvicorn.access  172.64.217.137:9677 - "GET /static/js/common.js HTTP/1.1" 304
2026-05-30 06:35:32  INFO     uvicorn.access  162.158.90.237:12087 - "GET /api/announcement?page=home HTTP/1.1" 200
2026-05-30 06:35:36  INFO     uvicorn.access  172.64.217.53:9246 - "GET /play HTTP/1.1" 200
2026-05-30 06:35:36  INFO     uvicorn.access  172.69.33.64:10710 - "GET /static/js/play.js?v=1779876137 HTTP/1.1" 304
2026-05-30 06:35:36  INFO     uvicorn.access  172.70.215.21:9629 - "GET /static/css/play.css?v=1779876137 HTTP/1.1" 200
2026-05-30 06:35:36  INFO     uvicorn.access  172.64.217.53:9246 - "GET /api/announcement?page=play HTTP/1.1" 200
2026-05-30 06:35:36  INFO     uvicorn.access  172.64.217.52:9987 - "GET /api/history/usage HTTP/1.1" 200
2026-05-30 06:35:36  INFO     uvicorn.access  172.64.217.52:9991 - "GET /api/history/list HTTP/1.1" 200
2026-05-30 06:35:37  INFO     uvicorn.access  172.64.217.53:9246 - "POST /api/balance/overview HTTP/1.1" 400
2026-05-30 06:35:41  INFO     uvicorn.access  172.64.217.87:10772 - "GET /api/history/image/xiaoan/1780108548502_7434_0.png?token=eyJpZCI6IDAsICJ1c2VybmFtZSI6ICJ4aWFvYW4iLCAicm9sZSI6IDAsICJpc19hZG1pbiI6IGZhbHNlLCAiZXhwIjogMTc4MjIyMzE3NX0%3D.d97c080ac2ae57d6b42057826b9b4499 HTTP/1.1" 404
2026-05-30 06:35:41  INFO     uvicorn.access  172.64.217.43:10242 - "GET /api/history/image/xiaoan/1780113670143_9967_0.png?token=eyJpZCI6IDAsICJ1c2VybmFtZSI6ICJ4aWFvYW4iLCAicm9sZSI6IDAsICJpc19hZG1pbiI6IGZhbHNlLCAiZXhwIjogMTc4MjIyMzE3NX0%3D.d97c080ac2ae57d6b42057826b9b4499 HTTP/1.1" 404
2026-05-30 06:35:41  INFO     uvicorn.access  104.23.251.197:10113 - "GET /api/history/image/xiaoan/1780111497551_1016_0.png?token=eyJpZCI6IDAsICJ1c2VybmFtZSI6ICJ4aWFvYW4iLCAicm9sZSI6IDAsICJpc19hZG1pbiI6IGZhbHNlLCAiZXhwIjogMTc4MjIyMzE3NX0%3D.d97c080ac2ae57d6b42057826b9b4499 HTTP/1.1" 404
2026-05-30 06:35:41  INFO     uvicorn.access  104.23.251.218:11904 - "GET /api/history/image/xiaoan/1780113573719_3197_0.png?token=eyJpZCI6IDAsICJ1c2VybmFtZSI6ICJ4aWFvYW4iLCAicm9sZSI6IDAsICJpc19hZG1pbiI6IGZhbHNlLCAiZXhwIjogMTc4MjIyMzE3NX0%3D.d97c080ac2ae57d6b42057826b9b4499 HTTP/1.1" 404
2026-05-30 06:35:41  INFO     uvicorn.access  162.158.91.156:10158 - "GET /api/history/image/xiaoan/1780117574221_4810_0.png?token=eyJpZCI6IDAsICJ1c2VybmFtZSI6ICJ4aWFvYW4iLCAicm9sZSI6IDAsICJpc19hZG1pbiI6IGZhbHNlLCAiZXhwIjogMTc4MjIyMzE3NX0%3D.d97c080ac2ae57d6b42057826b9b4499 HTTP/1.1" 404
2026-05-30 06:35:41  INFO     uvicorn.access  172.70.215.66:10364 - "GET /api/history/image/xiaoan/1780107546171_4585_0.png?token=eyJpZCI6IDAsICJ1c2VybmFtZSI6ICJ4aWFvYW4iLCAicm9sZSI6IDAsICJpc19hZG1pbiI6IGZhbHNlLCAiZXhwIjogMTc4MjIyMzE3NX0%3D.d97c080ac2ae57d6b42057826b9b4499 HTTP/1.1" 404
2026-05-30 06:35:41  INFO     uvicorn.access  172.70.206.113:13895 - "GET /api/history/image/xiaoan/1780111797419_8270_0.png?token=eyJpZCI6IDAsICJ1c2VybmFtZSI6ICJ4aWFvYW4iLCAicm9sZSI6IDAsICJpc19hZG1pbiI6IGZhbHNlLCAiZXhwIjogMTc4MjIyMzE3NX0%3D.d97c080ac2ae57d6b42057826b9b4499 HTTP/1.1" 404
2026-05-30 06:35:41  INFO     uvicorn.access  172.70.215.65:10758 - "GET /api/history/image/xiaoan/1780113483884_5463_0.png?token=eyJpZCI6IDAsICJ1c2VybmFtZSI6ICJ4aWFvYW4iLCAicm9sZSI6IDAsICJpc19hZG1pbiI6IGZhbHNlLCAiZXhwIjogMTc4MjIyMzE3NX0%3D.d97c080ac2ae57d6b42057826b9b4499 HTTP/1.1" 404
2026-05-30 06:35:41  INFO     uvicorn.access  162.158.90.228:10097 - "GET /api/history/image/xiaoan/1780111907469_9651_0.png?token=eyJpZCI6IDAsICJ1c2VybmFtZSI6ICJ4aWFvYW4iLCAicm9sZSI6IDAsICJpc19hZG1pbiI6IGZhbHNlLCAiZXhwIjogMTc4MjIyMzE3NX0%3D.d97c080ac2ae57d6b42057826b9b4499 HTTP/1.1" 404
2026-05-30 06:35:41  INFO     uvicorn.access  162.158.186.152:13371 - "GET /api/history/image/xiaoan/1780109514384_4416_0.png?token=eyJpZCI6IDAsICJ1c2VybmFtZSI6ICJ4aWFvYW4iLCAicm9sZSI6IDAsICJpc19hZG1pbiI6IGZhbHNlLCAiZXhwIjogMTc4MjIyMzE3NX0%3D.d97c080ac2ae57d6b42057826b9b4499 HTTP/1.1" 404
2026-05-30 06:35:41  INFO     uvicorn.access  172.64.217.170:13866 - "GET /api/history/image/xiaoan/1780108330551_8758_0.png?token=eyJpZCI6IDAsICJ1c2VybmFtZSI6ICJ4aWFvYW4iLCAicm9sZSI6IDAsICJpc19hZG1pbiI6IGZhbHNlLCAiZXhwIjogMTc4MjIyMzE3NX0%3D.d97c080ac2ae57d6b42057826b9b4499 HTTP/1.1" 404
2026-05-30 06:35:41  INFO     uvicorn.access  172.70.207.36:13249 - "GET /api/history/image/xiaoan/1780109822690_1416_0.png?token=eyJpZCI6IDAsICJ1c2VybmFtZSI6ICJ4aWFvYW4iLCAicm9sZSI6IDAsICJpc19hZG1pbiI6IGZhbHNlLCAiZXhwIjogMTc4MjIyMzE3NX0%3D.d97c080ac2ae57d6b42057826b9b4499 HTTP/1.1" 404
2026-05-30 06:35:41  INFO     uvicorn.access  172.70.207.148:9918 - "GET /api/history/image/xiaoan/1780113190688_8443_0.png?token=eyJpZCI6IDAsICJ1c2VybmFtZSI6ICJ4aWFvYW4iLCAicm9sZSI6IDAsICJpc19hZG1pbiI6IGZhbHNlLCAiZXhwIjogMTc4MjIyMzE3NX0%3D.d97c080ac2ae57d6b42057826b9b4499 HTTP/1.1" 404
2026-05-30 06:35:41  INFO     uvicorn.access  162.158.90.57:9972 - "GET /api/history/image/xiaoan/1780117384312_9338_0.png?token=eyJpZCI6IDAsICJ1c2VybmFtZSI6ICJ4aWFvYW4iLCAicm9sZSI6IDAsICJpc19hZG1pbiI6IGZhbHNlLCAiZXhwIjogMTc4MjIyMzE3NX0%3D.d97c080ac2ae57d6b42057826b9b4499 HTTP/1.1" 404
2026-05-30 06:35:41  INFO     uvicorn.access  162.158.90.200:13645 - "GET /api/history/image/xiaoan/1780111218872_2760_0.png?token=eyJpZCI6IDAsICJ1c2VybmFtZSI6ICJ4aWFvYW4iLCAicm9sZSI6IDAsICJpc19hZG1pbiI6IGZhbHNlLCAiZXhwIjogMTc4MjIyMzE3NX0%3D.d97c080ac2ae57d6b42057826b9b4499 HTTP/1.1" 404
2026-05-30 06:35:41  INFO     uvicorn.access  172.70.214.51:11648 - "GET /api/history/image/xiaoan/1780107936762_8548_0.png?token=eyJpZCI6IDAsICJ1c2VybmFtZSI6ICJ4aWFvYW4iLCAicm9sZSI6IDAsICJpc19hZG1pbiI6IGZhbHNlLCAiZXhwIjogMTc4MjIyMzE3NX0%3D.d97c080ac2ae57d6b42057826b9b4499 HTTP/1.1" 404
2026-05-30 06:35:41  INFO     uvicorn.access  172.70.214.21:13569 - "GET /api/history/image/xiaoan/1780108180124_3000_0.png?token=eyJpZCI6IDAsICJ1c2VybmFtZSI6ICJ4aWFvYW4iLCAicm9sZSI6IDAsICJpc19hZG1pbiI6IGZhbHNlLCAiZXhwIjogMTc4MjIyMzE3NX0%3D.d97c080ac2ae57d6b42057826b9b4499 HTTP/1.1" 404
2026-05-30 06:35:41  INFO     uvicorn.access  172.70.206.43:14136 - "GET /api/history/image/xiaoan/1780109236801_3573_0.png?token=eyJpZCI6IDAsICJ1c2VybmFtZSI6ICJ4aWFvYW4iLCAicm9sZSI6IDAsICJpc19hZG1pbiI6IGZhbHNlLCAiZXhwIjogMTc4MjIyMzE3NX0%3D.d97c080ac2ae57d6b42057826b9b4499 HTTP/1.1" 404
2026-05-30 06:35:41  INFO     uvicorn.access  172.64.217.142:13344 - "GET /api/history/image/xiaoan/1780120406633_1305_0.png?token=eyJpZCI6IDAsICJ1c2VybmFtZSI6ICJ4aWFvYW4iLCAicm9sZSI6IDAsICJpc19hZG1pbiI6IGZhbHNlLCAiZXhwIjogMTc4MjIyMzE3NX0%3D.d97c080ac2ae57d6b42057826b9b4499 HTTP/1.1" 404
2026-05-30 06:35:41  INFO     uvicorn.access  172.70.206.110:10380 - "GET /api/history/image/xiaoan/1780108750962_1224_0.png?token=eyJpZCI6IDAsICJ1c2VybmFtZSI6ICJ4aWFvYW4iLCAicm9sZSI6IDAsICJpc19hZG1pbiI6IGZhbHNlLCAiZXhwIjogMTc4MjIyMzE3NX0%3D.d97c080ac2ae57d6b42057826b9b4499 HTTP/1.1" 404
2026-05-30 06:35:41  INFO     uvicorn.access  162.158.91.82:13920 - "GET /api/history/image/xiaoan/1780108997506_8718_0.png?token=eyJpZCI6IDAsICJ1c2VybmFtZSI6ICJ4aWFvYW4iLCAicm9sZSI6IDAsICJpc19hZG1pbiI6IGZhbHNlLCAiZXhwIjogMTc4MjIyMzE3NX0%3D.d97c080ac2ae57d6b42057826b9b4499 HTTP/1.1" 404
2026-05-30 06:35:41  INFO     uvicorn.access  104.23.251.137:13897 - "GET /api/history/image/xiaoan/1780109146019_6599_0.png?token=eyJpZCI6IDAsICJ1c2VybmFtZSI6ICJ4aWFvYW4iLCAicm9sZSI6IDAsICJpc19hZG1pbiI6IGZhbHNlLCAiZXhwIjogMTc4MjIyMzE3NX0%3D.d97c080ac2ae57d6b42057826b9b4499 HTTP/1.1" 404
2026-05-30 06:35:41  INFO     uvicorn.access  104.23.251.127:9655 - "GET /api/history/image/xiaoan/1780112876272_1283_0.png?token=eyJpZCI6IDAsICJ1c2VybmFtZSI6ICJ4aWFvYW4iLCAicm9sZSI6IDAsICJpc19hZG1pbiI6IGZhbHNlLCAiZXhwIjogMTc4MjIyMzE3NX0%3D.d97c080ac2ae57d6b42057826b9b4499 HTTP/1.1" 404
2026-05-30 06:35:41  INFO     uvicorn.access  162.158.186.65:13809 - "GET /api/history/image/xiaoan/1780111021723_2584_0.png?token=eyJpZCI6IDAsICJ1c2VybmFtZSI6ICJ4aWFvYW4iLCAicm9sZSI6IDAsICJpc19hZG1pbiI6IGZhbHNlLCAiZXhwIjogMTc4MjIyMzE3NX0%3D.d97c080ac2ae57d6b42057826b9b4499 HTTP/1.1" 404
2026-05-30 06:35:41  INFO     uvicorn.access  162.158.90.27:11034 - "GET /api/history/image/xiaoan/1780110019861_7109_0.png?token=eyJpZCI6IDAsICJ1c2VybmFtZSI6ICJ4aWFvYW4iLCAicm9sZSI6IDAsICJpc19hZG1pbiI6IGZhbHNlLCAiZXhwIjogMTc4MjIyMzE3NX0%3D.d97c080ac2ae57d6b42057826b9b4499 HTTP/1.1" 404
2026-05-30 06:36:16  INFO     uvicorn.access  172.70.206.95:13450 - "GET /api/proxy/v1/models HTTP/1.1" 200
2026-05-30 06:36:16  INFO     uvicorn.access  172.70.206.95:13450 - "POST /api/balance/overview HTTP/1.1" 400
2026-05-30 06:37:30  INFO     uvicorn.access  172.70.214.28:12834 - "GET /api/history/image/xiaoan/1780107225033_9546_0.png?token=eyJpZCI6IDAsICJ1c2VybmFtZSI6ICJ4aWFvYW4iLCAicm9sZSI6IDAsICJpc19hZG1pbiI6IGZhbHNlLCAiZXhwIjogMTc4MjIyMzE3NX0%3D.d97c080ac2ae57d6b42057826b9b4499 HTTP/1.1" 404
2026-05-30 06:37:30  INFO     uvicorn.access  172.70.214.42:10993 - "GET /api/history/image/xiaoan/1780106540528_4602_0.png?token=eyJpZCI6IDAsICJ1c2VybmFtZSI6ICJ4aWFvYW4iLCAicm9sZSI6IDAsICJpc19hZG1pbiI6IGZhbHNlLCAiZXhwIjogMTc4MjIyMzE3NX0%3D.d97c080ac2ae57d6b42057826b9b4499 HTTP/1.1" 404
2026-05-30 06:37:30  INFO     uvicorn.access  172.64.217.63:9257 - "GET /api/history/image/xiaoan/1780106859972_8852_0.png?token=eyJpZCI6IDAsICJ1c2VybmFtZSI6ICJ4aWFvYW4iLCAicm9sZSI6IDAsICJpc19hZG1pbiI6IGZhbHNlLCAiZXhwIjogMTc4MjIyMzE3NX0%3D.d97c080ac2ae57d6b42057826b9b4499 HTTP/1.1" 404
2026-05-30 06:37:30  INFO     uvicorn.access  104.23.251.72:11227 - "GET /api/history/image/xiaoan/1780106667638_6458_0.png?token=eyJpZCI6IDAsICJ1c2VybmFtZSI6ICJ4aWFvYW4iLCAicm9sZSI6IDAsICJpc19hZG1pbiI6IGZhbHNlLCAiZXhwIjogMTc4MjIyMzE3NX0%3D.d97c080ac2ae57d6b42057826b9b4499 HTTP/1.1" 404
2026-05-30 06:37:44  INFO     uvicorn.access  172.70.206.95:10849 - "POST /api/proxy/v1/images/edits HTTP/1.1" 200
2026-05-30 06:37:55  INFO     uvicorn.access  172.70.206.95:10849 - "POST /api/history/save HTTP/1.1" 200
2026-05-30 06:37:55  INFO     uvicorn.access  172.70.206.95:10849 - "GET /api/history/usage HTTP/1.1" 200
2026-05-30 06:37:55  INFO     uvicorn.access  172.69.33.55:11507 - "GET /api/history/image/xiaoan/1780106063163_2974_0.png?token=eyJpZCI6IDAsICJ1c2VybmFtZSI6ICJ4aWFvYW4iLCAicm9sZSI6IDAsICJpc19hZG1pbiI6IGZhbHNlLCAiZXhwIjogMTc4MjIyMzE3NX0%3D.d97c080ac2ae57d6b42057826b9b4499 HTTP/1.1" 404
2026-05-30 06:37:55  INFO     uvicorn.access  172.70.206.143:13239 - "GET /api/history/image/xiaoan/1780106320967_7820_0.png?token=eyJpZCI6IDAsICJ1c2VybmFtZSI6ICJ4aWFvYW4iLCAicm9sZSI6IDAsICJpc19hZG1pbiI6IGZhbHNlLCAiZXhwIjogMTc4MjIyMzE3NX0%3D.d97c080ac2ae57d6b42057826b9b4499 HTTP/1.1" 404
2026-05-30 06:37:55  INFO     uvicorn.access  104.23.251.16:12075 - "GET /api/history/image/xiaoan/1780103468904_6841_0.png?token=eyJpZCI6IDAsICJ1c2VybmFtZSI6ICJ4aWFvYW4iLCAicm9sZSI6IDAsICJpc19hZG1pbiI6IGZhbHNlLCAiZXhwIjogMTc4MjIyMzE3NX0%3D.d97c080ac2ae57d6b42057826b9b4499 HTTP/1.1" 404
2026-05-30 06:37:56  INFO     uvicorn.access  172.70.214.9:9227 - "GET /api/history/image/xiaoan/1780042528515_7878_0.png?token=eyJpZCI6IDAsICJ1c2VybmFtZSI6ICJ4aWFvYW4iLCAicm9sZSI6IDAsICJpc19hZG1pbiI6IGZhbHNlLCAiZXhwIjogMTc4MjIyMzE3NX0%3D.d97c080ac2ae57d6b42057826b9b4499 HTTP/1.1" 404
2026-05-30 06:37:56  INFO     uvicorn.access  172.70.215.23:13088 - "GET /api/history/image/xiaoan/1780046294340_4811_0.png?token=eyJpZCI6IDAsICJ1c2VybmFtZSI6ICJ4aWFvYW4iLCAicm9sZSI6IDAsICJpc19hZG1pbiI6IGZhbHNlLCAiZXhwIjogMTc4MjIyMzE3NX0%3D.d97c080ac2ae57d6b42057826b9b4499 HTTP/1.1" 404
2026-05-30 06:37:56  INFO     uvicorn.access  172.70.215.104:10779 - "GET /api/history/image/xiaoan/1780039552528_3127_0.png?token=eyJpZCI6IDAsICJ1c2VybmFtZSI6ICJ4aWFvYW4iLCAicm9sZSI6IDAsICJpc19hZG1pbiI6IGZhbHNlLCAiZXhwIjogMTc4MjIyMzE3NX0%3D.d97c080ac2ae57d6b42057826b9b4499 HTTP/1.1" 404
2026-05-30 06:37:56  INFO     uvicorn.access  104.23.251.128:10079 - "GET /api/history/image/xiaoan/1780030198758_5413_0.png?token=eyJpZCI6IDAsICJ1c2VybmFtZSI6ICJ4aWFvYW4iLCAicm9sZSI6IDAsICJpc19hZG1pbiI6IGZhbHNlLCAiZXhwIjogMTc4MjIyMzE3NX0%3D.d97c080ac2ae57d6b42057826b9b4499 HTTP/1.1" 404
2026-05-30 06:37:56  INFO     uvicorn.access  172.64.217.35:10727 - "GET /api/history/image/xiaoan/1780035894443_7910_0.png?token=eyJpZCI6IDAsICJ1c2VybmFtZSI6ICJ4aWFvYW4iLCAicm9sZSI6IDAsICJpc19hZG1pbiI6IGZhbHNlLCAiZXhwIjogMTc4MjIyMzE3NX0%3D.d97c080ac2ae57d6b42057826b9b4499 HTTP/1.1" 404
2026-05-30 06:37:56  INFO     uvicorn.access  162.158.91.157:13053 - "GET /api/history/image/xiaoan/1780025281726_9641_0.png?token=eyJpZCI6IDAsICJ1c2VybmFtZSI6ICJ4aWFvYW4iLCAicm9sZSI6IDAsICJpc19hZG1pbiI6IGZhbHNlLCAiZXhwIjogMTc4MjIyMzE3NX0%3D.d97c080ac2ae57d6b42057826b9b4499 HTTP/1.1" 404
2026-05-30 06:37:56  INFO     uvicorn.access  172.69.33.18:10427 - "GET /api/history/image/xiaoan/1780025156620_1296_0.png?token=eyJpZCI6IDAsICJ1c2VybmFtZSI6ICJ4aWFvYW4iLCAicm9sZSI6IDAsICJpc19hZG1pbiI6IGZhbHNlLCAiZXhwIjogMTc4MjIyMzE3NX0%3D.d97c080ac2ae57d6b42057826b9b4499 HTTP/1.1" 404
2026-05-30 06:37:56  INFO     uvicorn.access  172.69.33.17:13150 - "GET /api/history/image/xiaoan/1780024627116_2297_0.png?token=eyJpZCI6IDAsICJ1c2VybmFtZSI6ICJ4aWFvYW4iLCAicm9sZSI6IDAsICJpc19hZG1pbiI6IGZhbHNlLCAiZXhwIjogMTc4MjIyMzE3NX0%3D.d97c080ac2ae57d6b42057826b9b4499 HTTP/1.1" 404
2026-05-30 06:37:56  INFO     uvicorn.access  104.23.251.131:11924 - "GET /api/history/image/xiaoan/1780024483020_2167_0.png?token=eyJpZCI6IDAsICJ1c2VybmFtZSI6ICJ4aWFvYW4iLCAicm9sZSI6IDAsICJpc19hZG1pbiI6IGZhbHNlLCAiZXhwIjogMTc4MjIyMzE3NX0%3D.d97c080ac2ae57d6b42057826b9b4499 HTTP/1.1" 404
2026-05-30 06:37:56  INFO     uvicorn.access  172.70.215.84:9693 - "GET /api/history/image/xiaoan/1780024319848_2230_0.png?token=eyJpZCI6IDAsICJ1c2VybmFtZSI6ICJ4aWFvYW4iLCAicm9sZSI6IDAsICJpc19hZG1pbiI6IGZhbHNlLCAiZXhwIjogMTc4MjIyMzE3NX0%3D.d97c080ac2ae57d6b42057826b9b4499 HTTP/1.1" 404
2026-05-30 06:37:56  INFO     uvicorn.access  162.158.187.147:11676 - "GET /api/history/image/xiaoan/1780024193832_8454_0.png?token=eyJpZCI6IDAsICJ1c2VybmFtZSI6ICJ4aWFvYW4iLCAicm9sZSI6IDAsICJpc19hZG1pbiI6IGZhbHNlLCAiZXhwIjogMTc4MjIyMzE3NX0%3D.d97c080ac2ae57d6b42057826b9b4499 HTTP/1.1" 404
2026-05-30 06:37:56  INFO     uvicorn.access  172.70.207.145:11763 - "GET /api/history/image/xiaoan/1780024114236_5751_0.png?token=eyJpZCI6IDAsICJ1c2VybmFtZSI6ICJ4aWFvYW4iLCAicm9sZSI6IDAsICJpc19hZG1pbiI6IGZhbHNlLCAiZXhwIjogMTc4MjIyMzE3NX0%3D.d97c080ac2ae57d6b42057826b9b4499 HTTP/1.1" 404
2026-05-30 06:37:56  INFO     uvicorn.access  172.70.206.72:13600 - "GET /api/history/image/xiaoan/1780024008038_4408_0.png?token=eyJpZCI6IDAsICJ1c2VybmFtZSI6ICJ4aWFvYW4iLCAicm9sZSI6IDAsICJpc19hZG1pbiI6IGZhbHNlLCAiZXhwIjogMTc4MjIyMzE3NX0%3D.d97c080ac2ae57d6b42057826b9b4499 HTTP/1.1" 404
2026-05-30 06:37:56  INFO     uvicorn.access  104.23.251.181:11908 - "GET /api/history/image/xiaoan/1780023898755_6259_0.png?token=eyJpZCI6IDAsICJ1c2VybmFtZSI6ICJ4aWFvYW4iLCAicm9sZSI6IDAsICJpc19hZG1pbiI6IGZhbHNlLCAiZXhwIjogMTc4MjIyMzE3NX0%3D.d97c080ac2ae57d6b42057826b9b4499 HTTP/1.1" 404
2026-05-30 06:37:56  INFO     uvicorn.access  172.70.215.118:11785 - "GET /api/history/image/xiaoan/1780023744250_4073_0.png?token=eyJpZCI6IDAsICJ1c2VybmFtZSI6ICJ4aWFvYW4iLCAicm9sZSI6IDAsICJpc19hZG1pbiI6IGZhbHNlLCAiZXhwIjogMTc4MjIyMzE3NX0%3D.d97c080ac2ae57d6b42057826b9b4499 HTTP/1.1" 404
2026-05-30 06:37:57  INFO     uvicorn.access  172.69.33.36:12078 - "GET /api/history/image/xiaoan/1780023684594_9539_0.png?token=eyJpZCI6IDAsICJ1c2VybmFtZSI6ICJ4aWFvYW4iLCAicm9sZSI6IDAsICJpc19hZG1pbiI6IGZhbHNlLCAiZXhwIjogMTc4MjIyMzE3NX0%3D.d97c080ac2ae57d6b42057826b9b4499 HTTP/1.1" 404
2026-05-30 06:37:57  INFO     uvicorn.access  162.158.187.115:12687 - "GET /api/history/image/xiaoan/1780023479729_8207_0.png?token=eyJpZCI6IDAsICJ1c2VybmFtZSI6ICJ4aWFvYW4iLCAicm9sZSI6IDAsICJpc19hZG1pbiI6IGZhbHNlLCAiZXhwIjogMTc4MjIyMzE3NX0%3D.d97c080ac2ae57d6b42057826b9b4499 HTTP/1.1" 404
2026-05-30 06:37:57  INFO     uvicorn.access  162.158.91.167:13656 - "GET /api/history/image/xiaoan/1780022714310_2484_0.png?token=eyJpZCI6IDAsICJ1c2VybmFtZSI6ICJ4aWFvYW4iLCAicm9sZSI6IDAsICJpc19hZG1pbiI6IGZhbHNlLCAiZXhwIjogMTc4MjIyMzE3NX0%3D.d97c080ac2ae57d6b42057826b9b4499 HTTP/1.1" 404
2026-05-30 06:37:57  INFO     uvicorn.access  172.70.206.150:9622 - "GET /api/history/image/xiaoan/1780021667353_5310_0.png?token=eyJpZCI6IDAsICJ1c2VybmFtZSI6ICJ4aWFvYW4iLCAicm9sZSI6IDAsICJpc19hZG1pbiI6IGZhbHNlLCAiZXhwIjogMTc4MjIyMzE3NX0%3D.d97c080ac2ae57d6b42057826b9b4499 HTTP/1.1" 404
2026-05-30 06:37:57  INFO     uvicorn.access  172.70.215.87:13426 - "GET /api/history/image/xiaoan/1780021321868_8514_0.png?token=eyJpZCI6IDAsICJ1c2VybmFtZSI6ICJ4aWFvYW4iLCAicm9sZSI6IDAsICJpc19hZG1pbiI6IGZhbHNlLCAiZXhwIjogMTc4MjIyMzE3NX0%3D.d97c080ac2ae57d6b42057826b9b4499 HTTP/1.1" 404
2026-05-30 06:37:57  INFO     uvicorn.access  162.158.186.14:13170 - "GET /api/history/image/xiaoan/1780021460787_6325_0.png?token=eyJpZCI6IDAsICJ1c2VybmFtZSI6ICJ4aWFvYW4iLCAicm9sZSI6IDAsICJpc19hZG1pbiI6IGZhbHNlLCAiZXhwIjogMTc4MjIyMzE3NX0%3D.d97c080ac2ae57d6b42057826b9b4499 HTTP/1.1" 404
2026-05-30 06:37:57  INFO     uvicorn.access  172.64.217.121:10711 - "GET /api/history/image/xiaoan/1780021188876_6197_0.png?token=eyJpZCI6IDAsICJ1c2VybmFtZSI6ICJ4aWFvYW4iLCAicm9sZSI6IDAsICJpc19hZG1pbiI6IGZhbHNlLCAiZXhwIjogMTc4MjIyMzE3NX0%3D.d97c080ac2ae57d6b42057826b9b4499 HTTP/1.1" 404
2026-05-30 06:37:57  INFO     uvicorn.access  172.70.206.170:13416 - "GET /api/history/image/xiaoan/1780021053071_4438_0.png?token=eyJpZCI6IDAsICJ1c2VybmFtZSI6ICJ4aWFvYW4iLCAicm9sZSI6IDAsICJpc19hZG1pbiI6IGZhbHNlLCAiZXhwIjogMTc4MjIyMzE3NX0%3D.d97c080ac2ae57d6b42057826b9b4499 HTTP/1.1" 404
2026-05-30 06:37:57  INFO     uvicorn.access  172.70.214.73:12623 - "GET /api/history/image/xiaoan/1780020911422_1420_0.png?token=eyJpZCI6IDAsICJ1c2VybmFtZSI6ICJ4aWFvYW4iLCAicm9sZSI6IDAsICJpc19hZG1pbiI6IGZhbHNlLCAiZXhwIjogMTc4MjIyMzE3NX0%3D.d97c080ac2ae57d6b42057826b9b4499 HTTP/1.1" 404
2026-05-30 06:37:57  INFO     uvicorn.access  172.70.206.16:10109 - "GET /api/history/image/xiaoan/1780020803373_9412_0.png?token=eyJpZCI6IDAsICJ1c2VybmFtZSI6ICJ4aWFvYW4iLCAicm9sZSI6IDAsICJpc19hZG1pbiI6IGZhbHNlLCAiZXhwIjogMTc4MjIyMzE3NX0%3D.d97c080ac2ae57d6b42057826b9b4499 HTTP/1.1" 404
2026-05-30 06:37:57  INFO     uvicorn.access  162.158.187.115:12687 - "GET /api/history/image/xiaoan/1780019729793_9135_0.png?token=eyJpZCI6IDAsICJ1c2VybmFtZSI6ICJ4aWFvYW4iLCAicm9sZSI6IDAsICJpc19hZG1pbiI6IGZhbHNlLCAiZXhwIjogMTc4MjIyMzE3NX0%3D.d97c080ac2ae57d6b42057826b9b4499 HTTP/1.1" 404
2026-05-30 06:37:57  INFO     uvicorn.access  162.158.91.80:11781 - "GET /api/history/image/xiaoan/1780019546028_1035_0.png?token=eyJpZCI6IDAsICJ1c2VybmFtZSI6ICJ4aWFvYW4iLCAicm9sZSI6IDAsICJpc19hZG1pbiI6IGZhbHNlLCAiZXhwIjogMTc4MjIyMzE3NX0%3D.d97c080ac2ae57d6b42057826b9b4499 HTTP/1.1" 404
2026-05-30 06:37:57  INFO     uvicorn.access  172.70.214.248:9937 - "GET /api/history/image/xiaoan/1780019096266_9243_0.png?token=eyJpZCI6IDAsICJ1c2VybmFtZSI6ICJ4aWFvYW4iLCAicm9sZSI6IDAsICJpc19hZG1pbiI6IGZhbHNlLCAiZXhwIjogMTc4MjIyMzE3NX0%3D.d97c080ac2ae57d6b42057826b9b4499 HTTP/1.1" 404
2026-05-30 06:37:58  INFO     uvicorn.access  172.70.214.83:10697 - "GET /api/history/image/xiaoan/1780018846570_4454_0.png?token=eyJpZCI6IDAsICJ1c2VybmFtZSI6ICJ4aWFvYW4iLCAicm9sZSI6IDAsICJpc19hZG1pbiI6IGZhbHNlLCAiZXhwIjogMTc4MjIyMzE3NX0%3D.d97c080ac2ae57d6b42057826b9b4499 HTTP/1.1" 404
2026-05-30 06:37:58  INFO     uvicorn.access  172.64.217.160:12806 - "GET /api/history/image/xiaoan/1780018695130_4947_0.png?token=eyJpZCI6IDAsICJ1c2VybmFtZSI6ICJ4aWFvYW4iLCAicm9sZSI6IDAsICJpc19hZG1pbiI6IGZhbHNlLCAiZXhwIjogMTc4MjIyMzE3NX0%3D.d97c080ac2ae57d6b42057826b9b4499 HTTP/1.1" 404
2026-05-30 06:37:58  INFO     uvicorn.access  172.69.33.35:13316 - "GET /api/history/image/xiaoan/1780018170199_3902_0.png?token=eyJpZCI6IDAsICJ1c2VybmFtZSI6ICJ4aWFvYW4iLCAicm9sZSI6IDAsICJpc19hZG1pbiI6IGZhbHNlLCAiZXhwIjogMTc4MjIyMzE3NX0%3D.d97c080ac2ae57d6b42057826b9b4499 HTTP/1.1" 404
2026-05-30 06:37:58  INFO     uvicorn.access  162.158.91.185:13996 - "GET /api/history/image/xiaoan/1780017519767_5763_0.png?token=eyJpZCI6IDAsICJ1c2VybmFtZSI6ICJ4aWFvYW4iLCAicm9sZSI6IDAsICJpc19hZG1pbiI6IGZhbHNlLCAiZXhwIjogMTc4MjIyMzE3NX0%3D.d97c080ac2ae57d6b42057826b9b4499 HTTP/1.1" 404
2026-05-30 06:37:58  INFO     uvicorn.access  172.70.214.95:14197 - "GET /api/history/image/xiaoan/1780017409604_9400_0.png?token=eyJpZCI6IDAsICJ1c2VybmFtZSI6ICJ4aWFvYW4iLCAicm9sZSI6IDAsICJpc19hZG1pbiI6IGZhbHNlLCAiZXhwIjogMTc4MjIyMzE3NX0%3D.d97c080ac2ae57d6b42057826b9b4499 HTTP/1.1" 404
2026-05-30 06:37:58  INFO     uvicorn.access  162.158.91.69:13343 - "GET /api/history/image/xiaoan/1779962311626_4653_0.png?token=eyJpZCI6IDAsICJ1c2VybmFtZSI6ICJ4aWFvYW4iLCAicm9sZSI6IDAsICJpc19hZG1pbiI6IGZhbHNlLCAiZXhwIjogMTc4MjIyMzE3NX0%3D.d97c080ac2ae57d6b42057826b9b4499 HTTP/1.1" 404
2026-05-30 06:37:58  INFO     uvicorn.access  172.64.217.85:13874 - "GET /api/history/image/xiaoan/1779962052357_2295_0.png?token=eyJpZCI6IDAsICJ1c2VybmFtZSI6ICJ4aWFvYW4iLCAicm9sZSI6IDAsICJpc19hZG1pbiI6IGZhbHNlLCAiZXhwIjogMTc4MjIyMzE3NX0%3D.d97c080ac2ae57d6b42057826b9b4499 HTTP/1.1" 404
2026-05-30 06:37:58  INFO     uvicorn.access  172.70.206.104:14073 - "GET /api/history/image/xiaoan/1779961961080_1208_0.png?token=eyJpZCI6IDAsICJ1c2VybmFtZSI6ICJ4aWFvYW4iLCAicm9sZSI6IDAsICJpc19hZG1pbiI6IGZhbHNlLCAiZXhwIjogMTc4MjIyMzE3NX0%3D.d97c080ac2ae57d6b42057826b9b4499 HTTP/1.1" 404
2026-05-30 06:37:58  INFO     uvicorn.access  162.158.90.141:12880 - "GET /api/history/image/xiaoan/1779961832782_3719_0.png?token=eyJpZCI6IDAsICJ1c2VybmFtZSI6ICJ4aWFvYW4iLCAicm9sZSI6IDAsICJpc19hZG1pbiI6IGZhbHNlLCAiZXhwIjogMTc4MjIyMzE3NX0%3D.d97c080ac2ae57d6b42057826b9b4499 HTTP/1.1" 404
2026-05-30 06:37:58  INFO     uvicorn.access  172.70.214.77:13610 - "GET /api/history/image/xiaoan/1779961716160_8819_0.png?token=eyJpZCI6IDAsICJ1c2VybmFtZSI6ICJ4aWFvYW4iLCAicm9sZSI6IDAsICJpc19hZG1pbiI6IGZhbHNlLCAiZXhwIjogMTc4MjIyMzE3NX0%3D.d97c080ac2ae57d6b42057826b9b4499 HTTP/1.1" 404
2026-05-30 06:37:59  INFO     uvicorn.access  162.158.91.135:9604 - "GET /api/history/image/xiaoan/1779961544710_8176_0.png?token=eyJpZCI6IDAsICJ1c2VybmFtZSI6ICJ4aWFvYW4iLCAicm9sZSI6IDAsICJpc19hZG1pbiI6IGZhbHNlLCAiZXhwIjogMTc4MjIyMzE3NX0%3D.d97c080ac2ae57d6b42057826b9b4499 HTTP/1.1" 404
2026-05-30 06:37:59  INFO     uvicorn.access  172.64.217.116:9348 - "GET /api/history/image/xiaoan/1779961405556_5192_0.png?token=eyJpZCI6IDAsICJ1c2VybmFtZSI6ICJ4aWFvYW4iLCAicm9sZSI6IDAsICJpc19hZG1pbiI6IGZhbHNlLCAiZXhwIjogMTc4MjIyMzE3NX0%3D.d97c080ac2ae57d6b42057826b9b4499 HTTP/1.1" 404
2026-05-30 06:37:59  INFO     uvicorn.access  172.64.217.6:11286 - "GET /api/history/image/xiaoan/1779961215224_3382_0.png?token=eyJpZCI6IDAsICJ1c2VybmFtZSI6ICJ4aWFvYW4iLCAicm9sZSI6IDAsICJpc19hZG1pbiI6IGZhbHNlLCAiZXhwIjogMTc4MjIyMzE3NX0%3D.d97c080ac2ae57d6b42057826b9b4499 HTTP/1.1" 404
2026-05-30 06:37:59  INFO     uvicorn.access  172.70.206.143:13239 - "GET /api/history/image/xiaoan/1779960407377_2449_0.png?token=eyJpZCI6IDAsICJ1c2VybmFtZSI6ICJ4aWFvYW4iLCAicm9sZSI6IDAsICJpc19hZG1pbiI6IGZhbHNlLCAiZXhwIjogMTc4MjIyMzE3NX0%3D.d97c080ac2ae57d6b42057826b9b4499 HTTP/1.1" 404
2026-05-30 06:37:59  INFO     uvicorn.access  162.158.91.95:12478 - "GET /api/history/image/xiaoan/1779960342023_2416_0.png?token=eyJpZCI6IDAsICJ1c2VybmFtZSI6ICJ4aWFvYW4iLCAicm9sZSI6IDAsICJpc19hZG1pbiI6IGZhbHNlLCAiZXhwIjogMTc4MjIyMzE3NX0%3D.d97c080ac2ae57d6b42057826b9b4499 HTTP/1.1" 404
2026-05-30 06:37:59  INFO     uvicorn.access  172.70.215.30:11202 - "GET /api/history/image/xiaoan/1779960251292_6948_0.png?token=eyJpZCI6IDAsICJ1c2VybmFtZSI6ICJ4aWFvYW4iLCAicm9sZSI6IDAsICJpc19hZG1pbiI6IGZhbHNlLCAiZXhwIjogMTc4MjIyMzE3NX0%3D.d97c080ac2ae57d6b42057826b9b4499 HTTP/1.1" 404
2026-05-30 06:37:59  INFO     uvicorn.access  162.158.187.162:14233 - "GET /api/history/image/xiaoan/1779960069110_2232_0.png?token=eyJpZCI6IDAsICJ1c2VybmFtZSI6ICJ4aWFvYW4iLCAicm9sZSI6IDAsICJpc19hZG1pbiI6IGZhbHNlLCAiZXhwIjogMTc4MjIyMzE3NX0%3D.d97c080ac2ae57d6b42057826b9b4499 HTTP/1.1" 404
2026-05-30 06:37:59  INFO     uvicorn.access  172.64.217.12:13706 - "GET /api/history/image/xiaoan/1779959869460_4267_0.png?token=eyJpZCI6IDAsICJ1c2VybmFtZSI6ICJ4aWFvYW4iLCAicm9sZSI6IDAsICJpc19hZG1pbiI6IGZhbHNlLCAiZXhwIjogMTc4MjIyMzE3NX0%3D.d97c080ac2ae57d6b42057826b9b4499 HTTP/1.1" 404
2026-05-30 06:37:59  INFO     uvicorn.access  104.23.251.110:12117 - "GET /api/history/image/xiaoan/1779959715347_9327_0.png?token=eyJpZCI6IDAsICJ1c2VybmFtZSI6ICJ4aWFvYW4iLCAicm9sZSI6IDAsICJpc19hZG1pbiI6IGZhbHNlLCAiZXhwIjogMTc4MjIyMzE3NX0%3D.d97c080ac2ae57d6b42057826b9b4499 HTTP/1.1" 404
2026-05-30 06:38:00  INFO     uvicorn.access  104.23.251.82:10393 - "GET /api/history/image/xiaoan/1779958879070_9428_0.png?token=eyJpZCI6IDAsICJ1c2VybmFtZSI6ICJ4aWFvYW4iLCAicm9sZSI6IDAsICJpc19hZG1pbiI6IGZhbHNlLCAiZXhwIjogMTc4MjIyMzE3NX0%3D.d97c080ac2ae57d6b42057826b9b4499 HTTP/1.1" 404
2026-05-30 06:38:00  INFO     uvicorn.access  172.70.206.126:13231 - "GET /api/history/image/xiaoan/1779956364237_7086_0.png?token=eyJpZCI6IDAsICJ1c2VybmFtZSI6ICJ4aWFvYW4iLCAicm9sZSI6IDAsICJpc19hZG1pbiI6IGZhbHNlLCAiZXhwIjogMTc4MjIyMzE3NX0%3D.d97c080ac2ae57d6b42057826b9b4499 HTTP/1.1" 404
2026-05-30 06:38:00  INFO     uvicorn.access  172.70.215.57:11361 - "GET /api/history/image/xiaoan/1779954484920_2601_0.png?token=eyJpZCI6IDAsICJ1c2VybmFtZSI6ICJ4aWFvYW4iLCAicm9sZSI6IDAsICJpc19hZG1pbiI6IGZhbHNlLCAiZXhwIjogMTc4MjIyMzE3NX0%3D.d97c080ac2ae57d6b42057826b9b4499 HTTP/1.1" 404
2026-05-30 06:38:00  INFO     uvicorn.access  162.158.187.42:10223 - "GET /api/history/image/xiaoan/1779953630749_6373_0.png?token=eyJpZCI6IDAsICJ1c2VybmFtZSI6ICJ4aWFvYW4iLCAicm9sZSI6IDAsICJpc19hZG1pbiI6IGZhbHNlLCAiZXhwIjogMTc4MjIyMzE3NX0%3D.d97c080ac2ae57d6b42057826b9b4499 HTTP/1.1" 404
2026-05-30 06:38:00  INFO     uvicorn.access  172.70.206.126:13231 - "GET /api/history/image/xiaoan/1779953186194_3626_0.png?token=eyJpZCI6IDAsICJ1c2VybmFtZSI6ICJ4aWFvYW4iLCAicm9sZSI6IDAsICJpc19hZG1pbiI6IGZhbHNlLCAiZXhwIjogMTc4MjIyMzE3NX0%3D.d97c080ac2ae57d6b42057826b9b4499 HTTP/1.1" 404
2026-05-30 06:38:00  INFO     uvicorn.access  172.70.215.75:13354 - "GET /api/history/image/xiaoan/1779952492326_5657_0.png?token=eyJpZCI6IDAsICJ1c2VybmFtZSI6ICJ4aWFvYW4iLCAicm9sZSI6IDAsICJpc19hZG1pbiI6IGZhbHNlLCAiZXhwIjogMTc4MjIyMzE3NX0%3D.d97c080ac2ae57d6b42057826b9b4499 HTTP/1.1" 404
2026-05-30 06:38:00  INFO     uvicorn.access  172.70.215.120:12905 - "GET /api/history/image/xiaoan/1779951685659_4985_0.png?token=eyJpZCI6IDAsICJ1c2VybmFtZSI6ICJ4aWFvYW4iLCAicm9sZSI6IDAsICJpc19hZG1pbiI6IGZhbHNlLCAiZXhwIjogMTc4MjIyMzE3NX0%3D.d97c080ac2ae57d6b42057826b9b4499 HTTP/1.1" 404
2026-05-30 06:38:44  INFO     uvicorn.access  172.64.217.53:11464 - "POST /auth/verify HTTP/1.1" 200
2026-05-30 06:38:52  INFO     uvicorn.access  172.64.217.52:13104 - "POST /api/gallery/upload HTTP/1.1" 200
2026-05-30 06:38:54  INFO     uvicorn.access  172.64.217.52:13104 - "GET /gallery HTTP/1.1" 200
2026-05-30 06:38:54  INFO     uvicorn.access  172.64.217.41:10984 - "GET /static/css/gallery.css?v=1779876137 HTTP/1.1" 200
2026-05-30 06:38:54  INFO     uvicorn.access  172.70.215.49:9319 - "GET /static/js/gallery.js?v=1779876137 HTTP/1.1" 304
2026-05-30 06:38:54  INFO     uvicorn.access  172.64.217.52:13104 - "GET /api/announcement?page=gallery HTTP/1.1" 200
2026-05-30 06:38:54  INFO     uvicorn.access  172.64.217.52:13104 - "POST /auth/verify HTTP/1.1" 200
2026-05-30 06:38:54  INFO     uvicorn.access  172.64.217.52:13104 - "GET /api/gallery/liked?fingerprint=3c57f162 HTTP/1.1" 200
2026-05-30 06:38:55  INFO     uvicorn.access  172.64.217.52:13104 - "GET /api/gallery/images?page=1&sort=likes HTTP/1.1" 200
2026-05-30 06:38:55  INFO     uvicorn.access  104.23.251.95:14274 - "GET /api/gallery/avatar/IMG_8578.png HTTP/1.1" 200
2026-05-30 06:38:55  INFO     uvicorn.access  162.158.187.70:11836 - "GET /api/gallery/avatar/IMG_8536.png HTTP/1.1" 200
2026-05-30 06:38:55  INFO     uvicorn.access  162.158.90.59:12748 - "GET /api/gallery/avatar/IMG_8531.png HTTP/1.1" 200
2026-05-30 06:38:55  INFO     uvicorn.access  172.70.207.44:13576 - "GET /api/gallery/avatar/IMG_8559.png HTTP/1.1" 200
2026-05-30 06:38:55  INFO     uvicorn.access  162.158.187.132:11323 - "GET /api/gallery/file/5288082c3c2f480ba32bf60a2b7a0a8d.png HTTP/1.1" 200
2026-05-30 06:38:55  INFO     uvicorn.access  172.64.217.125:10906 - "GET /api/gallery/file/bf8659bfd921477e9b19db3dc33fb5b1.png HTTP/1.1" 200
2026-05-30 06:38:55  INFO     uvicorn.access  172.70.214.38:13860 - "GET /api/gallery/file/4146c931c3244121ae6704675aad583b.png HTTP/1.1" 200
2026-05-30 06:38:55  INFO     uvicorn.access  162.158.187.135:11083 - "GET /api/gallery/file/b9dcee91db814cababe7148f68511586.png HTTP/1.1" 200
2026-05-30 06:38:55  INFO     uvicorn.access  172.70.207.184:9689 - "GET /api/gallery/file/03ebfe77ba784cd4967369a9bf682555.png HTTP/1.1" 200
2026-05-30 06:38:55  INFO     uvicorn.access  172.69.33.27:13261 - "GET /api/gallery/file/504cff89cfa0457a983588b56e14224d.png HTTP/1.1" 200
2026-05-30 06:38:55  INFO     uvicorn.access  172.70.206.45:12711 - "GET /api/gallery/file/039985f90d01467c8aa2f27d4b719282.png HTTP/1.1" 200
2026-05-30 06:38:55  INFO     uvicorn.access  162.158.90.145:10914 - "GET /api/gallery/file/3afbc016ab104c9eb569ca1c3d813b39.png HTTP/1.1" 200
2026-05-30 06:41:50  INFO     uvicorn.access  172.64.217.53:12505 - "GET /api/history/list HTTP/1.1" 200
2026-05-30 06:41:51  INFO     uvicorn.access  172.64.217.53:12505 - "POST /api/balance/overview HTTP/1.1" 400
2026-05-30 06:54:52  INFO     uvicorn.access  172.70.47.159:13207 - "POST /api/proxy/v1/images/edits HTTP/1.1" 200
2026-05-30 06:56:20  INFO     uvicorn.access  172.71.98.54:11719 - "GET /play HTTP/1.1" 200
2026-05-30 06:56:22  INFO     uvicorn.access  104.23.168.56:13082 - "GET /api/announcement?page=play HTTP/1.1" 200
2026-05-30 07:01:46  INFO     uvicorn.access  172.70.47.159:12320 - "POST /api/proxy/v1/images/edits HTTP/1.1" 200
2026-05-30 07:02:03  INFO     uvicorn.access  172.71.98.54:9516 - "GET /api/proxy/v1/models HTTP/1.1" 200
2026-05-30 07:02:31  INFO     uvicorn.access  172.70.47.159:11216 - "POST /api/proxy/v1/chat/completions HTTP/1.1" 200
2026-05-30 07:02:45  INFO     uvicorn.access  172.70.47.159:11216 - "POST /api/proxy/v1/chat/completions HTTP/1.1" 200
2026-05-30 07:03:01  INFO     uvicorn.access  172.70.47.159:11216 - "POST /api/proxy/v1/chat/completions HTTP/1.1" 200
2026-05-30 07:06:00  INFO     uvicorn.access  172.71.98.54:13815 - "POST /api/proxy/v1/images/generations HTTP/1.1" 200
2026-05-30 07:15:31  INFO     uvicorn.access  172.71.98.54:11168 - "POST /api/proxy/v1/images/generations HTTP/1.1" 200
2026-05-30 07:18:02  INFO     uvicorn.access  172.68.225.118:10327 - "GET /api/proxy/v1/models HTTP/1.1" 200
2026-05-30 07:18:17  INFO     uvicorn.access  172.71.98.54:11149 - "POST /api/proxy/v1/images/generations HTTP/1.1" 200
2026-05-30 07:19:02  INFO     uvicorn.access  172.68.225.118:10840 - "POST /api/proxy/v1/images/edits HTTP/1.1" 200
2026-05-30 07:19:06  INFO     uvicorn.access  172.68.225.118:10840 - "POST /api/history/save HTTP/1.1" 200
2026-05-30 07:19:06  INFO     uvicorn.access  172.68.225.118:10840 - "GET /api/history/usage HTTP/1.1" 200
2026-05-30 07:19:43  INFO     uvicorn.access  172.71.98.55:11440 - "POST /api/proxy/v1/images/generations HTTP/1.1" 200
2026-05-30 07:22:46  INFO     uvicorn.access  172.71.95.25:12341 - "POST /api/proxy/v1/images/edits HTTP/1.1" 200
2026-05-30 07:24:32  INFO     uvicorn.access  172.71.98.55:13831 - "POST /api/proxy/v1/images/edits HTTP/1.1" 200
2026-05-30 07:25:59  INFO     uvicorn.access  172.71.98.55:10194 - "POST /api/proxy/v1/images/edits HTTP/1.1" 200
2026-05-30 07:27:18  INFO     uvicorn.access  162.159.98.204:13578 - "POST /api/proxy/v1/images/edits HTTP/1.1" 200
2026-05-30 07:27:34  INFO     uvicorn.access  162.159.98.204:14093 - "POST /api/history/save HTTP/1.1" 200
2026-05-30 07:27:34  INFO     uvicorn.access  162.159.98.204:14093 - "GET /api/history/usage HTTP/1.1" 200
2026-05-30 07:30:04  INFO     uvicorn.access  172.71.183.163:13711 - "POST /api/proxy/v1/images/edits HTTP/1.1" 200
2026-05-30 07:30:09  INFO     uvicorn.access  172.71.183.164:10757 - "POST /api/proxy/v1/images/edits HTTP/1.1" 200
2026-05-30 07:32:53  INFO     uvicorn.access  104.23.168.57:14134 - "POST /api/proxy/v1/images/edits HTTP/1.1" 200
2026-05-30 07:35:09  INFO     uvicorn.access  172.70.47.159:10571 - "POST /api/proxy/v1/images/edits HTTP/1.1" 200
2026-05-30 07:37:25  INFO     uvicorn.access  172.70.47.159:9904 - "POST /api/proxy/v1/images/edits HTTP/1.1" 200
2026-05-30 07:38:13  INFO     uvicorn.access  162.159.98.204:13249 - "POST /api/proxy/v1/images/generations HTTP/1.1" 200
2026-05-30 07:38:20  INFO     uvicorn.access  162.159.98.204:11825 - "POST /api/history/save HTTP/1.1" 200
2026-05-30 07:38:21  INFO     uvicorn.access  162.159.98.204:11825 - "GET /api/history/usage HTTP/1.1" 200
2026-05-30 07:39:09  INFO     uvicorn.access  104.23.166.134:13607 - "POST /api/proxy/v1/images/edits HTTP/1.1" 200
2026-05-30 07:39:52  INFO     uvicorn.access  162.159.98.205:11529 - "POST /api/proxy/v1/images/generations HTTP/1.1" 200
2026-05-30 07:40:05  INFO     uvicorn.access  162.159.98.205:13116 - "POST /api/history/save HTTP/1.1" 200
2026-05-30 07:40:06  INFO     uvicorn.access  162.159.98.205:13116 - "GET /api/history/usage HTTP/1.1" 200
2026-05-30 07:40:36  INFO     uvicorn.access  104.23.170.178:14030 - "POST /api/proxy/v1/images/edits HTTP/1.1" 200
2026-05-30 07:48:23  WARNING  app.routers.api_proxy  代理上游返回 HTML 错误 [524] https://newapi-cf.qianqianye.com/v1/images/edits: <!DOCTYPE html>
<!--[if lt IE 7]> <html class="no-js ie6 oldie" lang="en-US"> <![endif]-->
<!--[if I
2026-05-30 07:49:04  INFO     uvicorn.access  104.23.170.179:11531 - "GET /play HTTP/1.1" 200
2026-05-30 07:49:04  INFO     uvicorn.access  104.23.170.179:11531 - "GET /api/announcement?page=play HTTP/1.1" 200
2026-05-30 07:49:26  INFO     uvicorn.access  104.23.170.179:10044 - "GET /api/proxy/v1/models HTTP/1.1" 200
2026-05-30 07:50:20  INFO     uvicorn.access  172.70.47.160:9674 - "POST /api/proxy/v1/images/edits HTTP/1.1" 200
2026-05-30 07:50:43  INFO     uvicorn.access  104.23.170.179:10051 - "POST /api/proxy/v1/images/edits HTTP/1.1" 200
2026-05-30 07:54:38  INFO     uvicorn.access  172.70.47.159:12528 - "POST /api/proxy/v1/images/edits HTTP/1.1" 200
2026-05-30 07:56:08  INFO     uvicorn.access  172.70.47.160:11874 - "POST /api/proxy/v1/images/edits HTTP/1.1" 200
2026-05-30 07:58:00  INFO     uvicorn.access  172.71.98.55:12674 - "POST /api/proxy/v1/images/edits HTTP/1.1" 200
2026-05-30 08:00:38  INFO     uvicorn.access  172.71.183.164:12564 - "POST /api/proxy/v1/images/edits HTTP/1.1" 200
2026-05-30 08:02:05  INFO     uvicorn.access  172.71.183.164:13892 - "POST /api/proxy/v1/images/edits HTTP/1.1" 200
2026-05-30 08:04:12  INFO     uvicorn.access  172.71.103.138:12416 - "POST /api/proxy/v1/images/edits HTTP/1.1" 200
2026-05-30 08:10:23  INFO     uvicorn.access  172.70.47.160:11283 - "POST /api/proxy/v1/images/edits HTTP/1.1" 200
2026-05-30 08:11:18  INFO     uvicorn.access  172.71.95.25:11387 - "POST /api/proxy/v1/images/edits HTTP/1.1" 200
2026-05-30 08:16:33  INFO     uvicorn.access  162.158.178.121:9680 - "POST /api/proxy/v1/images/generations HTTP/1.1" 200
2026-05-30 08:16:51  INFO     uvicorn.access  162.158.178.120:10402 - "POST /api/history/save HTTP/1.1" 200
2026-05-30 08:16:52  INFO     uvicorn.access  162.158.178.120:10402 - "GET /api/history/usage HTTP/1.1" 200
2026-05-30 08:18:57  INFO     uvicorn.access  172.71.98.54:13750 - "POST /api/proxy/v1/images/edits HTTP/1.1" 200
2026-05-30 08:20:44  WARNING  app.routers.api_proxy  代理上游返回 HTML 错误 [524] https://newapi-cf.qianqianye.com/v1/images/generations: <!DOCTYPE html>
<!--[if lt IE 7]> <html class="no-js ie6 oldie" lang="en-US"> <![endif]-->
<!--[if I
2026-05-30 08:21:48  INFO     uvicorn.access  172.68.225.119:11420 - "POST /api/proxy/v1/images/edits HTTP/1.1" 200
2026-05-30 08:22:01  INFO     uvicorn.access  172.68.225.118:14247 - "POST /api/history/save HTTP/1.1" 200
2026-05-30 08:22:01  INFO     uvicorn.access  172.68.225.118:14247 - "GET /api/history/usage HTTP/1.1" 200
2026-05-30 08:29:19  INFO     uvicorn.access  162.159.113.107:10070 - "POST /api/proxy/v1/images/generations HTTP/1.1" 200
2026-05-30 08:30:47  INFO     uvicorn.access  162.159.113.107:13601 - "POST /api/proxy/v1/images/generations HTTP/1.1" 200
2026-05-30 08:35:07  INFO     uvicorn.access  104.23.170.179:10070 - "POST /api/proxy/v1/images/generations HTTP/1.1" 200
2026-05-30 08:43:25  INFO     uvicorn.access  141.101.76.54:12366 - "POST /api/proxy/v1/images/generations HTTP/1.1" 200
2026-05-30 08:44:48  INFO     uvicorn.access  172.68.225.119:10291 - "POST /api/proxy/v1/images/edits HTTP/1.1" 200
2026-05-30 08:45:02  INFO     uvicorn.access  172.68.225.118:9994 - "POST /api/history/save HTTP/1.1" 200
2026-05-30 08:45:03  INFO     uvicorn.access  172.68.225.118:9994 - "GET /api/history/usage HTTP/1.1" 200
2026-05-30 08:46:46  INFO     uvicorn.access  162.159.113.107:9572 - "POST /api/proxy/v1/images/edits HTTP/1.1" 200
2026-05-30 08:48:12  INFO     uvicorn.access  172.71.103.138:9401 - "POST /api/proxy/v1/images/generations HTTP/1.1" 200
2026-05-30 09:04:12  INFO     uvicorn.access  104.23.166.134:11187 - "POST /api/proxy/v1/images/generations HTTP/1.1" 200
2026-05-30 09:04:33  INFO     uvicorn.access  104.23.166.135:13604 - "POST /api/proxy/v1/images/edits HTTP/1.1" 200
2026-05-30 09:06:35  INFO     uvicorn.access  172.71.103.138:12540 - "POST /api/proxy/v1/images/edits HTTP/1.1" 200
2026-05-30 09:08:53  INFO     uvicorn.access  172.71.215.37:9998 - "POST /api/proxy/v1/images/edits HTTP/1.1" 200
2026-05-30 09:09:05  INFO     uvicorn.access  172.71.215.37:9874 - "POST /api/history/save HTTP/1.1" 200
2026-05-30 09:09:05  INFO     uvicorn.access  172.71.215.37:9874 - "GET /api/history/usage HTTP/1.1" 200
2026-05-30 09:09:34  INFO     uvicorn.access  172.71.183.164:12870 - "POST /api/proxy/v1/images/edits HTTP/1.1" 200
2026-05-30 09:13:39  INFO     uvicorn.access  172.71.98.54:12940 - "POST /api/proxy/v1/images/edits HTTP/1.1" 200
2026-05-30 09:16:43  INFO     uvicorn.access  172.68.225.119:11309 - "POST /api/proxy/v1/images/edits HTTP/1.1" 200
2026-05-30 09:17:02  INFO     uvicorn.access  172.68.225.119:12160 - "POST /api/history/save HTTP/1.1" 200
2026-05-30 09:17:03  INFO     uvicorn.access  172.68.225.119:12160 - "GET /api/history/usage HTTP/1.1" 200
2026-05-30 09:18:47  INFO     uvicorn.access  172.68.225.119:12354 - "POST /api/proxy/v1/images/edits HTTP/1.1" 200
2026-05-30 09:18:52  INFO     uvicorn.access  13.59.164.217:18164 - "GET / HTTP/1.1" 200
2026-05-30 09:19:19  INFO     uvicorn.access  172.68.225.118:13743 - "POST /api/history/save HTTP/1.1" 200
2026-05-30 09:19:19  INFO     uvicorn.access  172.68.225.118:13743 - "GET /api/history/usage HTTP/1.1" 200
2026-05-30 09:20:39  INFO     uvicorn.access  13.59.164.217:23124 - "GET / HTTP/1.1" 200
2026-05-30 09:21:32  WARNING  uvicorn.error  Invalid HTTP request received.
2026-05-30 09:22:46  WARNING  uvicorn.error  Invalid HTTP request received.
2026-05-30 09:26:35  INFO     uvicorn.access  172.70.47.159:12500 - "POST /api/proxy/v1/images/generations HTTP/1.1" 200
2026-05-30 09:31:37  INFO     uvicorn.access  172.71.103.138:11448 - "POST /api/proxy/v1/images/generations HTTP/1.1" 200
2026-05-30 09:36:06  INFO     uvicorn.access  104.23.172.35:13605 - "GET / HTTP/1.1" 200
2026-05-30 09:50:58  INFO     uvicorn.access  172.71.98.55:13108 - "GET / HTTP/1.1" 200
2026-05-30 09:51:46  INFO     uvicorn.access  5.187.35.142:50430 - "GET /../../../../../../etc/passwd HTTP/1.1" 404
2026-05-30 10:08:00  WARNING  uvicorn.error  Invalid HTTP request received.
2026-05-30 10:38:53  WARNING  uvicorn.error  Invalid HTTP request received.
2026-05-30 10:43:27  INFO     uvicorn.access  104.23.251.190:13265 - "GET /play HTTP/1.1" 200
2026-05-30 10:43:27  INFO     uvicorn.access  162.158.91.115:12491 - "GET /static/css/common.css HTTP/1.1" 304
2026-05-30 10:43:27  INFO     uvicorn.access  172.69.33.65:9760 - "GET /static/js/play.js?v=1779876137 HTTP/1.1" 304
2026-05-30 10:43:27  INFO     uvicorn.access  172.64.217.137:11192 - "GET /static/js/common.js HTTP/1.1" 304
2026-05-30 10:43:27  INFO     uvicorn.access  172.70.215.22:12748 - "GET /static/css/play.css?v=1779876137 HTTP/1.1" 304
2026-05-30 10:43:27  INFO     uvicorn.access  162.158.90.236:13280 - "GET /api/announcement?page=play HTTP/1.1" 200
2026-05-30 10:43:27  INFO     uvicorn.access  162.158.90.236:13280 - "GET /api/history/usage HTTP/1.1" 200
2026-05-30 10:43:27  INFO     uvicorn.access  162.158.90.236:13280 - "GET /api/history/list HTTP/1.1" 200
2026-05-30 10:44:11  INFO     uvicorn.access  172.70.206.51:11027 - "GET /api/history/image/7878/1780132622668_6919_0.png?token=eyJpZCI6IDAsICJ1c2VybmFtZSI6ICI3ODc4IiwgInJvbGUiOiAwLCAiaXNfYWRtaW4iOiBmYWxzZSwgImV4cCI6IDE3ODI0NTU1MTB9.0ace470850350752585ebc9f59bafee5 HTTP/1.1" 404
2026-05-30 10:44:11  INFO     uvicorn.access  172.64.217.94:9518 - "GET /api/history/image/7878/1780113670143_9967_0.png?token=eyJpZCI6IDAsICJ1c2VybmFtZSI6ICI3ODc4IiwgInJvbGUiOiAwLCAiaXNfYWRtaW4iOiBmYWxzZSwgImV4cCI6IDE3ODI0NTU1MTB9.0ace470850350752585ebc9f59bafee5 HTTP/1.1" 404
2026-05-30 10:44:11  INFO     uvicorn.access  172.70.206.46:14007 - "GET /api/history/image/7878/1780126700910_2604_0.png?token=eyJpZCI6IDAsICJ1c2VybmFtZSI6ICI3ODc4IiwgInJvbGUiOiAwLCAiaXNfYWRtaW4iOiBmYWxzZSwgImV4cCI6IDE3ODI0NTU1MTB9.0ace470850350752585ebc9f59bafee5 HTTP/1.1" 404
2026-05-30 10:44:11  INFO     uvicorn.access  172.70.214.14:14010 - "GET /api/history/image/7878/1780126805874_9370_0.png?token=eyJpZCI6IDAsICJ1c2VybmFtZSI6ICI3ODc4IiwgInJvbGUiOiAwLCAiaXNfYWRtaW4iOiBmYWxzZSwgImV4cCI6IDE3ODI0NTU1MTB9.0ace470850350752585ebc9f59bafee5 HTTP/1.1" 404
2026-05-30 10:44:11  INFO     uvicorn.access  172.70.206.47:14100 - "GET /api/history/image/7878/1780126054493_9267_0.png?token=eyJpZCI6IDAsICJ1c2VybmFtZSI6ICI3ODc4IiwgInJvbGUiOiAwLCAiaXNfYWRtaW4iOiBmYWxzZSwgImV4cCI6IDE3ODI0NTU1MTB9.0ace470850350752585ebc9f59bafee5 HTTP/1.1" 404
2026-05-30 10:44:11  INFO     uvicorn.access  104.23.251.82:13627 - "GET /api/history/image/7878/1780132759175_9184_0.png?token=eyJpZCI6IDAsICJ1c2VybmFtZSI6ICI3ODc4IiwgInJvbGUiOiAwLCAiaXNfYWRtaW4iOiBmYWxzZSwgImV4cCI6IDE3ODI0NTU1MTB9.0ace470850350752585ebc9f59bafee5 HTTP/1.1" 404
2026-05-30 10:44:11  INFO     uvicorn.access  104.23.251.189:11262 - "GET /api/history/image/7878/1780132145643_9694_0.png?token=eyJpZCI6IDAsICJ1c2VybmFtZSI6ICI3ODc4IiwgInJvbGUiOiAwLCAiaXNfYWRtaW4iOiBmYWxzZSwgImV4cCI6IDE3ODI0NTU1MTB9.0ace470850350752585ebc9f59bafee5 HTTP/1.1" 404
2026-05-30 10:44:11  INFO     uvicorn.access  172.69.33.37:12528 - "GET /api/history/image/7878/1780117574221_4810_0.png?token=eyJpZCI6IDAsICJ1c2VybmFtZSI6ICI3ODc4IiwgInJvbGUiOiAwLCAiaXNfYWRtaW4iOiBmYWxzZSwgImV4cCI6IDE3ODI0NTU1MTB9.0ace470850350752585ebc9f59bafee5 HTTP/1.1" 404
2026-05-30 10:44:11  INFO     uvicorn.access  172.70.206.82:11446 - "GET /api/history/image/7878/1780113190688_8443_0.png?token=eyJpZCI6IDAsICJ1c2VybmFtZSI6ICI3ODc4IiwgInJvbGUiOiAwLCAiaXNfYWRtaW4iOiBmYWxzZSwgImV4cCI6IDE3ODI0NTU1MTB9.0ace470850350752585ebc9f59bafee5 HTTP/1.1" 404
2026-05-30 10:44:11  INFO     uvicorn.access  172.70.206.26:11650 - "GET /api/history/image/7878/1780113483884_5463_0.png?token=eyJpZCI6IDAsICJ1c2VybmFtZSI6ICI3ODc4IiwgInJvbGUiOiAwLCAiaXNfYWRtaW4iOiBmYWxzZSwgImV4cCI6IDE3ODI0NTU1MTB9.0ace470850350752585ebc9f59bafee5 HTTP/1.1" 404
2026-05-30 10:44:11  INFO     uvicorn.access  172.70.214.59:9851 - "GET /api/history/image/7878/1780129321057_7236_0.png?token=eyJpZCI6IDAsICJ1c2VybmFtZSI6ICI3ODc4IiwgInJvbGUiOiAwLCAiaXNfYWRtaW4iOiBmYWxzZSwgImV4cCI6IDE3ODI0NTU1MTB9.0ace470850350752585ebc9f59bafee5 HTTP/1.1" 404
2026-05-30 10:44:11  INFO     uvicorn.access  172.70.215.104:11387 - "GET /api/history/image/7878/1780113573719_3197_0.png?token=eyJpZCI6IDAsICJ1c2VybmFtZSI6ICI3ODc4IiwgInJvbGUiOiAwLCAiaXNfYWRtaW4iOiBmYWxzZSwgImV4cCI6IDE3ODI0NTU1MTB9.0ace470850350752585ebc9f59bafee5 HTTP/1.1" 404
2026-05-30 10:44:11  INFO     uvicorn.access  172.70.214.2:12149 - "GET /api/history/image/7878/1780125546135_2012_0.png?token=eyJpZCI6IDAsICJ1c2VybmFtZSI6ICI3ODc4IiwgInJvbGUiOiAwLCAiaXNfYWRtaW4iOiBmYWxzZSwgImV4cCI6IDE3ODI0NTU1MTB9.0ace470850350752585ebc9f59bafee5 HTTP/1.1" 404
2026-05-30 10:44:11  INFO     uvicorn.access  104.23.251.220:13104 - "GET /api/history/image/7878/1780120406633_1305_0.png?token=eyJpZCI6IDAsICJ1c2VybmFtZSI6ICI3ODc4IiwgInJvbGUiOiAwLCAiaXNfYWRtaW4iOiBmYWxzZSwgImV4cCI6IDE3ODI0NTU1MTB9.0ace470850350752585ebc9f59bafee5 HTTP/1.1" 404
2026-05-30 10:44:11  INFO     uvicorn.access  104.23.251.220:13100 - "GET /api/history/image/7878/1780123075553_6867_0.png?token=eyJpZCI6IDAsICJ1c2VybmFtZSI6ICI3ODc4IiwgInJvbGUiOiAwLCAiaXNfYWRtaW4iOiBmYWxzZSwgImV4cCI6IDE3ODI0NTU1MTB9.0ace470850350752585ebc9f59bafee5 HTTP/1.1" 404
2026-05-30 10:44:11  INFO     uvicorn.access  104.23.251.137:9391 - "GET /api/history/image/7878/1780112876272_1283_0.png?token=eyJpZCI6IDAsICJ1c2VybmFtZSI6ICI3ODc4IiwgInJvbGUiOiAwLCAiaXNfYWRtaW4iOiBmYWxzZSwgImV4cCI6IDE3ODI0NTU1MTB9.0ace470850350752585ebc9f59bafee5 HTTP/1.1" 404
2026-05-30 10:44:11  INFO     uvicorn.access  162.158.91.99:10046 - "GET /api/history/image/7878/1780130702912_5514_0.png?token=eyJpZCI6IDAsICJ1c2VybmFtZSI6ICI3ODc4IiwgInJvbGUiOiAwLCAiaXNfYWRtaW4iOiBmYWxzZSwgImV4cCI6IDE3ODI0NTU1MTB9.0ace470850350752585ebc9f59bafee5 HTTP/1.1" 404
2026-05-30 10:44:11  INFO     uvicorn.access  104.23.251.135:9548 - "GET /api/history/image/7878/1780117384312_9338_0.png?token=eyJpZCI6IDAsICJ1c2VybmFtZSI6ICI3ODc4IiwgInJvbGUiOiAwLCAiaXNfYWRtaW4iOiBmYWxzZSwgImV4cCI6IDE3ODI0NTU1MTB9.0ace470850350752585ebc9f59bafee5 HTTP/1.1" 404
2026-05-30 10:44:11  INFO     uvicorn.access  162.158.91.144:9885 - "GET /api/history/image/7878/1780129011854_2082_0.png?token=eyJpZCI6IDAsICJ1c2VybmFtZSI6ICI3ODc4IiwgInJvbGUiOiAwLCAiaXNfYWRtaW4iOiBmYWxzZSwgImV4cCI6IDE3ODI0NTU1MTB9.0ace470850350752585ebc9f59bafee5 HTTP/1.1" 404
2026-05-30 10:44:11  INFO     uvicorn.access  162.158.187.195:14301 - "GET /api/history/image/7878/1780111907469_9651_0.png?token=eyJpZCI6IDAsICJ1c2VybmFtZSI6ICI3ODc4IiwgInJvbGUiOiAwLCAiaXNfYWRtaW4iOiBmYWxzZSwgImV4cCI6IDE3ODI0NTU1MTB9.0ace470850350752585ebc9f59bafee5 HTTP/1.1" 404
2026-05-30 10:44:12  INFO     uvicorn.access  172.70.215.52:13022 - "GET /api/history/image/7878/1780111497551_1016_0.png?token=eyJpZCI6IDAsICJ1c2VybmFtZSI6ICI3ODc4IiwgInJvbGUiOiAwLCAiaXNfYWRtaW4iOiBmYWxzZSwgImV4cCI6IDE3ODI0NTU1MTB9.0ace470850350752585ebc9f59bafee5 HTTP/1.1" 404
2026-05-30 10:44:12  INFO     uvicorn.access  104.23.251.145:14262 - "GET /api/history/image/7878/1780111021723_2584_0.png?token=eyJpZCI6IDAsICJ1c2VybmFtZSI6ICI3ODc4IiwgInJvbGUiOiAwLCAiaXNfYWRtaW4iOiBmYWxzZSwgImV4cCI6IDE3ODI0NTU1MTB9.0ace470850350752585ebc9f59bafee5 HTTP/1.1" 404
2026-05-30 10:44:12  INFO     uvicorn.access  162.158.187.185:11848 - "GET /api/history/image/7878/1780111797419_8270_0.png?token=eyJpZCI6IDAsICJ1c2VybmFtZSI6ICI3ODc4IiwgInJvbGUiOiAwLCAiaXNfYWRtaW4iOiBmYWxzZSwgImV4cCI6IDE3ODI0NTU1MTB9.0ace470850350752585ebc9f59bafee5 HTTP/1.1" 404
2026-05-30 10:44:12  INFO     uvicorn.access  104.23.251.144:12653 - "GET /api/history/image/7878/1780111218872_2760_0.png?token=eyJpZCI6IDAsICJ1c2VybmFtZSI6ICI3ODc4IiwgInJvbGUiOiAwLCAiaXNfYWRtaW4iOiBmYWxzZSwgImV4cCI6IDE3ODI0NTU1MTB9.0ace470850350752585ebc9f59bafee5 HTTP/1.1" 404
2026-05-30 10:44:14  INFO     uvicorn.access  172.69.33.28:10245 - "GET /api/history/image/7878/1780110019861_7109_0.png?token=eyJpZCI6IDAsICJ1c2VybmFtZSI6ICI3ODc4IiwgInJvbGUiOiAwLCAiaXNfYWRtaW4iOiBmYWxzZSwgImV4cCI6IDE3ODI0NTU1MTB9.0ace470850350752585ebc9f59bafee5 HTTP/1.1" 404
2026-05-30 10:44:14  INFO     uvicorn.access  172.70.206.166:13544 - "GET /api/history/image/7878/1780109514384_4416_0.png?token=eyJpZCI6IDAsICJ1c2VybmFtZSI6ICI3ODc4IiwgInJvbGUiOiAwLCAiaXNfYWRtaW4iOiBmYWxzZSwgImV4cCI6IDE3ODI0NTU1MTB9.0ace470850350752585ebc9f59bafee5 HTTP/1.1" 404
2026-05-30 10:44:14  INFO     uvicorn.access  104.23.251.183:12713 - "GET /api/history/image/7878/1780109822690_1416_0.png?token=eyJpZCI6IDAsICJ1c2VybmFtZSI6ICI3ODc4IiwgInJvbGUiOiAwLCAiaXNfYWRtaW4iOiBmYWxzZSwgImV4cCI6IDE3ODI0NTU1MTB9.0ace470850350752585ebc9f59bafee5 HTTP/1.1" 404
2026-05-30 10:44:14  INFO     uvicorn.access  172.70.206.118:12150 - "GET /api/history/image/7878/1780109236801_3573_0.png?token=eyJpZCI6IDAsICJ1c2VybmFtZSI6ICI3ODc4IiwgInJvbGUiOiAwLCAiaXNfYWRtaW4iOiBmYWxzZSwgImV4cCI6IDE3ODI0NTU1MTB9.0ace470850350752585ebc9f59bafee5 HTTP/1.1" 404
2026-05-30 10:44:17  INFO     uvicorn.access  172.70.206.72:12616 - "GET /api/history/image/7878/1780108997506_8718_0.png?token=eyJpZCI6IDAsICJ1c2VybmFtZSI6ICI3ODc4IiwgInJvbGUiOiAwLCAiaXNfYWRtaW4iOiBmYWxzZSwgImV4cCI6IDE3ODI0NTU1MTB9.0ace470850350752585ebc9f59bafee5 HTTP/1.1" 404
2026-05-30 10:44:17  INFO     uvicorn.access  162.158.90.56:11336 - "GET /api/history/image/7878/1780109146019_6599_0.png?token=eyJpZCI6IDAsICJ1c2VybmFtZSI6ICI3ODc4IiwgInJvbGUiOiAwLCAiaXNfYWRtaW4iOiBmYWxzZSwgImV4cCI6IDE3ODI0NTU1MTB9.0ace470850350752585ebc9f59bafee5 HTTP/1.1" 404
2026-05-30 10:44:17  INFO     uvicorn.access  172.64.217.12:14319 - "GET /api/history/image/7878/1780108548502_7434_0.png?token=eyJpZCI6IDAsICJ1c2VybmFtZSI6ICI3ODc4IiwgInJvbGUiOiAwLCAiaXNfYWRtaW4iOiBmYWxzZSwgImV4cCI6IDE3ODI0NTU1MTB9.0ace470850350752585ebc9f59bafee5 HTTP/1.1" 404
2026-05-30 10:44:17  INFO     uvicorn.access  104.23.251.50:12750 - "GET /api/history/image/7878/1780108750962_1224_0.png?token=eyJpZCI6IDAsICJ1c2VybmFtZSI6ICI3ODc4IiwgInJvbGUiOiAwLCAiaXNfYWRtaW4iOiBmYWxzZSwgImV4cCI6IDE3ODI0NTU1MTB9.0ace470850350752585ebc9f59bafee5 HTTP/1.1" 404
2026-05-30 10:44:17  INFO     uvicorn.access  172.69.33.41:9511 - "GET /api/history/image/7878/1780107936762_8548_0.png?token=eyJpZCI6IDAsICJ1c2VybmFtZSI6ICI3ODc4IiwgInJvbGUiOiAwLCAiaXNfYWRtaW4iOiBmYWxzZSwgImV4cCI6IDE3ODI0NTU1MTB9.0ace470850350752585ebc9f59bafee5 HTTP/1.1" 404
2026-05-30 10:44:17  INFO     uvicorn.access  172.64.217.98:9435 - "GET /api/history/image/7878/1780108180124_3000_0.png?token=eyJpZCI6IDAsICJ1c2VybmFtZSI6ICI3ODc4IiwgInJvbGUiOiAwLCAiaXNfYWRtaW4iOiBmYWxzZSwgImV4cCI6IDE3ODI0NTU1MTB9.0ace470850350752585ebc9f59bafee5 HTTP/1.1" 404
2026-05-30 10:44:17  INFO     uvicorn.access  172.70.214.8:14241 - "GET /api/history/image/7878/1780108330551_8758_0.png?token=eyJpZCI6IDAsICJ1c2VybmFtZSI6ICI3ODc4IiwgInJvbGUiOiAwLCAiaXNfYWRtaW4iOiBmYWxzZSwgImV4cCI6IDE3ODI0NTU1MTB9.0ace470850350752585ebc9f59bafee5 HTTP/1.1" 404
2026-05-30 10:44:17  INFO     uvicorn.access  172.70.206.5:12220 - "GET /api/history/image/7878/1780107546171_4585_0.png?token=eyJpZCI6IDAsICJ1c2VybmFtZSI6ICI3ODc4IiwgInJvbGUiOiAwLCAiaXNfYWRtaW4iOiBmYWxzZSwgImV4cCI6IDE3ODI0NTU1MTB9.0ace470850350752585ebc9f59bafee5 HTTP/1.1" 404
2026-05-30 10:44:17  INFO     uvicorn.access  172.64.217.136:9764 - "GET /api/history/image/7878/1780107225033_9546_0.png?token=eyJpZCI6IDAsICJ1c2VybmFtZSI6ICI3ODc4IiwgInJvbGUiOiAwLCAiaXNfYWRtaW4iOiBmYWxzZSwgImV4cCI6IDE3ODI0NTU1MTB9.0ace470850350752585ebc9f59bafee5 HTTP/1.1" 404
2026-05-30 10:44:17  INFO     uvicorn.access  172.70.206.70:10076 - "GET /api/history/image/7878/1780106540528_4602_0.png?token=eyJpZCI6IDAsICJ1c2VybmFtZSI6ICI3ODc4IiwgInJvbGUiOiAwLCAiaXNfYWRtaW4iOiBmYWxzZSwgImV4cCI6IDE3ODI0NTU1MTB9.0ace470850350752585ebc9f59bafee5 HTTP/1.1" 404
2026-05-30 10:44:17  INFO     uvicorn.access  162.158.186.152:12341 - "GET /api/history/image/7878/1780106859972_8852_0.png?token=eyJpZCI6IDAsICJ1c2VybmFtZSI6ICI3ODc4IiwgInJvbGUiOiAwLCAiaXNfYWRtaW4iOiBmYWxzZSwgImV4cCI6IDE3ODI0NTU1MTB9.0ace470850350752585ebc9f59bafee5 HTTP/1.1" 404
2026-05-30 10:44:17  INFO     uvicorn.access  172.70.206.28:11875 - "GET /api/history/image/7878/1780106667638_6458_0.png?token=eyJpZCI6IDAsICJ1c2VybmFtZSI6ICI3ODc4IiwgInJvbGUiOiAwLCAiaXNfYWRtaW4iOiBmYWxzZSwgImV4cCI6IDE3ODI0NTU1MTB9.0ace470850350752585ebc9f59bafee5 HTTP/1.1" 404
2026-05-30 10:44:18  INFO     uvicorn.access  172.64.217.166:12839 - "GET /api/history/image/7878/1780106320967_7820_0.png?token=eyJpZCI6IDAsICJ1c2VybmFtZSI6ICI3ODc4IiwgInJvbGUiOiAwLCAiaXNfYWRtaW4iOiBmYWxzZSwgImV4cCI6IDE3ODI0NTU1MTB9.0ace470850350752585ebc9f59bafee5 HTTP/1.1" 404
2026-05-30 10:44:18  INFO     uvicorn.access  162.158.186.140:12967 - "GET /api/history/image/7878/1780103468904_6841_0.png?token=eyJpZCI6IDAsICJ1c2VybmFtZSI6ICI3ODc4IiwgInJvbGUiOiAwLCAiaXNfYWRtaW4iOiBmYWxzZSwgImV4cCI6IDE3ODI0NTU1MTB9.0ace470850350752585ebc9f59bafee5 HTTP/1.1" 404
2026-05-30 10:44:18  INFO     uvicorn.access  172.70.207.205:13035 - "GET /api/history/image/7878/1780106063163_2974_0.png?token=eyJpZCI6IDAsICJ1c2VybmFtZSI6ICI3ODc4IiwgInJvbGUiOiAwLCAiaXNfYWRtaW4iOiBmYWxzZSwgImV4cCI6IDE3ODI0NTU1MTB9.0ace470850350752585ebc9f59bafee5 HTTP/1.1" 404
2026-05-30 10:44:24  INFO     uvicorn.access  104.23.251.126:12736 - "GET /api/history/image/7878/1780046294340_4811_0.png?token=eyJpZCI6IDAsICJ1c2VybmFtZSI6ICI3ODc4IiwgInJvbGUiOiAwLCAiaXNfYWRtaW4iOiBmYWxzZSwgImV4cCI6IDE3ODI0NTU1MTB9.0ace470850350752585ebc9f59bafee5 HTTP/1.1" 404
2026-05-30 10:44:24  INFO     uvicorn.access  104.23.251.170:9617 - "GET /api/history/image/7878/1780025281726_9641_0.png?token=eyJpZCI6IDAsICJ1c2VybmFtZSI6ICI3ODc4IiwgInJvbGUiOiAwLCAiaXNfYWRtaW4iOiBmYWxzZSwgImV4cCI6IDE3ODI0NTU1MTB9.0ace470850350752585ebc9f59bafee5 HTTP/1.1" 404
2026-05-30 10:44:24  INFO     uvicorn.access  172.70.215.48:10296 - "GET /api/history/image/7878/1780024114236_5751_0.png?token=eyJpZCI6IDAsICJ1c2VybmFtZSI6ICI3ODc4IiwgInJvbGUiOiAwLCAiaXNfYWRtaW4iOiBmYWxzZSwgImV4cCI6IDE3ODI0NTU1MTB9.0ace470850350752585ebc9f59bafee5 HTTP/1.1" 404
2026-05-30 10:44:24  INFO     uvicorn.access  172.64.217.129:13253 - "GET /api/history/image/7878/1780024627116_2297_0.png?token=eyJpZCI6IDAsICJ1c2VybmFtZSI6ICI3ODc4IiwgInJvbGUiOiAwLCAiaXNfYWRtaW4iOiBmYWxzZSwgImV4cCI6IDE3ODI0NTU1MTB9.0ace470850350752585ebc9f59bafee5 HTTP/1.1" 404
2026-05-30 10:44:24  INFO     uvicorn.access  162.158.91.176:10844 - "GET /api/history/image/7878/1780030198758_5413_0.png?token=eyJpZCI6IDAsICJ1c2VybmFtZSI6ICI3ODc4IiwgInJvbGUiOiAwLCAiaXNfYWRtaW4iOiBmYWxzZSwgImV4cCI6IDE3ODI0NTU1MTB9.0ace470850350752585ebc9f59bafee5 HTTP/1.1" 404
2026-05-30 10:44:24  INFO     uvicorn.access  172.70.214.51:13906 - "GET /api/history/image/7878/1780024193832_8454_0.png?token=eyJpZCI6IDAsICJ1c2VybmFtZSI6ICI3ODc4IiwgInJvbGUiOiAwLCAiaXNfYWRtaW4iOiBmYWxzZSwgImV4cCI6IDE3ODI0NTU1MTB9.0ace470850350752585ebc9f59bafee5 HTTP/1.1" 404
2026-05-30 10:44:24  INFO     uvicorn.access  104.23.251.194:10646 - "GET /api/history/image/7878/1780022714310_2484_0.png?token=eyJpZCI6IDAsICJ1c2VybmFtZSI6ICI3ODc4IiwgInJvbGUiOiAwLCAiaXNfYWRtaW4iOiBmYWxzZSwgImV4cCI6IDE3ODI0NTU1MTB9.0ace470850350752585ebc9f59bafee5 HTTP/1.1" 404
2026-05-30 10:44:24  INFO     uvicorn.access  162.158.187.105:10877 - "GET /api/history/image/7878/1780024319848_2230_0.png?token=eyJpZCI6IDAsICJ1c2VybmFtZSI6ICI3ODc4IiwgInJvbGUiOiAwLCAiaXNfYWRtaW4iOiBmYWxzZSwgImV4cCI6IDE3ODI0NTU1MTB9.0ace470850350752585ebc9f59bafee5 HTTP/1.1" 404
2026-05-30 10:44:24  INFO     uvicorn.access  162.158.187.145:12196 - "GET /api/history/image/7878/1780025156620_1296_0.png?token=eyJpZCI6IDAsICJ1c2VybmFtZSI6ICI3ODc4IiwgInJvbGUiOiAwLCAiaXNfYWRtaW4iOiBmYWxzZSwgImV4cCI6IDE3ODI0NTU1MTB9.0ace470850350752585ebc9f59bafee5 HTTP/1.1" 404
2026-05-30 10:44:24  INFO     uvicorn.access  172.70.214.43:10520 - "GET /api/history/image/7878/1780039552528_3127_0.png?token=eyJpZCI6IDAsICJ1c2VybmFtZSI6ICI3ODc4IiwgInJvbGUiOiAwLCAiaXNfYWRtaW4iOiBmYWxzZSwgImV4cCI6IDE3ODI0NTU1MTB9.0ace470850350752585ebc9f59bafee5 HTTP/1.1" 404
2026-05-30 10:44:24  INFO     uvicorn.access  162.158.186.61:12569 - "GET /api/history/image/7878/1780035894443_7910_0.png?token=eyJpZCI6IDAsICJ1c2VybmFtZSI6ICI3ODc4IiwgInJvbGUiOiAwLCAiaXNfYWRtaW4iOiBmYWxzZSwgImV4cCI6IDE3ODI0NTU1MTB9.0ace470850350752585ebc9f59bafee5 HTTP/1.1" 404
2026-05-30 10:44:24  INFO     uvicorn.access  162.158.91.158:14251 - "GET /api/history/image/7878/1780021460787_6325_0.png?token=eyJpZCI6IDAsICJ1c2VybmFtZSI6ICI3ODc4IiwgInJvbGUiOiAwLCAiaXNfYWRtaW4iOiBmYWxzZSwgImV4cCI6IDE3ODI0NTU1MTB9.0ace470850350752585ebc9f59bafee5 HTTP/1.1" 404
2026-05-30 10:44:24  INFO     uvicorn.access  172.70.215.35:10802 - "GET /api/history/image/7878/1780023898755_6259_0.png?token=eyJpZCI6IDAsICJ1c2VybmFtZSI6ICI3ODc4IiwgInJvbGUiOiAwLCAiaXNfYWRtaW4iOiBmYWxzZSwgImV4cCI6IDE3ODI0NTU1MTB9.0ace470850350752585ebc9f59bafee5 HTTP/1.1" 404
2026-05-30 10:44:24  INFO     uvicorn.access  172.64.217.8:14079 - "GET /api/history/image/7878/1780020911422_1420_0.png?token=eyJpZCI6IDAsICJ1c2VybmFtZSI6ICI3ODc4IiwgInJvbGUiOiAwLCAiaXNfYWRtaW4iOiBmYWxzZSwgImV4cCI6IDE3ODI0NTU1MTB9.0ace470850350752585ebc9f59bafee5 HTTP/1.1" 404
2026-05-30 10:44:24  INFO     uvicorn.access  162.158.186.114:14108 - "GET /api/history/image/7878/1780042528515_7878_0.png?token=eyJpZCI6IDAsICJ1c2VybmFtZSI6ICI3ODc4IiwgInJvbGUiOiAwLCAiaXNfYWRtaW4iOiBmYWxzZSwgImV4cCI6IDE3ODI0NTU1MTB9.0ace470850350752585ebc9f59bafee5 HTTP/1.1" 404
2026-05-30 10:44:24  INFO     uvicorn.access  172.64.217.200:12910 - "GET /api/history/image/7878/1780023684594_9539_0.png?token=eyJpZCI6IDAsICJ1c2VybmFtZSI6ICI3ODc4IiwgInJvbGUiOiAwLCAiaXNfYWRtaW4iOiBmYWxzZSwgImV4cCI6IDE3ODI0NTU1MTB9.0ace470850350752585ebc9f59bafee5 HTTP/1.1" 404
2026-05-30 10:44:24  INFO     uvicorn.access  172.64.217.146:14001 - "GET /api/history/image/7878/1780023479729_8207_0.png?token=eyJpZCI6IDAsICJ1c2VybmFtZSI6ICI3ODc4IiwgInJvbGUiOiAwLCAiaXNfYWRtaW4iOiBmYWxzZSwgImV4cCI6IDE3ODI0NTU1MTB9.0ace470850350752585ebc9f59bafee5 HTTP/1.1" 404
2026-05-30 10:44:24  INFO     uvicorn.access  172.70.214.85:11021 - "GET /api/history/image/7878/1780021188876_6197_0.png?token=eyJpZCI6IDAsICJ1c2VybmFtZSI6ICI3ODc4IiwgInJvbGUiOiAwLCAiaXNfYWRtaW4iOiBmYWxzZSwgImV4cCI6IDE3ODI0NTU1MTB9.0ace470850350752585ebc9f59bafee5 HTTP/1.1" 404
2026-05-30 10:44:24  INFO     uvicorn.access  172.70.206.108:13678 - "GET /api/history/image/7878/1780021053071_4438_0.png?token=eyJpZCI6IDAsICJ1c2VybmFtZSI6ICI3ODc4IiwgInJvbGUiOiAwLCAiaXNfYWRtaW4iOiBmYWxzZSwgImV4cCI6IDE3ODI0NTU1MTB9.0ace470850350752585ebc9f59bafee5 HTTP/1.1" 404
2026-05-30 10:44:24  INFO     uvicorn.access  104.23.251.150:13601 - "GET /api/history/image/7878/1780021667353_5310_0.png?token=eyJpZCI6IDAsICJ1c2VybmFtZSI6ICI3ODc4IiwgInJvbGUiOiAwLCAiaXNfYWRtaW4iOiBmYWxzZSwgImV4cCI6IDE3ODI0NTU1MTB9.0ace470850350752585ebc9f59bafee5 HTTP/1.1" 404
2026-05-30 10:44:24  INFO     uvicorn.access  172.70.215.83:9407 - "GET /api/history/image/7878/1780021321868_8514_0.png?token=eyJpZCI6IDAsICJ1c2VybmFtZSI6ICI3ODc4IiwgInJvbGUiOiAwLCAiaXNfYWRtaW4iOiBmYWxzZSwgImV4cCI6IDE3ODI0NTU1MTB9.0ace470850350752585ebc9f59bafee5 HTTP/1.1" 404
2026-05-30 10:44:24  INFO     uvicorn.access  172.70.207.88:9579 - "GET /api/history/image/7878/1780023744250_4073_0.png?token=eyJpZCI6IDAsICJ1c2VybmFtZSI6ICI3ODc4IiwgInJvbGUiOiAwLCAiaXNfYWRtaW4iOiBmYWxzZSwgImV4cCI6IDE3ODI0NTU1MTB9.0ace470850350752585ebc9f59bafee5 HTTP/1.1" 404
2026-05-30 10:44:24  INFO     uvicorn.access  162.158.90.225:11405 - "GET /api/history/image/7878/1780024483020_2167_0.png?token=eyJpZCI6IDAsICJ1c2VybmFtZSI6ICI3ODc4IiwgInJvbGUiOiAwLCAiaXNfYWRtaW4iOiBmYWxzZSwgImV4cCI6IDE3ODI0NTU1MTB9.0ace470850350752585ebc9f59bafee5 HTTP/1.1" 404
2026-05-30 10:44:24  INFO     uvicorn.access  162.158.186.229:12579 - "GET /api/history/image/7878/1780024008038_4408_0.png?token=eyJpZCI6IDAsICJ1c2VybmFtZSI6ICI3ODc4IiwgInJvbGUiOiAwLCAiaXNfYWRtaW4iOiBmYWxzZSwgImV4cCI6IDE3ODI0NTU1MTB9.0ace470850350752585ebc9f59bafee5 HTTP/1.1" 404
2026-05-30 10:44:25  INFO     uvicorn.access  162.158.91.181:12410 - "GET /api/history/image/7878/1780020803373_9412_0.png?token=eyJpZCI6IDAsICJ1c2VybmFtZSI6ICI3ODc4IiwgInJvbGUiOiAwLCAiaXNfYWRtaW4iOiBmYWxzZSwgImV4cCI6IDE3ODI0NTU1MTB9.0ace470850350752585ebc9f59bafee5 HTTP/1.1" 404
2026-05-30 10:44:25  INFO     uvicorn.access  172.70.215.33:9513 - "GET /api/history/image/7878/1780019546028_1035_0.png?token=eyJpZCI6IDAsICJ1c2VybmFtZSI6ICI3ODc4IiwgInJvbGUiOiAwLCAiaXNfYWRtaW4iOiBmYWxzZSwgImV4cCI6IDE3ODI0NTU1MTB9.0ace470850350752585ebc9f59bafee5 HTTP/1.1" 404
2026-05-30 10:44:25  INFO     uvicorn.access  162.158.186.51:10575 - "GET /api/history/image/7878/1780019096266_9243_0.png?token=eyJpZCI6IDAsICJ1c2VybmFtZSI6ICI3ODc4IiwgInJvbGUiOiAwLCAiaXNfYWRtaW4iOiBmYWxzZSwgImV4cCI6IDE3ODI0NTU1MTB9.0ace470850350752585ebc9f59bafee5 HTTP/1.1" 404
2026-05-30 10:44:25  INFO     uvicorn.access  172.70.206.124:10726 - "GET /api/history/image/7878/1780019729793_9135_0.png?token=eyJpZCI6IDAsICJ1c2VybmFtZSI6ICI3ODc4IiwgInJvbGUiOiAwLCAiaXNfYWRtaW4iOiBmYWxzZSwgImV4cCI6IDE3ODI0NTU1MTB9.0ace470850350752585ebc9f59bafee5 HTTP/1.1" 404
2026-05-30 10:44:26  INFO     uvicorn.access  172.64.217.12:9426 - "GET /api/history/image/7878/1780018170199_3902_0.png?token=eyJpZCI6IDAsICJ1c2VybmFtZSI6ICI3ODc4IiwgInJvbGUiOiAwLCAiaXNfYWRtaW4iOiBmYWxzZSwgImV4cCI6IDE3ODI0NTU1MTB9.0ace470850350752585ebc9f59bafee5 HTTP/1.1" 404
2026-05-30 10:44:26  INFO     uvicorn.access  162.158.91.190:14073 - "GET /api/history/image/7878/1780017519767_5763_0.png?token=eyJpZCI6IDAsICJ1c2VybmFtZSI6ICI3ODc4IiwgInJvbGUiOiAwLCAiaXNfYWRtaW4iOiBmYWxzZSwgImV4cCI6IDE3ODI0NTU1MTB9.0ace470850350752585ebc9f59bafee5 HTTP/1.1" 404
2026-05-30 10:44:26  INFO     uvicorn.access  172.64.217.140:14126 - "GET /api/history/image/7878/1780018695130_4947_0.png?token=eyJpZCI6IDAsICJ1c2VybmFtZSI6ICI3ODc4IiwgInJvbGUiOiAwLCAiaXNfYWRtaW4iOiBmYWxzZSwgImV4cCI6IDE3ODI0NTU1MTB9.0ace470850350752585ebc9f59bafee5 HTTP/1.1" 404
2026-05-30 10:44:26  INFO     uvicorn.access  172.64.217.169:13740 - "GET /api/history/image/7878/1780018846570_4454_0.png?token=eyJpZCI6IDAsICJ1c2VybmFtZSI6ICI3ODc4IiwgInJvbGUiOiAwLCAiaXNfYWRtaW4iOiBmYWxzZSwgImV4cCI6IDE3ODI0NTU1MTB9.0ace470850350752585ebc9f59bafee5 HTTP/1.1" 404
2026-05-30 10:44:26  INFO     uvicorn.access  104.23.251.204:14236 - "GET /api/history/image/7878/1780017409604_9400_0.png?token=eyJpZCI6IDAsICJ1c2VybmFtZSI6ICI3ODc4IiwgInJvbGUiOiAwLCAiaXNfYWRtaW4iOiBmYWxzZSwgImV4cCI6IDE3ODI0NTU1MTB9.0ace470850350752585ebc9f59bafee5 HTTP/1.1" 404
2026-05-30 10:44:32  INFO     uvicorn.access  172.64.217.128:11414 - "GET /api/history/image/7878/1779962311626_4653_0.png?token=eyJpZCI6IDAsICJ1c2VybmFtZSI6ICI3ODc4IiwgInJvbGUiOiAwLCAiaXNfYWRtaW4iOiBmYWxzZSwgImV4cCI6IDE3ODI0NTU1MTB9.0ace470850350752585ebc9f59bafee5 HTTP/1.1" 404
2026-05-30 10:44:32  INFO     uvicorn.access  172.64.217.131:13875 - "GET /api/history/image/7878/1779961961080_1208_0.png?token=eyJpZCI6IDAsICJ1c2VybmFtZSI6ICI3ODc4IiwgInJvbGUiOiAwLCAiaXNfYWRtaW4iOiBmYWxzZSwgImV4cCI6IDE3ODI0NTU1MTB9.0ace470850350752585ebc9f59bafee5 HTTP/1.1" 404
2026-05-30 10:44:32  INFO     uvicorn.access  172.64.217.34:12495 - "GET /api/history/image/7878/1779962052357_2295_0.png?token=eyJpZCI6IDAsICJ1c2VybmFtZSI6ICI3ODc4IiwgInJvbGUiOiAwLCAiaXNfYWRtaW4iOiBmYWxzZSwgImV4cCI6IDE3ODI0NTU1MTB9.0ace470850350752585ebc9f59bafee5 HTTP/1.1" 404
2026-05-30 10:44:32  INFO     uvicorn.access  104.23.251.170:10213 - "GET /api/history/image/7878/1779960251292_6948_0.png?token=eyJpZCI6IDAsICJ1c2VybmFtZSI6ICI3ODc4IiwgInJvbGUiOiAwLCAiaXNfYWRtaW4iOiBmYWxzZSwgImV4cCI6IDE3ODI0NTU1MTB9.0ace470850350752585ebc9f59bafee5 HTTP/1.1" 404
2026-05-30 10:44:32  INFO     uvicorn.access  172.70.215.51:11218 - "GET /api/history/image/7878/1779959715347_9327_0.png?token=eyJpZCI6IDAsICJ1c2VybmFtZSI6ICI3ODc4IiwgInJvbGUiOiAwLCAiaXNfYWRtaW4iOiBmYWxzZSwgImV4cCI6IDE3ODI0NTU1MTB9.0ace470850350752585ebc9f59bafee5 HTTP/1.1" 404
2026-05-30 10:44:32  INFO     uvicorn.access  172.69.33.65:13004 - "GET /api/history/image/7878/1779961716160_8819_0.png?token=eyJpZCI6IDAsICJ1c2VybmFtZSI6ICI3ODc4IiwgInJvbGUiOiAwLCAiaXNfYWRtaW4iOiBmYWxzZSwgImV4cCI6IDE3ODI0NTU1MTB9.0ace470850350752585ebc9f59bafee5 HTTP/1.1" 404
2026-05-30 10:44:32  INFO     uvicorn.access  162.158.91.134:14326 - "GET /api/history/image/7878/1779952492326_5657_0.png?token=eyJpZCI6IDAsICJ1c2VybmFtZSI6ICI3ODc4IiwgInJvbGUiOiAwLCAiaXNfYWRtaW4iOiBmYWxzZSwgImV4cCI6IDE3ODI0NTU1MTB9.0ace470850350752585ebc9f59bafee5 HTTP/1.1" 404
2026-05-30 10:44:32  INFO     uvicorn.access  172.70.215.72:9728 - "GET /api/history/image/7878/1779960342023_2416_0.png?token=eyJpZCI6IDAsICJ1c2VybmFtZSI6ICI3ODc4IiwgInJvbGUiOiAwLCAiaXNfYWRtaW4iOiBmYWxzZSwgImV4cCI6IDE3ODI0NTU1MTB9.0ace470850350752585ebc9f59bafee5 HTTP/1.1" 404
2026-05-30 10:44:32  INFO     uvicorn.access  172.64.217.102:9635 - "GET /api/history/image/7878/1779961405556_5192_0.png?token=eyJpZCI6IDAsICJ1c2VybmFtZSI6ICI3ODc4IiwgInJvbGUiOiAwLCAiaXNfYWRtaW4iOiBmYWxzZSwgImV4cCI6IDE3ODI0NTU1MTB9.0ace470850350752585ebc9f59bafee5 HTTP/1.1" 404
2026-05-30 10:44:32  INFO     uvicorn.access  172.64.217.157:14211 - "GET /api/history/image/7878/1779961832782_3719_0.png?token=eyJpZCI6IDAsICJ1c2VybmFtZSI6ICI3ODc4IiwgInJvbGUiOiAwLCAiaXNfYWRtaW4iOiBmYWxzZSwgImV4cCI6IDE3ODI0NTU1MTB9.0ace470850350752585ebc9f59bafee5 HTTP/1.1" 404
2026-05-30 10:44:32  INFO     uvicorn.access  104.23.251.191:10899 - "GET /api/history/image/7878/1779959869460_4267_0.png?token=eyJpZCI6IDAsICJ1c2VybmFtZSI6ICI3ODc4IiwgInJvbGUiOiAwLCAiaXNfYWRtaW4iOiBmYWxzZSwgImV4cCI6IDE3ODI0NTU1MTB9.0ace470850350752585ebc9f59bafee5 HTTP/1.1" 404
2026-05-30 10:44:32  INFO     uvicorn.access  172.70.215.95:9401 - "GET /api/history/image/7878/1779951685659_4985_0.png?token=eyJpZCI6IDAsICJ1c2VybmFtZSI6ICI3ODc4IiwgInJvbGUiOiAwLCAiaXNfYWRtaW4iOiBmYWxzZSwgImV4cCI6IDE3ODI0NTU1MTB9.0ace470850350752585ebc9f59bafee5 HTTP/1.1" 404
2026-05-30 10:44:32  INFO     uvicorn.access  104.23.251.38:13536 - "GET /api/history/image/7878/1779954484920_2601_0.png?token=eyJpZCI6IDAsICJ1c2VybmFtZSI6ICI3ODc4IiwgInJvbGUiOiAwLCAiaXNfYWRtaW4iOiBmYWxzZSwgImV4cCI6IDE3ODI0NTU1MTB9.0ace470850350752585ebc9f59bafee5 HTTP/1.1" 404
2026-05-30 10:44:32  INFO     uvicorn.access  162.158.187.132:12760 - "GET /api/history/image/7878/1779960069110_2232_0.png?token=eyJpZCI6IDAsICJ1c2VybmFtZSI6ICI3ODc4IiwgInJvbGUiOiAwLCAiaXNfYWRtaW4iOiBmYWxzZSwgImV4cCI6IDE3ODI0NTU1MTB9.0ace470850350752585ebc9f59bafee5 HTTP/1.1" 404
2026-05-30 10:44:32  INFO     uvicorn.access  104.23.251.210:10906 - "GET /api/history/image/7878/1779961215224_3382_0.png?token=eyJpZCI6IDAsICJ1c2VybmFtZSI6ICI3ODc4IiwgInJvbGUiOiAwLCAiaXNfYWRtaW4iOiBmYWxzZSwgImV4cCI6IDE3ODI0NTU1MTB9.0ace470850350752585ebc9f59bafee5 HTTP/1.1" 404
2026-05-30 10:44:32  INFO     uvicorn.access  162.158.187.193:9462 - "GET /api/history/image/7878/1779956364237_7086_0.png?token=eyJpZCI6IDAsICJ1c2VybmFtZSI6ICI3ODc4IiwgInJvbGUiOiAwLCAiaXNfYWRtaW4iOiBmYWxzZSwgImV4cCI6IDE3ODI0NTU1MTB9.0ace470850350752585ebc9f59bafee5 HTTP/1.1" 404
2026-05-30 10:44:32  INFO     uvicorn.access  172.64.217.90:12975 - "GET /api/history/image/7878/1779960407377_2449_0.png?token=eyJpZCI6IDAsICJ1c2VybmFtZSI6ICI3ODc4IiwgInJvbGUiOiAwLCAiaXNfYWRtaW4iOiBmYWxzZSwgImV4cCI6IDE3ODI0NTU1MTB9.0ace470850350752585ebc9f59bafee5 HTTP/1.1" 404
2026-05-30 10:44:32  INFO     uvicorn.access  162.158.187.128:11704 - "GET /api/history/image/7878/1779951050241_4002_0.png?token=eyJpZCI6IDAsICJ1c2VybmFtZSI6ICI3ODc4IiwgInJvbGUiOiAwLCAiaXNfYWRtaW4iOiBmYWxzZSwgImV4cCI6IDE3ODI0NTU1MTB9.0ace470850350752585ebc9f59bafee5 HTTP/1.1" 404
2026-05-30 10:44:32  INFO     uvicorn.access  172.69.34.175:12908 - "GET /api/history/image/7878/1779953186194_3626_0.png?token=eyJpZCI6IDAsICJ1c2VybmFtZSI6ICI3ODc4IiwgInJvbGUiOiAwLCAiaXNfYWRtaW4iOiBmYWxzZSwgImV4cCI6IDE3ODI0NTU1MTB9.0ace470850350752585ebc9f59bafee5 HTTP/1.1" 404
2026-05-30 10:44:32  INFO     uvicorn.access  172.70.206.105:10359 - "GET /api/history/image/7878/1779961544710_8176_0.png?token=eyJpZCI6IDAsICJ1c2VybmFtZSI6ICI3ODc4IiwgInJvbGUiOiAwLCAiaXNfYWRtaW4iOiBmYWxzZSwgImV4cCI6IDE3ODI0NTU1MTB9.0ace470850350752585ebc9f59bafee5 HTTP/1.1" 404
2026-05-30 10:44:32  INFO     uvicorn.access  162.158.186.126:11079 - "GET /api/history/image/7878/1779958879070_9428_0.png?token=eyJpZCI6IDAsICJ1c2VybmFtZSI6ICI3ODc4IiwgInJvbGUiOiAwLCAiaXNfYWRtaW4iOiBmYWxzZSwgImV4cCI6IDE3ODI0NTU1MTB9.0ace470850350752585ebc9f59bafee5 HTTP/1.1" 404
2026-05-30 10:44:32  INFO     uvicorn.access  162.158.186.111:12488 - "GET /api/history/image/7878/1779953630749_6373_0.png?token=eyJpZCI6IDAsICJ1c2VybmFtZSI6ICI3ODc4IiwgInJvbGUiOiAwLCAiaXNfYWRtaW4iOiBmYWxzZSwgImV4cCI6IDE3ODI0NTU1MTB9.0ace470850350752585ebc9f59bafee5 HTTP/1.1" 404
2026-05-30 10:57:34  INFO     uvicorn.access  172.71.103.138:9896 - "POST /api/proxy/v1/images/generations HTTP/1.1" 200
2026-05-30 11:01:41  INFO     uvicorn.access  172.70.206.95:11763 - "GET /api/proxy/v1/models HTTP/1.1" 200
2026-05-30 11:02:54  INFO     uvicorn.access  172.71.95.25:9698 - "POST /api/proxy/v1/images/generations HTTP/1.1" 200
2026-05-30 11:06:20  INFO     uvicorn.access  172.71.95.25:10680 - "POST /api/proxy/v1/images/generations HTTP/1.1" 200
2026-05-30 11:07:59  INFO     uvicorn.access  172.71.95.25:12995 - "POST /api/proxy/v1/images/generations HTTP/1.1" 200
2026-05-30 11:11:16  INFO     uvicorn.access  172.71.95.26:12007 - "POST /api/proxy/v1/images/edits HTTP/1.1" 200
2026-05-30 11:16:23  INFO     uvicorn.access  172.71.95.26:10912 - "POST /api/proxy/v1/images/edits HTTP/1.1" 200
2026-05-30 11:20:41  WARNING  app.routers.api_proxy  代理上游返回 HTML 错误 [524] https://newapi-cf.qianqianye.com/v1/images/edits: <!DOCTYPE html>
<!--[if lt IE 7]> <html class="no-js ie6 oldie" lang="en-US"> <![endif]-->
<!--[if I
2026-05-30 11:21:34  INFO     uvicorn.access  104.23.225.89:10975 - "POST /api/proxy/v1/images/edits HTTP/1.1" 200
2026-05-30 11:33:00  INFO     uvicorn.access  172.70.135.182:12232 - "GET /gallery HTTP/1.1" 200
2026-05-30 11:34:31  INFO     uvicorn.access  162.159.113.107:10737 - "POST /api/proxy/v1/images/edits HTTP/1.1" 200
2026-05-30 11:49:25  WARNING  uvicorn.error  Invalid HTTP request received.
2026-05-30 11:53:05  INFO     uvicorn.access  172.64.217.53:12448 - "GET /play HTTP/1.1" 200
2026-05-30 11:53:05  INFO     uvicorn.access  172.64.217.53:12448 - "GET /api/announcement?page=play HTTP/1.1" 200
2026-05-30 11:53:05  INFO     uvicorn.access  172.64.217.53:12448 - "GET /api/history/usage HTTP/1.1" 200
2026-05-30 11:53:05  INFO     uvicorn.access  172.64.217.53:12448 - "GET /api/history/list HTTP/1.1" 200
2026-05-30 12:00:25  INFO     uvicorn.access  104.23.168.56:10106 - "POST /api/proxy/v1/images/edits HTTP/1.1" 200
2026-05-30 12:05:48  INFO     uvicorn.access  108.162.237.36:11828 - "GET /robots.txt HTTP/1.1" 307
2026-05-30 12:05:48  INFO     uvicorn.access  172.69.71.73:9406 - "GET / HTTP/1.1" 200
2026-05-30 12:22:01  INFO     uvicorn.access  104.23.168.57:11109 - "GET /play HTTP/1.1" 200
2026-05-30 12:22:02  INFO     uvicorn.access  162.159.113.64:12108 - "GET /static/css/common.css HTTP/1.1" 304
2026-05-30 12:22:02  INFO     uvicorn.access  162.159.113.13:9248 - "GET /static/css/play.css?v=1779876137 HTTP/1.1" 304
2026-05-30 12:22:02  INFO     uvicorn.access  172.71.95.117:9638 - "GET /static/js/common.js HTTP/1.1" 304
2026-05-30 12:22:02  INFO     uvicorn.access  104.23.168.49:10838 - "GET /static/js/play.js?v=1779876137 HTTP/1.1" 304
2026-05-30 12:22:02  INFO     uvicorn.access  104.23.168.57:11109 - "GET /api/announcement?page=play HTTP/1.1" 200
2026-05-30 12:28:39  INFO     uvicorn.access  162.158.175.157:11453 - "GET /robots.txt HTTP/1.1" 307
2026-05-30 12:28:39  INFO     uvicorn.access  198.41.227.8:13320 - "GET / HTTP/1.1" 200
2026-05-30 13:09:19  INFO     uvicorn.access  35.203.210.104:58738 - "GET / HTTP/1.1" 200
2026-05-30 13:18:47  INFO     uvicorn.access  172.70.38.224:13078 - "GET /robots.txt HTTP/1.1" 307
2026-05-30 13:18:47  INFO     uvicorn.access  172.71.190.67:9575 - "GET / HTTP/1.1" 200
2026-05-30 13:18:59  INFO     uvicorn.access  172.71.194.67:9834 - "GET / HTTP/1.1" 200
2026-05-30 13:19:18  INFO     uvicorn.access  162.158.152.171:9664 - "GET /api/announcement?page=home HTTP/1.1" 200
2026-05-30 13:26:38  INFO     uvicorn.access  104.23.160.215:11180 - "GET / HTTP/1.1" 200
2026-05-30 13:26:39  INFO     uvicorn.access  104.23.160.38:13447 - "GET /static/css/home.css HTTP/1.1" 200
2026-05-30 13:26:39  INFO     uvicorn.access  172.68.174.134:12664 - "GET /static/css/common.css HTTP/1.1" 200
2026-05-30 13:26:39  INFO     uvicorn.access  104.23.160.14:10431 - "GET /static/js/common.js HTTP/1.1" 200
2026-05-30 13:26:39  INFO     uvicorn.access  104.23.160.21:10763 - "GET /api/announcement?page=home HTTP/1.1" 200
2026-05-30 13:26:46  INFO     uvicorn.access  104.23.160.214:10793 - "GET / HTTP/1.1" 200
2026-05-30 13:26:46  INFO     uvicorn.access  104.23.160.214:10793 - "GET /api/announcement?page=home HTTP/1.1" 200
2026-05-30 13:29:45  INFO     uvicorn.access  172.71.212.8:10380 - "GET / HTTP/1.1" 200
2026-05-30 13:29:46  INFO     uvicorn.access  162.159.108.117:10092 - "GET /static/css/common.css HTTP/1.1" 200
2026-05-30 13:29:46  INFO     uvicorn.access  172.70.223.144:12237 - "GET /static/js/common.js HTTP/1.1" 304
2026-05-30 13:29:46  INFO     uvicorn.access  172.70.49.253:11576 - "GET /static/css/home.css HTTP/1.1" 304
2026-05-30 13:29:46  INFO     uvicorn.access  172.71.212.8:10380 - "GET /api/announcement?page=home HTTP/1.1" 200
2026-05-30 13:29:48  INFO     uvicorn.access  172.71.212.8:10380 - "GET /play HTTP/1.1" 200
2026-05-30 13:29:48  INFO     uvicorn.access  172.71.8.23:13126 - "GET /static/css/play.css?v=1779876137 HTTP/1.1" 304
2026-05-30 13:29:48  INFO     uvicorn.access  172.64.213.91:12283 - "GET /static/js/play.js?v=1779876137 HTTP/1.1" 304
2026-05-30 13:29:48  INFO     uvicorn.access  172.71.212.8:10380 - "GET /api/announcement?page=play HTTP/1.1" 200
2026-05-30 13:29:48  INFO     uvicorn.access  172.71.212.8:10380 - "GET /api/history/usage HTTP/1.1" 200
2026-05-30 13:29:49  INFO     uvicorn.access  172.71.212.8:10380 - "GET /api/history/list HTTP/1.1" 200
2026-05-30 13:29:50  INFO     uvicorn.access  172.71.212.8:10380 - "GET /api/proxy/v1/models HTTP/1.1" 200
2026-05-30 13:30:31  INFO     uvicorn.access  172.64.213.120:14275 - "GET /api/history/image/1220466459%40qq.com/1780132622668_6919_0.png?token=eyJpZCI6IDAsICJ1c2VybmFtZSI6ICIxMjIwNDY2NDU5QHFxLmNvbSIsICJyb2xlIjogMCwgImlzX2FkbWluIjogZmFsc2UsICJleHAiOiAxNzgxNjEwNjc2fQ%3D%3D.0e45230e8bf02699df66299aa51df88d HTTP/1.1" 404
2026-05-30 13:30:31  INFO     uvicorn.access  162.159.108.79:13868 - "GET /api/history/image/1220466459%40qq.com/1780132759175_9184_0.png?token=eyJpZCI6IDAsICJ1c2VybmFtZSI6ICIxMjIwNDY2NDU5QHFxLmNvbSIsICJyb2xlIjogMCwgImlzX2FkbWluIjogZmFsc2UsICJleHAiOiAxNzgxNjEwNjc2fQ%3D%3D.0e45230e8bf02699df66299aa51df88d HTTP/1.1" 404
2026-05-30 13:30:31  INFO     uvicorn.access  162.159.108.27:13461 - "GET /api/history/image/1220466459%40qq.com/1780132145643_9694_0.png?token=eyJpZCI6IDAsICJ1c2VybmFtZSI6ICIxMjIwNDY2NDU5QHFxLmNvbSIsICJyb2xlIjogMCwgImlzX2FkbWluIjogZmFsc2UsICJleHAiOiAxNzgxNjEwNjc2fQ%3D%3D.0e45230e8bf02699df66299aa51df88d HTTP/1.1" 404
2026-05-30 13:30:31  INFO     uvicorn.access  172.64.215.95:10534 - "GET /api/history/image/1220466459%40qq.com/1780130702912_5514_0.png?token=eyJpZCI6IDAsICJ1c2VybmFtZSI6ICIxMjIwNDY2NDU5QHFxLmNvbSIsICJyb2xlIjogMCwgImlzX2FkbWluIjogZmFsc2UsICJleHAiOiAxNzgxNjEwNjc2fQ%3D%3D.0e45230e8bf02699df66299aa51df88d HTTP/1.1" 404
2026-05-30 13:30:31  INFO     uvicorn.access  162.159.110.10:10811 - "GET /api/history/image/1220466459%40qq.com/1780129321057_7236_0.png?token=eyJpZCI6IDAsICJ1c2VybmFtZSI6ICIxMjIwNDY2NDU5QHFxLmNvbSIsICJyb2xlIjogMCwgImlzX2FkbWluIjogZmFsc2UsICJleHAiOiAxNzgxNjEwNjc2fQ%3D%3D.0e45230e8bf02699df66299aa51df88d HTTP/1.1" 404
2026-05-30 13:30:31  INFO     uvicorn.access  172.71.24.109:11362 - "GET /api/history/image/1220466459%40qq.com/1780126700910_2604_0.png?token=eyJpZCI6IDAsICJ1c2VybmFtZSI6ICIxMjIwNDY2NDU5QHFxLmNvbSIsICJyb2xlIjogMCwgImlzX2FkbWluIjogZmFsc2UsICJleHAiOiAxNzgxNjEwNjc2fQ%3D%3D.0e45230e8bf02699df66299aa51df88d HTTP/1.1" 404
2026-05-30 13:30:31  INFO     uvicorn.access  172.64.213.135:9697 - "GET /api/history/image/1220466459%40qq.com/1780129011854_2082_0.png?token=eyJpZCI6IDAsICJ1c2VybmFtZSI6ICIxMjIwNDY2NDU5QHFxLmNvbSIsICJyb2xlIjogMCwgImlzX2FkbWluIjogZmFsc2UsICJleHAiOiAxNzgxNjEwNjc2fQ%3D%3D.0e45230e8bf02699df66299aa51df88d HTTP/1.1" 404
2026-05-30 13:30:31  INFO     uvicorn.access  172.71.8.110:13295 - "GET /api/history/image/1220466459%40qq.com/1780125546135_2012_0.png?token=eyJpZCI6IDAsICJ1c2VybmFtZSI6ICIxMjIwNDY2NDU5QHFxLmNvbSIsICJyb2xlIjogMCwgImlzX2FkbWluIjogZmFsc2UsICJleHAiOiAxNzgxNjEwNjc2fQ%3D%3D.0e45230e8bf02699df66299aa51df88d HTTP/1.1" 404
2026-05-30 13:30:31  INFO     uvicorn.access  172.68.119.91:10916 - "GET /api/history/image/1220466459%40qq.com/1780123075553_6867_0.png?token=eyJpZCI6IDAsICJ1c2VybmFtZSI6ICIxMjIwNDY2NDU5QHFxLmNvbSIsICJyb2xlIjogMCwgImlzX2FkbWluIjogZmFsc2UsICJleHAiOiAxNzgxNjEwNjc2fQ%3D%3D.0e45230e8bf02699df66299aa51df88d HTTP/1.1" 404
2026-05-30 13:30:31  INFO     uvicorn.access  172.71.24.67:9361 - "GET /api/history/image/1220466459%40qq.com/1780126805874_9370_0.png?token=eyJpZCI6IDAsICJ1c2VybmFtZSI6ICIxMjIwNDY2NDU5QHFxLmNvbSIsICJyb2xlIjogMCwgImlzX2FkbWluIjogZmFsc2UsICJleHAiOiAxNzgxNjEwNjc2fQ%3D%3D.0e45230e8bf02699df66299aa51df88d HTTP/1.1" 404
2026-05-30 13:30:31  INFO     uvicorn.access  172.71.8.64:12498 - "GET /api/history/image/1220466459%40qq.com/1780126054493_9267_0.png?token=eyJpZCI6IDAsICJ1c2VybmFtZSI6ICIxMjIwNDY2NDU5QHFxLmNvbSIsICJyb2xlIjogMCwgImlzX2FkbWluIjogZmFsc2UsICJleHAiOiAxNzgxNjEwNjc2fQ%3D%3D.0e45230e8bf02699df66299aa51df88d HTTP/1.1" 404
2026-05-30 13:30:31  INFO     uvicorn.access  172.64.213.29:9939 - "GET /api/history/image/1220466459%40qq.com/1780120406633_1305_0.png?token=eyJpZCI6IDAsICJ1c2VybmFtZSI6ICIxMjIwNDY2NDU5QHFxLmNvbSIsICJyb2xlIjogMCwgImlzX2FkbWluIjogZmFsc2UsICJleHAiOiAxNzgxNjEwNjc2fQ%3D%3D.0e45230e8bf02699df66299aa51df88d HTTP/1.1" 404
2026-05-30 13:30:31  INFO     uvicorn.access  162.159.108.125:11548 - "GET /api/history/image/1220466459%40qq.com/1780113670143_9967_0.png?token=eyJpZCI6IDAsICJ1c2VybmFtZSI6ICIxMjIwNDY2NDU5QHFxLmNvbSIsICJyb2xlIjogMCwgImlzX2FkbWluIjogZmFsc2UsICJleHAiOiAxNzgxNjEwNjc2fQ%3D%3D.0e45230e8bf02699df66299aa51df88d HTTP/1.1" 404
2026-05-30 13:30:31  INFO     uvicorn.access  162.159.108.58:10094 - "GET /api/history/image/1220466459%40qq.com/1780113573719_3197_0.png?token=eyJpZCI6IDAsICJ1c2VybmFtZSI6ICIxMjIwNDY2NDU5QHFxLmNvbSIsICJyb2xlIjogMCwgImlzX2FkbWluIjogZmFsc2UsICJleHAiOiAxNzgxNjEwNjc2fQ%3D%3D.0e45230e8bf02699df66299aa51df88d HTTP/1.1" 404
2026-05-30 13:30:31  INFO     uvicorn.access  172.64.213.174:12088 - "GET /api/history/image/1220466459%40qq.com/1780112876272_1283_0.png?token=eyJpZCI6IDAsICJ1c2VybmFtZSI6ICIxMjIwNDY2NDU5QHFxLmNvbSIsICJyb2xlIjogMCwgImlzX2FkbWluIjogZmFsc2UsICJleHAiOiAxNzgxNjEwNjc2fQ%3D%3D.0e45230e8bf02699df66299aa51df88d HTTP/1.1" 404
2026-05-30 13:30:31  INFO     uvicorn.access  172.64.213.125:11504 - "GET /api/history/image/1220466459%40qq.com/1780117574221_4810_0.png?token=eyJpZCI6IDAsICJ1c2VybmFtZSI6ICIxMjIwNDY2NDU5QHFxLmNvbSIsICJyb2xlIjogMCwgImlzX2FkbWluIjogZmFsc2UsICJleHAiOiAxNzgxNjEwNjc2fQ%3D%3D.0e45230e8bf02699df66299aa51df88d HTTP/1.1" 404
2026-05-30 13:30:31  INFO     uvicorn.access  172.68.119.210:12893 - "GET /api/history/image/1220466459%40qq.com/1780117384312_9338_0.png?token=eyJpZCI6IDAsICJ1c2VybmFtZSI6ICIxMjIwNDY2NDU5QHFxLmNvbSIsICJyb2xlIjogMCwgImlzX2FkbWluIjogZmFsc2UsICJleHAiOiAxNzgxNjEwNjc2fQ%3D%3D.0e45230e8bf02699df66299aa51df88d HTTP/1.1" 404
2026-05-30 13:30:31  INFO     uvicorn.access  162.159.110.20:9835 - "GET /api/history/image/1220466459%40qq.com/1780113190688_8443_0.png?token=eyJpZCI6IDAsICJ1c2VybmFtZSI6ICIxMjIwNDY2NDU5QHFxLmNvbSIsICJyb2xlIjogMCwgImlzX2FkbWluIjogZmFsc2UsICJleHAiOiAxNzgxNjEwNjc2fQ%3D%3D.0e45230e8bf02699df66299aa51df88d HTTP/1.1" 404
2026-05-30 13:30:31  INFO     uvicorn.access  162.159.110.104:10470 - "GET /api/history/image/1220466459%40qq.com/1780111797419_8270_0.png?token=eyJpZCI6IDAsICJ1c2VybmFtZSI6ICIxMjIwNDY2NDU5QHFxLmNvbSIsICJyb2xlIjogMCwgImlzX2FkbWluIjogZmFsc2UsICJleHAiOiAxNzgxNjEwNjc2fQ%3D%3D.0e45230e8bf02699df66299aa51df88d HTTP/1.1" 404
2026-05-30 13:30:31  INFO     uvicorn.access  162.159.110.88:13457 - "GET /api/history/image/1220466459%40qq.com/1780109514384_4416_0.png?token=eyJpZCI6IDAsICJ1c2VybmFtZSI6ICIxMjIwNDY2NDU5QHFxLmNvbSIsICJyb2xlIjogMCwgImlzX2FkbWluIjogZmFsc2UsICJleHAiOiAxNzgxNjEwNjc2fQ%3D%3D.0e45230e8bf02699df66299aa51df88d HTTP/1.1" 404
2026-05-30 13:30:31  INFO     uvicorn.access  162.159.110.103:11953 - "GET /api/history/image/1220466459%40qq.com/1780113483884_5463_0.png?token=eyJpZCI6IDAsICJ1c2VybmFtZSI6ICIxMjIwNDY2NDU5QHFxLmNvbSIsICJyb2xlIjogMCwgImlzX2FkbWluIjogZmFsc2UsICJleHAiOiAxNzgxNjEwNjc2fQ%3D%3D.0e45230e8bf02699df66299aa51df88d HTTP/1.1" 404
2026-05-30 13:30:31  INFO     uvicorn.access  172.64.213.164:13874 - "GET /api/history/image/1220466459%40qq.com/1780110019861_7109_0.png?token=eyJpZCI6IDAsICJ1c2VybmFtZSI6ICIxMjIwNDY2NDU5QHFxLmNvbSIsICJyb2xlIjogMCwgImlzX2FkbWluIjogZmFsc2UsICJleHAiOiAxNzgxNjEwNjc2fQ%3D%3D.0e45230e8bf02699df66299aa51df88d HTTP/1.1" 404
2026-05-30 13:30:31  INFO     uvicorn.access  172.70.223.223:10737 - "GET /api/history/image/1220466459%40qq.com/1780111021723_2584_0.png?token=eyJpZCI6IDAsICJ1c2VybmFtZSI6ICIxMjIwNDY2NDU5QHFxLmNvbSIsICJyb2xlIjogMCwgImlzX2FkbWluIjogZmFsc2UsICJleHAiOiAxNzgxNjEwNjc2fQ%3D%3D.0e45230e8bf02699df66299aa51df88d HTTP/1.1" 404
2026-05-30 13:30:31  INFO     uvicorn.access  162.159.110.35:12846 - "GET /api/history/image/1220466459%40qq.com/1780111907469_9651_0.png?token=eyJpZCI6IDAsICJ1c2VybmFtZSI6ICIxMjIwNDY2NDU5QHFxLmNvbSIsICJyb2xlIjogMCwgImlzX2FkbWluIjogZmFsc2UsICJleHAiOiAxNzgxNjEwNjc2fQ%3D%3D.0e45230e8bf02699df66299aa51df88d HTTP/1.1" 404
2026-05-30 13:30:31  INFO     uvicorn.access  172.64.215.84:12110 - "GET /api/history/image/1220466459%40qq.com/1780109236801_3573_0.png?token=eyJpZCI6IDAsICJ1c2VybmFtZSI6ICIxMjIwNDY2NDU5QHFxLmNvbSIsICJyb2xlIjogMCwgImlzX2FkbWluIjogZmFsc2UsICJleHAiOiAxNzgxNjEwNjc2fQ%3D%3D.0e45230e8bf02699df66299aa51df88d HTTP/1.1" 404
2026-05-30 13:30:31  INFO     uvicorn.access  172.71.24.23:13200 - "GET /api/history/image/1220466459%40qq.com/1780111218872_2760_0.png?token=eyJpZCI6IDAsICJ1c2VybmFtZSI6ICIxMjIwNDY2NDU5QHFxLmNvbSIsICJyb2xlIjogMCwgImlzX2FkbWluIjogZmFsc2UsICJleHAiOiAxNzgxNjEwNjc2fQ%3D%3D.0e45230e8bf02699df66299aa51df88d HTTP/1.1" 404
2026-05-30 13:30:31  INFO     uvicorn.access  172.70.223.130:13825 - "GET /api/history/image/1220466459%40qq.com/1780109822690_1416_0.png?token=eyJpZCI6IDAsICJ1c2VybmFtZSI6ICIxMjIwNDY2NDU5QHFxLmNvbSIsICJyb2xlIjogMCwgImlzX2FkbWluIjogZmFsc2UsICJleHAiOiAxNzgxNjEwNjc2fQ%3D%3D.0e45230e8bf02699df66299aa51df88d HTTP/1.1" 404
2026-05-30 13:30:31  INFO     uvicorn.access  172.64.215.78:11776 - "GET /api/history/image/1220466459%40qq.com/1780109146019_6599_0.png?token=eyJpZCI6IDAsICJ1c2VybmFtZSI6ICIxMjIwNDY2NDU5QHFxLmNvbSIsICJyb2xlIjogMCwgImlzX2FkbWluIjogZmFsc2UsICJleHAiOiAxNzgxNjEwNjc2fQ%3D%3D.0e45230e8bf02699df66299aa51df88d HTTP/1.1" 404
2026-05-30 13:30:31  INFO     uvicorn.access  172.71.24.147:13866 - "GET /api/history/image/1220466459%40qq.com/1780108997506_8718_0.png?token=eyJpZCI6IDAsICJ1c2VybmFtZSI6ICIxMjIwNDY2NDU5QHFxLmNvbSIsICJyb2xlIjogMCwgImlzX2FkbWluIjogZmFsc2UsICJleHAiOiAxNzgxNjEwNjc2fQ%3D%3D.0e45230e8bf02699df66299aa51df88d HTTP/1.1" 404
2026-05-30 13:30:31  INFO     uvicorn.access  162.159.110.79:10531 - "GET /api/history/image/1220466459%40qq.com/1780108548502_7434_0.png?token=eyJpZCI6IDAsICJ1c2VybmFtZSI6ICIxMjIwNDY2NDU5QHFxLmNvbSIsICJyb2xlIjogMCwgImlzX2FkbWluIjogZmFsc2UsICJleHAiOiAxNzgxNjEwNjc2fQ%3D%3D.0e45230e8bf02699df66299aa51df88d HTTP/1.1" 404
2026-05-30 13:30:31  INFO     uvicorn.access  172.71.24.140:11695 - "GET /api/history/image/1220466459%40qq.com/1780111497551_1016_0.png?token=eyJpZCI6IDAsICJ1c2VybmFtZSI6ICIxMjIwNDY2NDU5QHFxLmNvbSIsICJyb2xlIjogMCwgImlzX2FkbWluIjogZmFsc2UsICJleHAiOiAxNzgxNjEwNjc2fQ%3D%3D.0e45230e8bf02699df66299aa51df88d HTTP/1.1" 404
2026-05-30 13:30:31  INFO     uvicorn.access  172.70.222.160:10960 - "GET /api/history/image/1220466459%40qq.com/1780108750962_1224_0.png?token=eyJpZCI6IDAsICJ1c2VybmFtZSI6ICIxMjIwNDY2NDU5QHFxLmNvbSIsICJyb2xlIjogMCwgImlzX2FkbWluIjogZmFsc2UsICJleHAiOiAxNzgxNjEwNjc2fQ%3D%3D.0e45230e8bf02699df66299aa51df88d HTTP/1.1" 404
2026-05-30 13:30:34  INFO     uvicorn.access  172.71.212.8:9481 - "DELETE /api/history/batch/mps52loit5qqj HTTP/1.1" 200
2026-05-30 13:30:34  INFO     uvicorn.access  172.71.212.8:9481 - "GET /api/history/usage HTTP/1.1" 200
2026-05-30 13:30:34  INFO     uvicorn.access  172.71.212.8:9879 - "DELETE /api/history/batch/mps4zsfpkvc9k HTTP/1.1" 200
2026-05-30 13:30:34  INFO     uvicorn.access  172.71.212.8:9481 - "GET /api/history/usage HTTP/1.1" 200
2026-05-30 13:30:34  INFO     uvicorn.access  172.71.212.8:9879 - "DELETE /api/history/batch/mps4pmsfubzwz HTTP/1.1" 200
2026-05-30 13:30:34  INFO     uvicorn.access  172.71.212.8:9879 - "GET /api/history/usage HTTP/1.1" 200
2026-05-30 13:30:34  INFO     uvicorn.access  172.71.212.8:9481 - "DELETE /api/history/batch/mps3upbbvaqzx HTTP/1.1" 200
2026-05-30 13:30:35  INFO     uvicorn.access  172.71.212.8:9879 - "GET /api/history/usage HTTP/1.1" 200
2026-05-30 13:30:35  INFO     uvicorn.access  172.71.212.8:9481 - "DELETE /api/history/batch/mps313x0z93ak HTTP/1.1" 200
2026-05-30 13:30:35  INFO     uvicorn.access  172.71.212.8:9879 - "GET /api/history/usage HTTP/1.1" 200
2026-05-30 13:30:35  INFO     uvicorn.access  172.71.212.8:9481 - "DELETE /api/history/batch/mps2udnhq89od HTTP/1.1" 200
2026-05-30 13:30:35  INFO     uvicorn.access  172.71.212.8:9879 - "GET /api/history/usage HTTP/1.1" 200
2026-05-30 13:30:35  INFO     uvicorn.access  172.71.212.8:9481 - "DELETE /api/history/batch/mps1j8girs7ub HTTP/1.1" 200
2026-05-30 13:30:35  INFO     uvicorn.access  172.71.212.8:9879 - "GET /api/history/usage HTTP/1.1" 200
2026-05-30 13:30:35  INFO     uvicorn.access  172.71.212.8:9481 - "DELETE /api/history/batch/mps1h0v0ysh1j HTTP/1.1" 200
2026-05-30 13:30:35  INFO     uvicorn.access  172.71.212.8:9879 - "GET /api/history/usage HTTP/1.1" 200
2026-05-30 13:30:35  INFO     uvicorn.access  172.71.212.8:9481 - "DELETE /api/history/batch/mps12zmgbs5b1 HTTP/1.1" 200
2026-05-30 13:30:35  INFO     uvicorn.access  172.71.212.8:9879 - "GET /api/history/usage HTTP/1.1" 200
2026-05-30 13:30:35  INFO     uvicorn.access  172.71.212.8:9481 - "DELETE /api/history/batch/mps0scmdf07qy HTTP/1.1" 200
2026-05-30 13:30:36  INFO     uvicorn.access  172.71.212.8:9879 - "GET /api/history/usage HTTP/1.1" 200
2026-05-30 13:30:36  INFO     uvicorn.access  172.71.212.8:9481 - "DELETE /api/history/batch/mprzb8lsa45f3 HTTP/1.1" 200
2026-05-30 13:30:36  INFO     uvicorn.access  172.71.212.8:9879 - "GET /api/history/usage HTTP/1.1" 200
2026-05-30 13:30:36  INFO     uvicorn.access  172.71.212.8:9481 - "DELETE /api/history/batch/mprxq36khy1dz HTTP/1.1" 200
2026-05-30 13:30:36  INFO     uvicorn.access  172.71.212.8:9879 - "GET /api/history/usage HTTP/1.1" 200
2026-05-30 13:30:36  INFO     uvicorn.access  172.71.212.8:9481 - "DELETE /api/history/batch/mprw1h0pmh4dh HTTP/1.1" 200
2026-05-30 13:30:36  INFO     uvicorn.access  172.71.212.8:9879 - "GET /api/history/usage HTTP/1.1" 200
2026-05-30 13:30:36  INFO     uvicorn.access  172.71.212.8:9882 - "DELETE /api/history/batch/mprvxelqphps9 HTTP/1.1" 200
2026-05-30 13:30:36  INFO     uvicorn.access  172.71.212.8:9481 - "DELETE /api/history/batch/mprtprwysig3v HTTP/1.1" 200
2026-05-30 13:30:37  INFO     uvicorn.access  172.71.212.8:9879 - "GET /api/history/usage HTTP/1.1" 200
2026-05-30 13:30:37  INFO     uvicorn.access  172.71.212.8:9882 - "DELETE /api/history/batch/mprtnq1xfaa9q HTTP/1.1" 200
2026-05-30 13:30:37  INFO     uvicorn.access  172.71.212.8:9481 - "DELETE /api/history/batch/mprtlu7orfk9o HTTP/1.1" 200
2026-05-30 13:30:37  INFO     uvicorn.access  172.71.212.8:9879 - "GET /api/history/usage HTTP/1.1" 200
2026-05-30 13:30:37  INFO     uvicorn.access  172.71.212.8:9882 - "DELETE /api/history/batch/mprtfebldlfkf HTTP/1.1" 200
2026-05-30 13:30:37  INFO     uvicorn.access  172.71.212.8:9481 - "GET /api/history/usage HTTP/1.1" 200
2026-05-30 13:30:37  INFO     uvicorn.access  172.71.212.8:9882 - "DELETE /api/history/batch/mprt8pbr7bxgr HTTP/1.1" 200
2026-05-30 13:30:37  INFO     uvicorn.access  172.71.212.8:9879 - "DELETE /api/history/batch/mprt8pbr7bxgr HTTP/1.1" 200
2026-05-30 13:30:38  INFO     uvicorn.access  172.71.212.8:9882 - "GET /api/history/usage HTTP/1.1" 200
2026-05-30 13:30:38  INFO     uvicorn.access  172.71.212.8:9879 - "DELETE /api/history/batch/mprslnadngah1 HTTP/1.1" 200
2026-05-30 13:30:38  INFO     uvicorn.access  172.71.212.8:9481 - "DELETE /api/history/batch/mprslnadngah1 HTTP/1.1" 200
2026-05-30 13:30:38  INFO     uvicorn.access  172.71.212.8:9882 - "GET /api/history/usage HTTP/1.1" 200
2026-05-30 13:30:38  INFO     uvicorn.access  172.71.212.8:9879 - "DELETE /api/history/batch/mprs9bo36fmxr HTTP/1.1" 200
2026-05-30 13:30:38  INFO     uvicorn.access  172.71.212.8:9481 - "DELETE /api/history/batch/mprs9bo36fmxr HTTP/1.1" 200
2026-05-30 13:30:38  INFO     uvicorn.access  172.71.212.8:9882 - "GET /api/history/usage HTTP/1.1" 200
2026-05-30 13:30:38  INFO     uvicorn.access  172.71.212.8:9879 - "DELETE /api/history/batch/mprrjjtyna8fk HTTP/1.1" 200
2026-05-30 13:30:38  INFO     uvicorn.access  172.71.212.8:9481 - "DELETE /api/history/batch/mprrjjtyna8fk HTTP/1.1" 200
2026-05-30 13:30:38  INFO     uvicorn.access  172.71.212.8:9882 - "GET /api/history/usage HTTP/1.1" 200
2026-05-30 13:30:38  INFO     uvicorn.access  172.71.212.8:9879 - "DELETE /api/history/batch/mprr8pwd7udh2 HTTP/1.1" 200
2026-05-30 13:30:38  INFO     uvicorn.access  172.71.212.8:9481 - "DELETE /api/history/batch/mprr8pwd7udh2 HTTP/1.1" 200
2026-05-30 13:30:38  INFO     uvicorn.access  172.71.212.8:9882 - "GET /api/history/usage HTTP/1.1" 200
2026-05-30 13:30:39  INFO     uvicorn.access  172.71.212.8:9879 - "DELETE /api/history/batch/mprr0vuro7ocr HTTP/1.1" 200
2026-05-30 13:30:39  INFO     uvicorn.access  172.71.212.8:9481 - "DELETE /api/history/batch/mprr0vuro7ocr HTTP/1.1" 200
2026-05-30 13:30:39  INFO     uvicorn.access  172.71.212.8:9882 - "GET /api/history/usage HTTP/1.1" 200
2026-05-30 13:30:39  INFO     uvicorn.access  172.71.212.8:9879 - "DELETE /api/history/batch/mprqsf6deqp1p HTTP/1.1" 200
2026-05-30 13:30:39  INFO     uvicorn.access  172.71.212.8:9481 - "DELETE /api/history/batch/mprqo36mvn7rs HTTP/1.1" 200
2026-05-30 13:30:39  INFO     uvicorn.access  172.71.212.8:9882 - "DELETE /api/history/batch/mprqo36mvn7rs HTTP/1.1" 200
2026-05-30 13:30:39  INFO     uvicorn.access  172.71.212.8:9879 - "GET /api/history/usage HTTP/1.1" 200
2026-05-30 13:30:39  INFO     uvicorn.access  172.71.212.8:9882 - "DELETE /api/history/batch/mprqg6mebxgb0 HTTP/1.1" 200
2026-05-30 13:30:39  INFO     uvicorn.access  172.71.212.8:9481 - "DELETE /api/history/batch/mprqg6mebxgb0 HTTP/1.1" 200
2026-05-30 13:30:39  INFO     uvicorn.access  172.71.212.7:12236 - "DELETE /api/history/batch/mprqg6mebxgb0 HTTP/1.1" 200
2026-05-30 13:30:39  INFO     uvicorn.access  172.71.212.8:9879 - "GET /api/history/usage HTTP/1.1" 200
2026-05-30 13:30:39  INFO     uvicorn.access  172.71.212.8:9882 - "DELETE /api/history/batch/mprpvpv1lcpzq HTTP/1.1" 200
2026-05-30 13:30:39  INFO     uvicorn.access  172.71.212.8:9481 - "DELETE /api/history/batch/mprpvpv1lcpzq HTTP/1.1" 200
2026-05-30 13:30:39  INFO     uvicorn.access  172.71.212.7:12236 - "DELETE /api/history/batch/mprpjrfa8uoa0 HTTP/1.1" 200
2026-05-30 13:30:39  INFO     uvicorn.access  172.71.212.8:9879 - "GET /api/history/usage HTTP/1.1" 200
2026-05-30 13:30:39  INFO     uvicorn.access  172.71.212.8:9882 - "DELETE /api/history/batch/mprph16qw9qz3 HTTP/1.1" 200
2026-05-30 13:30:39  INFO     uvicorn.access  172.71.212.8:9481 - "DELETE /api/history/batch/mprph16qw9qz3 HTTP/1.1" 200
2026-05-30 13:30:40  INFO     uvicorn.access  172.71.212.7:12236 - "DELETE /api/history/batch/mprp6sydkf4b4 HTTP/1.1" 200
2026-05-30 13:30:40  INFO     uvicorn.access  172.71.212.8:9879 - "GET /api/history/usage HTTP/1.1" 200
2026-05-30 13:30:40  INFO     uvicorn.access  172.71.212.8:9882 - "DELETE /api/history/batch/mprnn7ne8uty0 HTTP/1.1" 200
2026-05-30 13:30:40  INFO     uvicorn.access  172.71.212.8:9481 - "GET /api/history/usage HTTP/1.1" 200
2026-05-30 13:30:40  INFO     uvicorn.access  172.71.212.7:12236 - "GET /api/history/usage HTTP/1.1" 200
2026-05-30 13:30:40  INFO     uvicorn.access  172.71.212.8:9879 - "GET /api/history/usage HTTP/1.1" 200
2026-05-30 13:30:41  INFO     uvicorn.access  172.71.212.8:9882 - "GET /api/history/usage HTTP/1.1" 200
2026-05-30 13:30:41  INFO     uvicorn.access  172.71.212.8:9481 - "GET /api/history/usage HTTP/1.1" 200
2026-05-30 13:30:41  INFO     uvicorn.access  172.71.212.7:12236 - "GET /api/history/usage HTTP/1.1" 200
2026-05-30 13:30:41  INFO     uvicorn.access  172.71.212.8:9879 - "GET /api/history/usage HTTP/1.1" 200
2026-05-30 13:30:41  INFO     uvicorn.access  172.71.212.8:9882 - "GET /api/history/usage HTTP/1.1" 200
2026-05-30 13:30:42  INFO     uvicorn.access  172.71.212.8:9481 - "GET /api/history/usage HTTP/1.1" 200
2026-05-30 13:30:42  INFO     uvicorn.access  172.71.212.7:12236 - "GET /api/history/usage HTTP/1.1" 200
2026-05-30 13:30:42  INFO     uvicorn.access  172.71.212.8:9879 - "GET /api/history/usage HTTP/1.1" 200
2026-05-30 13:30:42  INFO     uvicorn.access  172.71.212.8:9882 - "GET /api/history/usage HTTP/1.1" 200
2026-05-30 13:30:43  INFO     uvicorn.access  172.71.212.8:9481 - "GET /api/history/usage HTTP/1.1" 200
2026-05-30 13:30:43  INFO     uvicorn.access  172.71.212.7:12236 - "GET /api/history/usage HTTP/1.1" 200
2026-05-30 13:30:43  INFO     uvicorn.access  172.71.212.8:9879 - "GET /api/history/usage HTTP/1.1" 200
2026-05-30 13:30:44  INFO     uvicorn.access  172.71.212.8:9882 - "GET /api/history/usage HTTP/1.1" 200
2026-05-30 13:30:44  INFO     uvicorn.access  172.71.212.8:9481 - "GET /api/history/usage HTTP/1.1" 200
2026-05-30 13:31:59  INFO     uvicorn.access  172.71.212.7:9811 - "POST /api/proxy/v1/images/generations HTTP/1.1" 200
2026-05-30 13:32:08  INFO     uvicorn.access  172.71.212.8:9965 - "POST /api/history/save HTTP/1.1" 200
2026-05-30 13:32:19  INFO     uvicorn.access  172.71.212.7:9944 - "GET /api/history/usage HTTP/1.1" 200
2026-05-30 13:32:19  INFO     uvicorn.access  172.70.223.212:11754 - "GET /api/history/image/1220466459%40qq.com/1780046294340_4811_0.png?token=eyJpZCI6IDAsICJ1c2VybmFtZSI6ICIxMjIwNDY2NDU5QHFxLmNvbSIsICJyb2xlIjogMCwgImlzX2FkbWluIjogZmFsc2UsICJleHAiOiAxNzgxNjEwNjc2fQ%3D%3D.0e45230e8bf02699df66299aa51df88d HTTP/1.1" 404
2026-05-30 13:32:19  INFO     uvicorn.access  172.64.215.119:11604 - "GET /api/history/image/1220466459%40qq.com/1780039552528_3127_0.png?token=eyJpZCI6IDAsICJ1c2VybmFtZSI6ICIxMjIwNDY2NDU5QHFxLmNvbSIsICJyb2xlIjogMCwgImlzX2FkbWluIjogZmFsc2UsICJleHAiOiAxNzgxNjEwNjc2fQ%3D%3D.0e45230e8bf02699df66299aa51df88d HTTP/1.1" 404
2026-05-30 13:32:19  INFO     uvicorn.access  172.64.213.64:10842 - "GET /api/history/image/1220466459%40qq.com/1780042528515_7878_0.png?token=eyJpZCI6IDAsICJ1c2VybmFtZSI6ICIxMjIwNDY2NDU5QHFxLmNvbSIsICJyb2xlIjogMCwgImlzX2FkbWluIjogZmFsc2UsICJleHAiOiAxNzgxNjEwNjc2fQ%3D%3D.0e45230e8bf02699df66299aa51df88d HTTP/1.1" 404
2026-05-30 13:32:19  INFO     uvicorn.access  162.159.108.68:10117 - "GET /api/history/image/1220466459%40qq.com/1780025281726_9641_0.png?token=eyJpZCI6IDAsICJ1c2VybmFtZSI6ICIxMjIwNDY2NDU5QHFxLmNvbSIsICJyb2xlIjogMCwgImlzX2FkbWluIjogZmFsc2UsICJleHAiOiAxNzgxNjEwNjc2fQ%3D%3D.0e45230e8bf02699df66299aa51df88d HTTP/1.1" 404
2026-05-30 13:32:19  INFO     uvicorn.access  172.71.24.80:11677 - "GET /api/history/image/1220466459%40qq.com/1780030198758_5413_0.png?token=eyJpZCI6IDAsICJ1c2VybmFtZSI6ICIxMjIwNDY2NDU5QHFxLmNvbSIsICJyb2xlIjogMCwgImlzX2FkbWluIjogZmFsc2UsICJleHAiOiAxNzgxNjEwNjc2fQ%3D%3D.0e45230e8bf02699df66299aa51df88d HTTP/1.1" 404
2026-05-30 13:32:19  INFO     uvicorn.access  172.70.222.147:11504 - "GET /api/history/image/1220466459%40qq.com/1780035894443_7910_0.png?token=eyJpZCI6IDAsICJ1c2VybmFtZSI6ICIxMjIwNDY2NDU5QHFxLmNvbSIsICJyb2xlIjogMCwgImlzX2FkbWluIjogZmFsc2UsICJleHAiOiAxNzgxNjEwNjc2fQ%3D%3D.0e45230e8bf02699df66299aa51df88d HTTP/1.1" 404
2026-05-30 13:32:20  INFO     uvicorn.access  172.64.213.109:11787 - "GET /api/history/image/1220466459%40qq.com/1780025156620_1296_0.png?token=eyJpZCI6IDAsICJ1c2VybmFtZSI6ICIxMjIwNDY2NDU5QHFxLmNvbSIsICJyb2xlIjogMCwgImlzX2FkbWluIjogZmFsc2UsICJleHAiOiAxNzgxNjEwNjc2fQ%3D%3D.0e45230e8bf02699df66299aa51df88d HTTP/1.1" 404
2026-05-30 13:32:20  INFO     uvicorn.access  172.64.215.215:11497 - "GET /api/history/image/1220466459%40qq.com/1780024483020_2167_0.png?token=eyJpZCI6IDAsICJ1c2VybmFtZSI6ICIxMjIwNDY2NDU5QHFxLmNvbSIsICJyb2xlIjogMCwgImlzX2FkbWluIjogZmFsc2UsICJleHAiOiAxNzgxNjEwNjc2fQ%3D%3D.0e45230e8bf02699df66299aa51df88d HTTP/1.1" 404
2026-05-30 13:32:20  INFO     uvicorn.access  172.71.8.116:12608 - "GET /api/history/image/1220466459%40qq.com/1780024627116_2297_0.png?token=eyJpZCI6IDAsICJ1c2VybmFtZSI6ICIxMjIwNDY2NDU5QHFxLmNvbSIsICJyb2xlIjogMCwgImlzX2FkbWluIjogZmFsc2UsICJleHAiOiAxNzgxNjEwNjc2fQ%3D%3D.0e45230e8bf02699df66299aa51df88d HTTP/1.1" 404
2026-05-30 13:32:20  INFO     uvicorn.access  172.64.213.165:10642 - "GET /api/history/image/1220466459%40qq.com/1780024114236_5751_0.png?token=eyJpZCI6IDAsICJ1c2VybmFtZSI6ICIxMjIwNDY2NDU5QHFxLmNvbSIsICJyb2xlIjogMCwgImlzX2FkbWluIjogZmFsc2UsICJleHAiOiAxNzgxNjEwNjc2fQ%3D%3D.0e45230e8bf02699df66299aa51df88d HTTP/1.1" 404
2026-05-30 13:32:20  INFO     uvicorn.access  172.68.119.134:12110 - "GET /api/history/image/1220466459%40qq.com/1780024319848_2230_0.png?token=eyJpZCI6IDAsICJ1c2VybmFtZSI6ICIxMjIwNDY2NDU5QHFxLmNvbSIsICJyb2xlIjogMCwgImlzX2FkbWluIjogZmFsc2UsICJleHAiOiAxNzgxNjEwNjc2fQ%3D%3D.0e45230e8bf02699df66299aa51df88d HTTP/1.1" 404
2026-05-30 13:32:20  INFO     uvicorn.access  172.64.215.40:12665 - "GET /api/history/image/1220466459%40qq.com/1780024193832_8454_0.png?token=eyJpZCI6IDAsICJ1c2VybmFtZSI6ICIxMjIwNDY2NDU5QHFxLmNvbSIsICJyb2xlIjogMCwgImlzX2FkbWluIjogZmFsc2UsICJleHAiOiAxNzgxNjEwNjc2fQ%3D%3D.0e45230e8bf02699df66299aa51df88d HTTP/1.1" 404
2026-05-30 13:32:20  INFO     uvicorn.access  162.159.108.60:13442 - "GET /api/history/image/1220466459%40qq.com/1780024008038_4408_0.png?token=eyJpZCI6IDAsICJ1c2VybmFtZSI6ICIxMjIwNDY2NDU5QHFxLmNvbSIsICJyb2xlIjogMCwgImlzX2FkbWluIjogZmFsc2UsICJleHAiOiAxNzgxNjEwNjc2fQ%3D%3D.0e45230e8bf02699df66299aa51df88d HTTP/1.1" 404
2026-05-30 13:32:20  INFO     uvicorn.access  162.159.110.36:11357 - "GET /api/history/image/1220466459%40qq.com/1780023898755_6259_0.png?token=eyJpZCI6IDAsICJ1c2VybmFtZSI6ICIxMjIwNDY2NDU5QHFxLmNvbSIsICJyb2xlIjogMCwgImlzX2FkbWluIjogZmFsc2UsICJleHAiOiAxNzgxNjEwNjc2fQ%3D%3D.0e45230e8bf02699df66299aa51df88d HTTP/1.1" 404
2026-05-30 13:32:21  INFO     uvicorn.access  172.64.215.124:10210 - "GET /api/history/image/1220466459%40qq.com/1780023744250_4073_0.png?token=eyJpZCI6IDAsICJ1c2VybmFtZSI6ICIxMjIwNDY2NDU5QHFxLmNvbSIsICJyb2xlIjogMCwgImlzX2FkbWluIjogZmFsc2UsICJleHAiOiAxNzgxNjEwNjc2fQ%3D%3D.0e45230e8bf02699df66299aa51df88d HTTP/1.1" 404
2026-05-30 13:32:21  INFO     uvicorn.access  172.64.213.32:13962 - "GET /api/history/image/1220466459%40qq.com/1780023684594_9539_0.png?token=eyJpZCI6IDAsICJ1c2VybmFtZSI6ICIxMjIwNDY2NDU5QHFxLmNvbSIsICJyb2xlIjogMCwgImlzX2FkbWluIjogZmFsc2UsICJleHAiOiAxNzgxNjEwNjc2fQ%3D%3D.0e45230e8bf02699df66299aa51df88d HTTP/1.1" 404
2026-05-30 13:32:21  INFO     uvicorn.access  162.159.108.32:9829 - "GET /api/history/image/1220466459%40qq.com/1780022714310_2484_0.png?token=eyJpZCI6IDAsICJ1c2VybmFtZSI6ICIxMjIwNDY2NDU5QHFxLmNvbSIsICJyb2xlIjogMCwgImlzX2FkbWluIjogZmFsc2UsICJleHAiOiAxNzgxNjEwNjc2fQ%3D%3D.0e45230e8bf02699df66299aa51df88d HTTP/1.1" 404
2026-05-30 13:32:21  INFO     uvicorn.access  172.71.8.103:11880 - "GET /api/history/image/1220466459%40qq.com/1780023479729_8207_0.png?token=eyJpZCI6IDAsICJ1c2VybmFtZSI6ICIxMjIwNDY2NDU5QHFxLmNvbSIsICJyb2xlIjogMCwgImlzX2FkbWluIjogZmFsc2UsICJleHAiOiAxNzgxNjEwNjc2fQ%3D%3D.0e45230e8bf02699df66299aa51df88d HTTP/1.1" 404
2026-05-30 13:32:21  INFO     uvicorn.access  172.70.222.190:12487 - "GET /api/history/image/1220466459%40qq.com/1780021667353_5310_0.png?token=eyJpZCI6IDAsICJ1c2VybmFtZSI6ICIxMjIwNDY2NDU5QHFxLmNvbSIsICJyb2xlIjogMCwgImlzX2FkbWluIjogZmFsc2UsICJleHAiOiAxNzgxNjEwNjc2fQ%3D%3D.0e45230e8bf02699df66299aa51df88d HTTP/1.1" 404
2026-05-30 13:32:21  INFO     uvicorn.access  162.159.110.98:12147 - "GET /api/history/image/1220466459%40qq.com/1780021460787_6325_0.png?token=eyJpZCI6IDAsICJ1c2VybmFtZSI6ICIxMjIwNDY2NDU5QHFxLmNvbSIsICJyb2xlIjogMCwgImlzX2FkbWluIjogZmFsc2UsICJleHAiOiAxNzgxNjEwNjc2fQ%3D%3D.0e45230e8bf02699df66299aa51df88d HTTP/1.1" 404
2026-05-30 13:32:21  INFO     uvicorn.access  162.159.110.77:11272 - "GET /api/history/image/1220466459%40qq.com/1780021053071_4438_0.png?token=eyJpZCI6IDAsICJ1c2VybmFtZSI6ICIxMjIwNDY2NDU5QHFxLmNvbSIsICJyb2xlIjogMCwgImlzX2FkbWluIjogZmFsc2UsICJleHAiOiAxNzgxNjEwNjc2fQ%3D%3D.0e45230e8bf02699df66299aa51df88d HTTP/1.1" 404
2026-05-30 13:32:21  INFO     uvicorn.access  172.71.8.84:11087 - "GET /api/history/image/1220466459%40qq.com/1780021321868_8514_0.png?token=eyJpZCI6IDAsICJ1c2VybmFtZSI6ICIxMjIwNDY2NDU5QHFxLmNvbSIsICJyb2xlIjogMCwgImlzX2FkbWluIjogZmFsc2UsICJleHAiOiAxNzgxNjEwNjc2fQ%3D%3D.0e45230e8bf02699df66299aa51df88d HTTP/1.1" 404
2026-05-30 13:32:21  INFO     uvicorn.access  172.70.123.210:11317 - "GET /api/history/image/1220466459%40qq.com/1780021188876_6197_0.png?token=eyJpZCI6IDAsICJ1c2VybmFtZSI6ICIxMjIwNDY2NDU5QHFxLmNvbSIsICJyb2xlIjogMCwgImlzX2FkbWluIjogZmFsc2UsICJleHAiOiAxNzgxNjEwNjc2fQ%3D%3D.0e45230e8bf02699df66299aa51df88d HTTP/1.1" 404
2026-05-30 13:32:22  INFO     uvicorn.access  172.71.24.121:14168 - "GET /api/history/image/1220466459%40qq.com/1780020911422_1420_0.png?token=eyJpZCI6IDAsICJ1c2VybmFtZSI6ICIxMjIwNDY2NDU5QHFxLmNvbSIsICJyb2xlIjogMCwgImlzX2FkbWluIjogZmFsc2UsICJleHAiOiAxNzgxNjEwNjc2fQ%3D%3D.0e45230e8bf02699df66299aa51df88d HTTP/1.1" 404
2026-05-30 13:32:22  INFO     uvicorn.access  172.70.223.71:12417 - "GET /api/history/image/1220466459%40qq.com/1780020803373_9412_0.png?token=eyJpZCI6IDAsICJ1c2VybmFtZSI6ICIxMjIwNDY2NDU5QHFxLmNvbSIsICJyb2xlIjogMCwgImlzX2FkbWluIjogZmFsc2UsICJleHAiOiAxNzgxNjEwNjc2fQ%3D%3D.0e45230e8bf02699df66299aa51df88d HTTP/1.1" 404
2026-05-30 13:32:22  INFO     uvicorn.access  162.158.119.85:11827 - "GET /api/history/image/1220466459%40qq.com/1780019729793_9135_0.png?token=eyJpZCI6IDAsICJ1c2VybmFtZSI6ICIxMjIwNDY2NDU5QHFxLmNvbSIsICJyb2xlIjogMCwgImlzX2FkbWluIjogZmFsc2UsICJleHAiOiAxNzgxNjEwNjc2fQ%3D%3D.0e45230e8bf02699df66299aa51df88d HTTP/1.1" 404
2026-05-30 13:32:22  INFO     uvicorn.access  172.64.215.64:13090 - "GET /api/history/image/1220466459%40qq.com/1780019096266_9243_0.png?token=eyJpZCI6IDAsICJ1c2VybmFtZSI6ICIxMjIwNDY2NDU5QHFxLmNvbSIsICJyb2xlIjogMCwgImlzX2FkbWluIjogZmFsc2UsICJleHAiOiAxNzgxNjEwNjc2fQ%3D%3D.0e45230e8bf02699df66299aa51df88d HTTP/1.1" 404
2026-05-30 13:32:22  INFO     uvicorn.access  172.71.8.46:9595 - "GET /api/history/image/1220466459%40qq.com/1780019546028_1035_0.png?token=eyJpZCI6IDAsICJ1c2VybmFtZSI6ICIxMjIwNDY2NDU5QHFxLmNvbSIsICJyb2xlIjogMCwgImlzX2FkbWluIjogZmFsc2UsICJleHAiOiAxNzgxNjEwNjc2fQ%3D%3D.0e45230e8bf02699df66299aa51df88d HTTP/1.1" 404
2026-05-30 13:32:22  INFO     uvicorn.access  172.70.49.86:10867 - "GET /api/history/image/1220466459%40qq.com/1780018846570_4454_0.png?token=eyJpZCI6IDAsICJ1c2VybmFtZSI6ICIxMjIwNDY2NDU5QHFxLmNvbSIsICJyb2xlIjogMCwgImlzX2FkbWluIjogZmFsc2UsICJleHAiOiAxNzgxNjEwNjc2fQ%3D%3D.0e45230e8bf02699df66299aa51df88d HTTP/1.1" 404
2026-05-30 13:32:22  INFO     uvicorn.access  162.159.110.12:10077 - "GET /api/history/image/1220466459%40qq.com/1780018695130_4947_0.png?token=eyJpZCI6IDAsICJ1c2VybmFtZSI6ICIxMjIwNDY2NDU5QHFxLmNvbSIsICJyb2xlIjogMCwgImlzX2FkbWluIjogZmFsc2UsICJleHAiOiAxNzgxNjEwNjc2fQ%3D%3D.0e45230e8bf02699df66299aa51df88d HTTP/1.1" 404
2026-05-30 13:32:23  INFO     uvicorn.access  162.159.108.167:10281 - "GET /api/history/image/1220466459%40qq.com/1780017519767_5763_0.png?token=eyJpZCI6IDAsICJ1c2VybmFtZSI6ICIxMjIwNDY2NDU5QHFxLmNvbSIsICJyb2xlIjogMCwgImlzX2FkbWluIjogZmFsc2UsICJleHAiOiAxNzgxNjEwNjc2fQ%3D%3D.0e45230e8bf02699df66299aa51df88d HTTP/1.1" 404
2026-05-30 13:32:23  INFO     uvicorn.access  162.159.108.134:12683 - "GET /api/history/image/1220466459%40qq.com/1780018170199_3902_0.png?token=eyJpZCI6IDAsICJ1c2VybmFtZSI6ICIxMjIwNDY2NDU5QHFxLmNvbSIsICJyb2xlIjogMCwgImlzX2FkbWluIjogZmFsc2UsICJleHAiOiAxNzgxNjEwNjc2fQ%3D%3D.0e45230e8bf02699df66299aa51df88d HTTP/1.1" 404
2026-05-30 13:32:34  INFO     uvicorn.access  172.70.123.110:13484 - "GET /api/history/image/1220466459%40qq.com/1780017409604_9400_0.png?token=eyJpZCI6IDAsICJ1c2VybmFtZSI6ICIxMjIwNDY2NDU5QHFxLmNvbSIsICJyb2xlIjogMCwgImlzX2FkbWluIjogZmFsc2UsICJleHAiOiAxNzgxNjEwNjc2fQ%3D%3D.0e45230e8bf02699df66299aa51df88d HTTP/1.1" 404
2026-05-30 13:32:34  INFO     uvicorn.access  172.64.213.129:14170 - "GET /api/history/image/1220466459%40qq.com/1779962311626_4653_0.png?token=eyJpZCI6IDAsICJ1c2VybmFtZSI6ICIxMjIwNDY2NDU5QHFxLmNvbSIsICJyb2xlIjogMCwgImlzX2FkbWluIjogZmFsc2UsICJleHAiOiAxNzgxNjEwNjc2fQ%3D%3D.0e45230e8bf02699df66299aa51df88d HTTP/1.1" 404
2026-05-30 13:32:34  INFO     uvicorn.access  172.64.215.16:12660 - "GET /api/history/image/1220466459%40qq.com/1779962052357_2295_0.png?token=eyJpZCI6IDAsICJ1c2VybmFtZSI6ICIxMjIwNDY2NDU5QHFxLmNvbSIsICJyb2xlIjogMCwgImlzX2FkbWluIjogZmFsc2UsICJleHAiOiAxNzgxNjEwNjc2fQ%3D%3D.0e45230e8bf02699df66299aa51df88d HTTP/1.1" 404
2026-05-30 13:32:34  INFO     uvicorn.access  172.70.49.79:9873 - "GET /api/history/image/1220466459%40qq.com/1779961832782_3719_0.png?token=eyJpZCI6IDAsICJ1c2VybmFtZSI6ICIxMjIwNDY2NDU5QHFxLmNvbSIsICJyb2xlIjogMCwgImlzX2FkbWluIjogZmFsc2UsICJleHAiOiAxNzgxNjEwNjc2fQ%3D%3D.0e45230e8bf02699df66299aa51df88d HTTP/1.1" 404
2026-05-30 13:32:34  INFO     uvicorn.access  172.64.213.169:13887 - "GET /api/history/image/1220466459%40qq.com/1779961716160_8819_0.png?token=eyJpZCI6IDAsICJ1c2VybmFtZSI6ICIxMjIwNDY2NDU5QHFxLmNvbSIsICJyb2xlIjogMCwgImlzX2FkbWluIjogZmFsc2UsICJleHAiOiAxNzgxNjEwNjc2fQ%3D%3D.0e45230e8bf02699df66299aa51df88d HTTP/1.1" 404
2026-05-30 13:32:34  INFO     uvicorn.access  162.158.119.230:10923 - "GET /api/history/image/1220466459%40qq.com/1779961961080_1208_0.png?token=eyJpZCI6IDAsICJ1c2VybmFtZSI6ICIxMjIwNDY2NDU5QHFxLmNvbSIsICJyb2xlIjogMCwgImlzX2FkbWluIjogZmFsc2UsICJleHAiOiAxNzgxNjEwNjc2fQ%3D%3D.0e45230e8bf02699df66299aa51df88d HTTP/1.1" 404
2026-05-30 13:32:35  INFO     uvicorn.access  172.64.215.7:13076 - "GET /api/history/image/1220466459%40qq.com/1779961544710_8176_0.png?token=eyJpZCI6IDAsICJ1c2VybmFtZSI6ICIxMjIwNDY2NDU5QHFxLmNvbSIsICJyb2xlIjogMCwgImlzX2FkbWluIjogZmFsc2UsICJleHAiOiAxNzgxNjEwNjc2fQ%3D%3D.0e45230e8bf02699df66299aa51df88d HTTP/1.1" 404
2026-05-30 13:32:35  INFO     uvicorn.access  162.159.110.115:12148 - "GET /api/history/image/1220466459%40qq.com/1779961405556_5192_0.png?token=eyJpZCI6IDAsICJ1c2VybmFtZSI6ICIxMjIwNDY2NDU5QHFxLmNvbSIsICJyb2xlIjogMCwgImlzX2FkbWluIjogZmFsc2UsICJleHAiOiAxNzgxNjEwNjc2fQ%3D%3D.0e45230e8bf02699df66299aa51df88d HTTP/1.1" 404
2026-05-30 13:32:35  INFO     uvicorn.access  172.70.49.82:12454 - "GET /api/history/image/1220466459%40qq.com/1779961215224_3382_0.png?token=eyJpZCI6IDAsICJ1c2VybmFtZSI6ICIxMjIwNDY2NDU5QHFxLmNvbSIsICJyb2xlIjogMCwgImlzX2FkbWluIjogZmFsc2UsICJleHAiOiAxNzgxNjEwNjc2fQ%3D%3D.0e45230e8bf02699df66299aa51df88d HTTP/1.1" 404
2026-05-30 13:32:35  INFO     uvicorn.access  162.159.108.70:13467 - "GET /api/history/image/1220466459%40qq.com/1779960407377_2449_0.png?token=eyJpZCI6IDAsICJ1c2VybmFtZSI6ICIxMjIwNDY2NDU5QHFxLmNvbSIsICJyb2xlIjogMCwgImlzX2FkbWluIjogZmFsc2UsICJleHAiOiAxNzgxNjEwNjc2fQ%3D%3D.0e45230e8bf02699df66299aa51df88d HTTP/1.1" 404
2026-05-30 13:32:35  INFO     uvicorn.access  162.159.108.131:9272 - "GET /api/history/image/1220466459%40qq.com/1779960069110_2232_0.png?token=eyJpZCI6IDAsICJ1c2VybmFtZSI6ICIxMjIwNDY2NDU5QHFxLmNvbSIsICJyb2xlIjogMCwgImlzX2FkbWluIjogZmFsc2UsICJleHAiOiAxNzgxNjEwNjc2fQ%3D%3D.0e45230e8bf02699df66299aa51df88d HTTP/1.1" 404
2026-05-30 13:32:35  INFO     uvicorn.access  172.64.213.119:14160 - "GET /api/history/image/1220466459%40qq.com/1779960251292_6948_0.png?token=eyJpZCI6IDAsICJ1c2VybmFtZSI6ICIxMjIwNDY2NDU5QHFxLmNvbSIsICJyb2xlIjogMCwgImlzX2FkbWluIjogZmFsc2UsICJleHAiOiAxNzgxNjEwNjc2fQ%3D%3D.0e45230e8bf02699df66299aa51df88d HTTP/1.1" 404
2026-05-30 13:32:35  INFO     uvicorn.access  162.159.108.165:10949 - "GET /api/history/image/1220466459%40qq.com/1779960342023_2416_0.png?token=eyJpZCI6IDAsICJ1c2VybmFtZSI6ICIxMjIwNDY2NDU5QHFxLmNvbSIsICJyb2xlIjogMCwgImlzX2FkbWluIjogZmFsc2UsICJleHAiOiAxNzgxNjEwNjc2fQ%3D%3D.0e45230e8bf02699df66299aa51df88d HTTP/1.1" 404
2026-05-30 13:32:36  INFO     uvicorn.access  162.159.110.41:9965 - "GET /api/history/image/1220466459%40qq.com/1779959869460_4267_0.png?token=eyJpZCI6IDAsICJ1c2VybmFtZSI6ICIxMjIwNDY2NDU5QHFxLmNvbSIsICJyb2xlIjogMCwgImlzX2FkbWluIjogZmFsc2UsICJleHAiOiAxNzgxNjEwNjc2fQ%3D%3D.0e45230e8bf02699df66299aa51df88d HTTP/1.1" 404
2026-05-30 13:32:36  INFO     uvicorn.access  162.159.108.83:10808 - "GET /api/history/image/1220466459%40qq.com/1779958879070_9428_0.png?token=eyJpZCI6IDAsICJ1c2VybmFtZSI6ICIxMjIwNDY2NDU5QHFxLmNvbSIsICJyb2xlIjogMCwgImlzX2FkbWluIjogZmFsc2UsICJleHAiOiAxNzgxNjEwNjc2fQ%3D%3D.0e45230e8bf02699df66299aa51df88d HTTP/1.1" 404
2026-05-30 13:32:36  INFO     uvicorn.access  172.64.215.99:11863 - "GET /api/history/image/1220466459%40qq.com/1779959715347_9327_0.png?token=eyJpZCI6IDAsICJ1c2VybmFtZSI6ICIxMjIwNDY2NDU5QHFxLmNvbSIsICJyb2xlIjogMCwgImlzX2FkbWluIjogZmFsc2UsICJleHAiOiAxNzgxNjEwNjc2fQ%3D%3D.0e45230e8bf02699df66299aa51df88d HTTP/1.1" 404
2026-05-30 13:32:36  INFO     uvicorn.access  162.159.108.98:11009 - "GET /api/history/image/1220466459%40qq.com/1779956364237_7086_0.png?token=eyJpZCI6IDAsICJ1c2VybmFtZSI6ICIxMjIwNDY2NDU5QHFxLmNvbSIsICJyb2xlIjogMCwgImlzX2FkbWluIjogZmFsc2UsICJleHAiOiAxNzgxNjEwNjc2fQ%3D%3D.0e45230e8bf02699df66299aa51df88d HTTP/1.1" 404
2026-05-30 13:32:37  INFO     uvicorn.access  172.64.215.68:10912 - "GET /api/history/image/1220466459%40qq.com/1779954484920_2601_0.png?token=eyJpZCI6IDAsICJ1c2VybmFtZSI6ICIxMjIwNDY2NDU5QHFxLmNvbSIsICJyb2xlIjogMCwgImlzX2FkbWluIjogZmFsc2UsICJleHAiOiAxNzgxNjEwNjc2fQ%3D%3D.0e45230e8bf02699df66299aa51df88d HTTP/1.1" 404
2026-05-30 13:32:37  INFO     uvicorn.access  172.64.215.65:11082 - "GET /api/history/image/1220466459%40qq.com/1779953630749_6373_0.png?token=eyJpZCI6IDAsICJ1c2VybmFtZSI6ICIxMjIwNDY2NDU5QHFxLmNvbSIsICJyb2xlIjogMCwgImlzX2FkbWluIjogZmFsc2UsICJleHAiOiAxNzgxNjEwNjc2fQ%3D%3D.0e45230e8bf02699df66299aa51df88d HTTP/1.1" 404
2026-05-30 13:32:37  INFO     uvicorn.access  172.70.123.18:12874 - "GET /api/history/image/1220466459%40qq.com/1779953186194_3626_0.png?token=eyJpZCI6IDAsICJ1c2VybmFtZSI6ICIxMjIwNDY2NDU5QHFxLmNvbSIsICJyb2xlIjogMCwgImlzX2FkbWluIjogZmFsc2UsICJleHAiOiAxNzgxNjEwNjc2fQ%3D%3D.0e45230e8bf02699df66299aa51df88d HTTP/1.1" 404
2026-05-30 13:32:37  INFO     uvicorn.access  172.70.123.190:10188 - "GET /api/history/image/1220466459%40qq.com/1779952492326_5657_0.png?token=eyJpZCI6IDAsICJ1c2VybmFtZSI6ICIxMjIwNDY2NDU5QHFxLmNvbSIsICJyb2xlIjogMCwgImlzX2FkbWluIjogZmFsc2UsICJleHAiOiAxNzgxNjEwNjc2fQ%3D%3D.0e45230e8bf02699df66299aa51df88d HTTP/1.1" 404
2026-05-30 13:32:37  INFO     uvicorn.access  172.64.215.180:13462 - "GET /api/history/image/1220466459%40qq.com/1779951685659_4985_0.png?token=eyJpZCI6IDAsICJ1c2VybmFtZSI6ICIxMjIwNDY2NDU5QHFxLmNvbSIsICJyb2xlIjogMCwgImlzX2FkbWluIjogZmFsc2UsICJleHAiOiAxNzgxNjEwNjc2fQ%3D%3D.0e45230e8bf02699df66299aa51df88d HTTP/1.1" 404
2026-05-30 13:34:38  WARNING  app.routers.api_proxy  代理上游返回 HTML 错误 [502] https://newapi-cf.qianqianye.com/v1/images/generations: <!DOCTYPE html>
<!--[if lt IE 7]> <html class="no-js ie6 oldie" lang="en-US"> <![endif]-->
<!--[if I
2026-05-30 13:34:38  INFO     uvicorn.access  172.71.215.38:12501 - "POST /api/proxy/v1/images/generations HTTP/1.1" 502
2026-05-30 13:36:10  INFO     uvicorn.access  172.71.215.37:12182 - "POST /api/proxy/v1/images/generations HTTP/1.1" 200
2026-05-30 13:36:15  INFO     uvicorn.access  172.71.215.37:12182 - "POST /api/history/save HTTP/1.1" 200
2026-05-30 13:36:15  INFO     uvicorn.access  172.71.215.37:12182 - "GET /api/history/usage HTTP/1.1" 200
2026-05-30 15:20:24  INFO     uvicorn.access  162.216.149.213:59212 - "GET /metrics HTTP/1.1" 307
2026-05-30 15:20:25  INFO     uvicorn.access  162.216.149.213:59224 - "GET / HTTP/1.1" 200
2026-05-30 15:21:17  WARNING  uvicorn.error  Invalid HTTP request received.
2026-05-30 16:25:48  INFO     uvicorn.access  172.71.194.67:13192 - "GET /gallery HTTP/1.1" 200
2026-05-30 16:45:11  INFO     uvicorn.access  104.23.166.135:12456 - "GET / HTTP/1.1" 200
2026-05-30 16:45:12  INFO     uvicorn.access  162.159.113.65:13449 - "GET /static/css/common.css HTTP/1.1" 304
2026-05-30 16:45:13  INFO     uvicorn.access  172.71.95.117:12409 - "GET /static/js/common.js HTTP/1.1" 304
2026-05-30 16:45:14  INFO     uvicorn.access  104.23.166.67:14062 - "GET /static/css/home.css HTTP/1.1" 200
2026-05-30 16:45:16  INFO     uvicorn.access  104.23.172.34:10496 - "GET /api/announcement?page=home HTTP/1.1" 200
2026-05-30 16:45:18  INFO     uvicorn.access  104.23.172.34:10496 - "GET /play HTTP/1.1" 200
2026-05-30 16:45:18  INFO     uvicorn.access  162.159.113.13:11970 - "GET /static/css/play.css?v=1779876137 HTTP/1.1" 304
2026-05-30 16:45:19  INFO     uvicorn.access  104.23.168.49:12844 - "GET /static/js/play.js?v=1779876137 HTTP/1.1" 304
2026-05-30 16:45:19  INFO     uvicorn.access  104.23.172.34:10496 - "GET /api/announcement?page=play HTTP/1.1" 200
2026-05-30 16:45:22  INFO     uvicorn.access  104.23.172.34:10496 - "GET /api/proxy/v1/models HTTP/1.1" 401
2026-05-30 16:45:25  INFO     uvicorn.access  104.23.172.34:10496 - "GET /api/proxy/v1/models HTTP/1.1" 401
2026-05-30 16:45:27  INFO     uvicorn.access  104.23.172.34:10496 - "GET /api/proxy/v1/models HTTP/1.1" 401
2026-05-30 16:45:40  INFO     uvicorn.access  104.23.172.34:11159 - "GET /api/proxy/v1/models HTTP/1.1" 401
2026-05-30 16:45:41  INFO     uvicorn.access  104.23.172.34:11159 - "GET /api/proxy/v1/models HTTP/1.1" 401
2026-05-30 16:45:58  INFO     uvicorn.access  172.71.98.55:13860 - "GET / HTTP/1.1" 200
2026-05-30 16:45:59  INFO     uvicorn.access  172.71.98.55:13860 - "GET /api/announcement?page=home HTTP/1.1" 200
2026-05-30 16:46:01  INFO     uvicorn.access  172.71.103.137:10771 - "GET /play HTTP/1.1" 200
2026-05-30 16:46:02  INFO     uvicorn.access  172.71.103.137:10771 - "GET /api/announcement?page=play HTTP/1.1" 200
2026-05-30 16:46:02  INFO     uvicorn.access  172.71.103.137:10771 - "GET /api/history/usage HTTP/1.1" 200
2026-05-30 16:46:02  INFO     uvicorn.access  172.71.103.137:10772 - "GET /api/history/list HTTP/1.1" 200
2026-05-30 16:46:06  INFO     uvicorn.access  172.71.103.137:10771 - "GET /api/proxy/v1/models HTTP/1.1" 401
2026-05-30 16:46:13  INFO     uvicorn.access  172.71.103.137:12800 - "GET /api/proxy/v1/models HTTP/1.1" 401
2026-05-30 17:23:08  INFO     uvicorn.access  104.23.168.56:13692 - "GET /api/proxy/v1/models HTTP/1.1" 200
2026-05-30 17:24:45  INFO     uvicorn.access  104.23.168.57:10445 - "POST /api/proxy/v1/images/edits HTTP/1.1" 200
2026-05-30 17:26:12  INFO     uvicorn.access  104.23.170.178:9440 - "POST /api/proxy/v1/images/edits HTTP/1.1" 200
2026-05-30 17:28:27  INFO     uvicorn.access  172.71.183.164:12528 - "POST /api/proxy/v1/images/edits HTTP/1.1" 200
2026-05-30 17:30:30  INFO     uvicorn.access  104.23.170.178:11517 - "POST /api/proxy/v1/images/edits HTTP/1.1" 200
2026-05-30 17:31:59  INFO     uvicorn.access  162.159.113.106:10417 - "POST /api/proxy/v1/images/edits HTTP/1.1" 200
2026-05-30 17:34:12  INFO     uvicorn.access  141.101.76.55:9458 - "POST /api/proxy/v1/images/edits HTTP/1.1" 200
2026-05-30 18:07:11  INFO     uvicorn.access  172.64.213.152:9242 - "GET / HTTP/1.1" 200
2026-05-30 18:07:11  INFO     uvicorn.access  162.159.108.117:10696 - "GET /static/css/common.css HTTP/1.1" 304
2026-05-30 18:07:11  INFO     uvicorn.access  172.70.49.253:13069 - "GET /static/css/home.css HTTP/1.1" 304
2026-05-30 18:07:11  INFO     uvicorn.access  172.70.223.144:13198 - "GET /static/js/common.js HTTP/1.1" 304
2026-05-30 18:07:11  INFO     uvicorn.access  172.64.213.152:9242 - "GET /api/announcement?page=home HTTP/1.1" 200
2026-05-30 18:07:12  INFO     uvicorn.access  172.64.213.152:9242 - "GET /gallery HTTP/1.1" 200
2026-05-30 18:07:13  INFO     uvicorn.access  172.70.223.232:12266 - "GET /static/js/gallery.js?v=1779876137 HTTP/1.1" 200
2026-05-30 18:07:13  INFO     uvicorn.access  172.64.215.70:14300 - "GET /static/css/gallery.css?v=1779876137 HTTP/1.1" 304
2026-05-30 18:07:13  INFO     uvicorn.access  172.64.213.152:9242 - "GET /api/announcement?page=gallery HTTP/1.1" 200
2026-05-30 18:07:13  INFO     uvicorn.access  172.64.213.152:9242 - "POST /auth/verify HTTP/1.1" 200
2026-05-30 18:07:13  INFO     uvicorn.access  172.64.213.152:9242 - "GET /api/gallery/liked?fingerprint=32bcc1e HTTP/1.1" 200
2026-05-30 18:07:14  INFO     uvicorn.access  172.64.213.152:9242 - "GET /api/gallery/images?page=1&sort=likes HTTP/1.1" 200
2026-05-30 18:07:14  INFO     uvicorn.access  172.71.8.109:9425 - "GET /api/gallery/avatar/IMG_8531.png HTTP/1.1" 200
2026-05-30 18:07:14  INFO     uvicorn.access  162.159.108.152:10996 - "GET /api/gallery/avatar/IMG_8578.png HTTP/1.1" 200
2026-05-30 18:07:14  INFO     uvicorn.access  172.70.49.210:12974 - "GET /api/gallery/avatar/IMG_8536.png HTTP/1.1" 200
2026-05-30 18:07:14  INFO     uvicorn.access  172.71.212.9:12539 - "GET /api/gallery/avatar/IMG_8559.png HTTP/1.1" 200
2026-05-30 18:07:14  INFO     uvicorn.access  172.64.213.86:13928 - "GET /api/gallery/file/039985f90d01467c8aa2f27d4b719282.png HTTP/1.1" 200
2026-05-30 18:07:14  INFO     uvicorn.access  172.71.8.119:12990 - "GET /api/gallery/file/4146c931c3244121ae6704675aad583b.png HTTP/1.1" 200
2026-05-30 18:07:14  INFO     uvicorn.access  162.158.119.176:9507 - "GET /api/gallery/file/b9dcee91db814cababe7148f68511586.png HTTP/1.1" 200
2026-05-30 18:07:14  INFO     uvicorn.access  172.70.223.224:10313 - "GET /api/gallery/file/bf8659bfd921477e9b19db3dc33fb5b1.png HTTP/1.1" 200
2026-05-30 18:07:14  INFO     uvicorn.access  172.64.215.74:13646 - "GET /api/gallery/file/3afbc016ab104c9eb569ca1c3d813b39.png HTTP/1.1" 200
2026-05-30 18:07:14  INFO     uvicorn.access  172.64.213.82:12357 - "GET /api/gallery/file/504cff89cfa0457a983588b56e14224d.png HTTP/1.1" 200
2026-05-30 18:07:14  INFO     uvicorn.access  172.68.118.234:12617 - "GET /api/gallery/file/03ebfe77ba784cd4967369a9bf682555.png HTTP/1.1" 200
2026-05-30 18:07:14  INFO     uvicorn.access  162.159.108.71:13998 - "GET /api/gallery/file/5288082c3c2f480ba32bf60a2b7a0a8d.png HTTP/1.1" 200
2026-05-30 19:01:38  INFO     uvicorn.access  104.23.170.179:12720 - "GET /.env HTTP/1.1" 307
2026-05-30 19:01:38  INFO     uvicorn.access  172.71.103.137:11158 - "GET / HTTP/1.1" 200
2026-05-30 19:05:04  INFO     uvicorn.access  85.217.149.52:38560 - "GET / HTTP/1.1" 200
2026-05-30 19:20:07  INFO     uvicorn.access  85.217.140.48:57526 - "GET / HTTP/1.1" 200
2026-05-30 19:38:17  INFO     uvicorn.access  172.70.215.38:9572 - "GET /?id=477474753 HTTP/1.1" 200
2026-05-30 22:43:46  INFO     uvicorn.access  172.69.214.219:12950 - "GET /wp-content/plugins/hellopress/wp_filemanager.php HTTP/1.1" 404
2026-05-30 22:43:46  INFO     uvicorn.access  172.69.214.185:11276 - "GET /admin.php HTTP/1.1" 307
2026-05-30 22:43:47  INFO     uvicorn.access  172.69.214.219:12950 - "GET / HTTP/1.1" 200
2026-05-30 22:43:47  INFO     uvicorn.access  172.69.214.185:11276 - "GET /goods.php HTTP/1.1" 307
2026-05-30 22:43:47  INFO     uvicorn.access  172.69.214.219:12950 - "GET / HTTP/1.1" 200
2026-05-30 22:43:47  INFO     uvicorn.access  172.69.214.185:11276 - "GET /public/css.php HTTP/1.1" 404
2026-05-30 22:43:47  INFO     uvicorn.access  172.69.214.219:12950 - "GET /classwithtostring.php HTTP/1.1" 307
2026-05-30 22:43:47  INFO     uvicorn.access  172.69.214.185:11276 - "GET / HTTP/1.1" 200
2026-05-30 22:43:48  INFO     uvicorn.access  172.69.214.219:12950 - "GET /wp-includes/block-supports/ HTTP/1.1" 404
2026-05-30 22:43:48  INFO     uvicorn.access  172.69.214.185:11276 - "GET /wp-content/admin.php HTTP/1.1" 404
2026-05-30 22:43:48  INFO     uvicorn.access  172.69.214.219:12950 - "GET /gelay.php HTTP/1.1" 307
2026-05-30 22:43:48  INFO     uvicorn.access  172.69.214.219:12950 - "GET / HTTP/1.1" 200
2026-05-30 22:43:48  INFO     uvicorn.access  172.69.214.219:12950 - "GET /wp-admin/images/admin.php HTTP/1.1" 404
2026-05-30 22:43:48  INFO     uvicorn.access  172.69.214.219:12950 - "GET /adminfuns.php HTTP/1.1" 307
2026-05-30 22:43:48  INFO     uvicorn.access  172.69.214.219:12950 - "GET / HTTP/1.1" 200
2026-05-30 22:43:48  INFO     uvicorn.access  172.69.214.219:12950 - "GET /wp-admin/css/ HTTP/1.1" 404
2026-05-30 22:43:48  INFO     uvicorn.access  172.69.214.219:12950 - "GET /admin/controller/extension/extension/ultra.php HTTP/1.1" 404
2026-05-30 22:43:48  INFO     uvicorn.access  172.69.214.219:12950 - "GET /about.php HTTP/1.1" 307
2026-05-30 22:43:49  INFO     uvicorn.access  172.69.214.219:12950 - "GET / HTTP/1.1" 200
2026-05-30 22:43:50  INFO     uvicorn.access  172.69.214.219:12950 - "GET /wp-admin/css/colors/index.php HTTP/1.1" 404
2026-05-30 22:44:00  INFO     uvicorn.access  172.69.214.219:13330 - "GET /f35.php HTTP/1.1" 307
2026-05-30 22:44:00  INFO     uvicorn.access  172.69.214.219:13330 - "GET / HTTP/1.1" 200
2026-05-30 22:44:00  INFO     uvicorn.access  172.69.214.219:13330 - "GET /wp-includes/js/ HTTP/1.1" 404
2026-05-30 22:44:00  INFO     uvicorn.access  172.69.214.219:13330 - "GET /inputs.php HTTP/1.1" 307
2026-05-30 22:44:00  INFO     uvicorn.access  172.69.214.219:13330 - "GET / HTTP/1.1" 200
2026-05-30 22:44:00  INFO     uvicorn.access  172.69.214.219:13330 - "GET /wp-admin/css/colors/ HTTP/1.1" 404
2026-05-30 22:44:00  INFO     uvicorn.access  172.69.214.219:13330 - "GET /222.php HTTP/1.1" 307
2026-05-30 22:44:00  INFO     uvicorn.access  172.69.214.219:13330 - "GET / HTTP/1.1" 200
2026-05-30 22:44:00  INFO     uvicorn.access  172.69.214.219:13330 - "GET /chosen.php HTTP/1.1" 307
2026-05-30 22:44:00  INFO     uvicorn.access  172.69.214.219:13330 - "GET / HTTP/1.1" 200
2026-05-30 22:44:00  INFO     uvicorn.access  172.69.214.219:13330 - "GET /info.php HTTP/1.1" 307
2026-05-30 22:44:01  INFO     uvicorn.access  172.69.214.219:13330 - "GET / HTTP/1.1" 200
2026-05-30 22:44:01  INFO     uvicorn.access  172.69.214.219:13330 - "GET /wp-includes/html-api/ HTTP/1.1" 404
2026-05-30 22:44:01  INFO     uvicorn.access  172.69.214.219:13330 - "GET /wp-includes/ID3/index.php HTTP/1.1" 404
2026-05-30 22:45:00  INFO     uvicorn.access  172.69.214.218:10256 - "GET /k.php HTTP/1.1" 307
2026-05-30 22:45:00  INFO     uvicorn.access  172.69.214.218:10256 - "GET / HTTP/1.1" 200
2026-05-30 22:45:00  INFO     uvicorn.access  172.69.214.218:10256 - "GET /wp-admin/js/ HTTP/1.1" 404
2026-05-30 22:45:00  INFO     uvicorn.access  172.69.214.218:10256 - "GET /403.php HTTP/1.1" 307
2026-05-30 22:45:00  INFO     uvicorn.access  172.69.214.218:10256 - "GET / HTTP/1.1" 200
2026-05-30 22:45:00  INFO     uvicorn.access  172.69.214.218:10256 - "GET /wp-includes/images/ HTTP/1.1" 404
2026-05-30 22:45:00  INFO     uvicorn.access  172.69.214.218:10256 - "GET /wp-content/cache/ HTTP/1.1" 404
2026-05-30 22:45:00  INFO     uvicorn.access  172.69.214.218:10256 - "GET /gecko.php HTTP/1.1" 307
2026-05-30 22:45:00  INFO     uvicorn.access  172.69.214.218:10256 - "GET / HTTP/1.1" 200
2026-05-30 22:45:01  INFO     uvicorn.access  172.69.214.218:10256 - "GET /wp-includes/ HTTP/1.1" 307
2026-05-30 22:45:02  INFO     uvicorn.access  172.69.214.218:10256 - "GET /wp-includes HTTP/1.1" 307
2026-05-30 22:45:02  INFO     uvicorn.access  172.69.214.218:10256 - "GET / HTTP/1.1" 200
2026-05-30 22:45:02  INFO     uvicorn.access  172.69.214.218:10256 - "GET /aa.php HTTP/1.1" 307
2026-05-30 22:45:02  INFO     uvicorn.access  172.69.214.218:10256 - "GET / HTTP/1.1" 200
2026-05-30 22:45:02  INFO     uvicorn.access  172.69.214.218:10256 - "GET /0x.php HTTP/1.1" 307
2026-05-30 22:45:03  INFO     uvicorn.access  172.69.214.218:10256 - "GET / HTTP/1.1" 200
2026-05-30 22:45:03  INFO     uvicorn.access  172.69.214.218:10256 - "GET /wp-content/upgrade/index.php HTTP/1.1" 404
2026-05-30 22:45:03  INFO     uvicorn.access  172.69.214.218:10256 - "GET /cah.php HTTP/1.1" 307
2026-05-30 22:45:03  INFO     uvicorn.access  172.69.214.218:10256 - "GET / HTTP/1.1" 200
2026-05-30 22:45:03  INFO     uvicorn.access  172.69.214.218:10256 - "GET /wp-includes/js/tinymce/plugins/compat3x/css/ HTTP/1.1" 404
2026-05-30 22:45:06  INFO     uvicorn.access  172.69.214.218:10256 - "GET /system_log.php HTTP/1.1" 307
2026-05-30 22:45:06  INFO     uvicorn.access  172.69.214.218:10256 - "GET / HTTP/1.1" 200
2026-05-30 22:45:06  INFO     uvicorn.access  172.69.214.218:10256 - "GET /wp-includes/pomo/ HTTP/1.1" 404
2026-05-30 22:45:06  INFO     uvicorn.access  172.69.214.218:10256 - "GET /wp-admin/user/index.php HTTP/1.1" 404
2026-05-30 22:45:06  INFO     uvicorn.access  172.69.214.218:10256 - "GET /ioxi-o.php HTTP/1.1" 307
2026-05-30 22:45:07  INFO     uvicorn.access  172.69.214.218:10256 - "GET / HTTP/1.1" 200
2026-05-30 22:45:07  INFO     uvicorn.access  172.69.214.218:10256 - "GET /abc.php HTTP/1.1" 307
2026-05-30 22:45:08  INFO     uvicorn.access  172.69.214.218:10256 - "GET / HTTP/1.1" 200
2026-05-30 22:45:09  INFO     uvicorn.access  172.69.214.218:10256 - "GET /akcc.php HTTP/1.1" 307
2026-05-30 22:45:09  INFO     uvicorn.access  172.69.214.218:10256 - "GET / HTTP/1.1" 200
2026-05-30 22:45:09  INFO     uvicorn.access  172.69.214.218:10256 - "GET /wk/index.php HTTP/1.1" 404
2026-05-30 22:45:09  INFO     uvicorn.access  172.69.214.218:10256 - "GET /1.php HTTP/1.1" 307
2026-05-30 22:45:09  INFO     uvicorn.access  172.69.214.218:10256 - "GET / HTTP/1.1" 200
2026-05-30 22:45:09  INFO     uvicorn.access  172.69.214.218:10256 - "GET /wp-content/x/index.php HTTP/1.1" 404
2026-05-30 22:45:09  INFO     uvicorn.access  172.69.214.218:10256 - "GET /wp-content/index.php HTTP/1.1" 404
2026-05-30 22:45:09  INFO     uvicorn.access  172.69.214.218:10256 - "GET /as.php HTTP/1.1" 307
2026-05-30 22:45:09  INFO     uvicorn.access  172.69.214.218:10256 - "GET / HTTP/1.1" 200
2026-05-30 22:45:09  INFO     uvicorn.access  172.69.214.218:10256 - "GET /wp-content/themes/admin.php HTTP/1.1" 404
2026-05-30 22:45:09  INFO     uvicorn.access  172.69.214.218:10256 - "GET /wp-config-sample.php HTTP/1.1" 307
2026-05-30 22:45:10  INFO     uvicorn.access  172.69.214.218:10256 - "GET / HTTP/1.1" 200
2026-05-30 22:45:10  INFO     uvicorn.access  172.69.214.218:10256 - "GET /.well-known/acme-challenge/index.php HTTP/1.1" 404
2026-05-30 22:45:10  INFO     uvicorn.access  172.69.214.218:10256 - "GET /wp-includes/blocks/shortcode/index.php HTTP/1.1" 404
2026-05-30 22:45:10  INFO     uvicorn.access  172.69.214.218:10256 - "GET /wp-includes/images/smilies/ HTTP/1.1" 404
2026-05-30 22:45:10  INFO     uvicorn.access  172.69.214.218:10256 - "GET /cgi-bin/index.php HTTP/1.1" 404
2026-05-30 22:45:11  INFO     uvicorn.access  172.69.214.218:10256 - "GET /an.php HTTP/1.1" 307
2026-05-30 22:45:11  INFO     uvicorn.access  172.69.214.218:10256 - "GET / HTTP/1.1" 200
2026-05-30 22:45:11  INFO     uvicorn.access  172.69.214.218:10256 - "GET /wp-admin/images/ HTTP/1.1" 404
2026-05-30 22:45:11  INFO     uvicorn.access  172.69.214.218:10256 - "GET /404.php HTTP/1.1" 307
2026-05-30 22:45:11  INFO     uvicorn.access  172.69.214.218:10256 - "GET / HTTP/1.1" 200
2026-05-30 22:45:11  INFO     uvicorn.access  172.69.214.218:10256 - "GET /wp-login.php HTTP/1.1" 307
2026-05-30 22:45:11  INFO     uvicorn.access  172.69.214.218:10256 - "GET / HTTP/1.1" 200
2026-05-30 22:45:12  INFO     uvicorn.access  172.69.214.218:10256 - "GET /wp-content/uploads/goods.php HTTP/1.1" 404
2026-05-30 22:45:12  INFO     uvicorn.access  172.69.214.218:10256 - "GET /wp-includes/ID3/ HTTP/1.1" 404
2026-05-30 22:45:12  INFO     uvicorn.access  172.69.214.218:10256 - "GET /.well-known/ HTTP/1.1" 307
2026-05-30 22:45:12  INFO     uvicorn.access  172.69.214.218:10256 - "GET /.well-known HTTP/1.1" 307
2026-05-30 22:45:12  INFO     uvicorn.access  172.69.214.218:10256 - "GET / HTTP/1.1" 200
2026-05-30 22:45:12  INFO     uvicorn.access  172.69.214.218:10256 - "GET /wso.php HTTP/1.1" 307
2026-05-30 22:45:12  INFO     uvicorn.access  172.69.214.218:10256 - "GET / HTTP/1.1" 200
2026-05-30 22:45:12  INFO     uvicorn.access  172.69.214.218:10256 - "GET /sf.php HTTP/1.1" 307
2026-05-30 22:45:12  INFO     uvicorn.access  172.69.214.218:10256 - "GET / HTTP/1.1" 200
2026-05-30 22:45:12  INFO     uvicorn.access  172.69.214.218:10256 - "GET /index/function.php HTTP/1.1" 404
2026-05-30 22:45:12  INFO     uvicorn.access  172.69.214.218:10256 - "GET /edit.php HTTP/1.1" 307
2026-05-30 22:45:12  INFO     uvicorn.access  172.69.214.218:10256 - "GET / HTTP/1.1" 200
2026-05-30 22:45:13  INFO     uvicorn.access  172.69.214.218:10256 - "GET /wp-includes/rest-api/ HTTP/1.1" 404
2026-05-30 22:45:13  INFO     uvicorn.access  172.69.214.218:10256 - "GET /wp-content/themes/twentytwenty/404.php HTTP/1.1" 404
2026-05-30 22:45:13  INFO     uvicorn.access  172.69.214.218:10256 - "GET /wp-good.php HTTP/1.1" 307
2026-05-30 22:45:13  INFO     uvicorn.access  172.69.214.218:10256 - "GET / HTTP/1.1" 200
2026-05-30 22:45:13  INFO     uvicorn.access  172.69.214.218:10256 - "GET /wp-admin/js/widgets/ HTTP/1.1" 404
2026-05-30 22:45:13  INFO     uvicorn.access  172.69.214.218:10256 - "GET /wp-admin/css/colors/midnight/ HTTP/1.1" 404
2026-05-30 22:45:13  INFO     uvicorn.access  172.69.214.218:10256 - "GET /tes.php HTTP/1.1" 307
2026-05-30 22:45:13  INFO     uvicorn.access  172.69.214.218:10256 - "GET / HTTP/1.1" 200
2026-05-30 22:45:15  INFO     uvicorn.access  172.69.214.218:10256 - "GET /assets/ HTTP/1.1" 307
2026-05-30 22:45:15  INFO     uvicorn.access  172.69.214.218:10256 - "GET /assets HTTP/1.1" 307
2026-05-30 22:45:15  INFO     uvicorn.access  172.69.214.218:10256 - "GET / HTTP/1.1" 200
2026-05-30 22:45:15  INFO     uvicorn.access  172.69.214.218:10256 - "GET /files/index.php HTTP/1.1" 404
2026-05-30 22:45:15  INFO     uvicorn.access  172.69.214.218:10256 - "GET /wp-content/uploads/index.php HTTP/1.1" 404
2026-05-30 22:45:16  INFO     uvicorn.access  172.69.214.218:10256 - "GET /images/images/about.php HTTP/1.1" 404
2026-05-30 22:45:16  INFO     uvicorn.access  172.69.214.218:10256 - "GET /ms-edit.php HTTP/1.1" 307
2026-05-30 22:45:16  INFO     uvicorn.access  172.69.214.218:10256 - "GET / HTTP/1.1" 200
2026-05-30 22:45:16  INFO     uvicorn.access  172.69.214.218:10256 - "GET /rip.php HTTP/1.1" 307
2026-05-30 22:45:16  INFO     uvicorn.access  172.69.214.218:10256 - "GET / HTTP/1.1" 200
2026-05-30 22:45:16  INFO     uvicorn.access  172.69.214.218:10256 - "GET /wp-content/uploads/ HTTP/1.1" 404
2026-05-30 22:45:16  INFO     uvicorn.access  172.69.214.218:10256 - "GET /xmlrpc.php HTTP/1.1" 307
2026-05-30 22:45:16  INFO     uvicorn.access  172.69.214.218:10256 - "GET / HTTP/1.1" 200
2026-05-30 22:45:16  INFO     uvicorn.access  172.69.214.218:10256 - "GET /moon.php HTTP/1.1" 307
2026-05-30 22:45:16  INFO     uvicorn.access  172.69.214.218:10256 - "GET / HTTP/1.1" 200
2026-05-30 22:45:16  INFO     uvicorn.access  172.69.214.218:10256 - "GET /cache.php HTTP/1.1" 307
2026-05-30 22:45:16  INFO     uvicorn.access  172.69.214.218:10256 - "GET / HTTP/1.1" 200
2026-05-30 22:45:17  INFO     uvicorn.access  172.69.214.218:10256 - "GET /wp-includes/block-bindings/ HTTP/1.1" 404
2026-05-30 22:45:18  INFO     uvicorn.access  172.69.214.218:10256 - "GET /vendor/ HTTP/1.1" 307
2026-05-30 22:45:18  INFO     uvicorn.access  172.69.214.218:10256 - "GET /vendor HTTP/1.1" 307
2026-05-30 22:45:18  INFO     uvicorn.access  172.69.214.218:10256 - "GET / HTTP/1.1" 200
2026-05-30 22:45:18  INFO     uvicorn.access  172.69.214.218:10256 - "GET /wp-content/themes/ HTTP/1.1" 404
2026-05-30 22:45:18  INFO     uvicorn.access  172.69.214.218:10256 - "GET /wp-includes/images/smilies/about.php HTTP/1.1" 404
2026-05-30 22:45:19  INFO     uvicorn.access  172.69.214.218:10256 - "GET /wp-includes/js/crop/ HTTP/1.1" 404
2026-05-30 22:45:19  INFO     uvicorn.access  172.69.214.218:10256 - "GET /wp-mail.php HTTP/1.1" 307
2026-05-30 22:45:19  INFO     uvicorn.access  172.69.214.218:10256 - "GET / HTTP/1.1" 200
2026-05-30 22:45:19  INFO     uvicorn.access  172.69.214.218:10256 - "GET /o.php HTTP/1.1" 307
2026-05-30 22:45:20  INFO     uvicorn.access  172.69.214.218:10256 - "GET / HTTP/1.1" 200
2026-05-30 22:45:20  INFO     uvicorn.access  172.69.214.218:10256 - "GET /bb.php HTTP/1.1" 307
2026-05-30 22:45:20  INFO     uvicorn.access  172.69.214.218:10256 - "GET / HTTP/1.1" 200
2026-05-30 22:45:21  INFO     uvicorn.access  172.69.214.218:10256 - "GET /wp-admin/maint/admin.php HTTP/1.1" 404
2026-05-30 22:45:21  INFO     uvicorn.access  172.69.214.218:10256 - "GET /wp-admin/network/ HTTP/1.1" 404
2026-05-30 22:45:21  INFO     uvicorn.access  172.69.214.218:10256 - "GET /wp-includes/IXR/index.php HTTP/1.1" 404
2026-05-30 22:45:21  INFO     uvicorn.access  172.69.214.218:10256 - "GET /xmrlpc.php HTTP/1.1" 307
2026-05-30 22:45:21  INFO     uvicorn.access  172.69.214.218:10256 - "GET / HTTP/1.1" 200
2026-05-30 22:45:22  INFO     uvicorn.access  172.69.214.218:10256 - "GET /file.php HTTP/1.1" 307
2026-05-30 22:45:22  INFO     uvicorn.access  172.69.214.218:10256 - "GET / HTTP/1.1" 200
2026-05-30 22:45:22  INFO     uvicorn.access  172.69.214.218:10256 - "GET /epinyins.php HTTP/1.1" 307
2026-05-30 22:45:22  INFO     uvicorn.access  172.69.214.218:10256 - "GET / HTTP/1.1" 200
2026-05-30 22:45:23  INFO     uvicorn.access  172.69.214.218:10256 - "GET /wp-admin/css/index.php HTTP/1.1" 404
2026-05-30 22:45:23  INFO     uvicorn.access  172.69.214.218:10256 - "GET /wp-includes/php-compat/ HTTP/1.1" 404
2026-05-30 22:45:23  INFO     uvicorn.access  172.69.214.218:10256 - "GET /wp-includes/style-engine/index.php HTTP/1.1" 404
2026-05-30 22:45:23  INFO     uvicorn.access  172.69.214.218:10256 - "GET /wp-admin/css/colors/coffee/index.php HTTP/1.1" 404
2026-05-30 22:45:23  INFO     uvicorn.access  172.69.214.218:10256 - "GET /wp.php HTTP/1.1" 307
2026-05-30 22:45:23  INFO     uvicorn.access  172.69.214.218:10256 - "GET / HTTP/1.1" 200
2026-05-30 22:45:23  INFO     uvicorn.access  172.69.214.218:10256 - "GET /function/function.php HTTP/1.1" 404
2026-05-30 22:45:23  INFO     uvicorn.access  172.69.214.218:10256 - "GET /wp-includes/style-engine/autoload_classmap.php HTTP/1.1" 404
2026-05-30 22:45:24  INFO     uvicorn.access  172.69.214.218:10256 - "GET /wp-includes/SimplePie/admin.php HTTP/1.1" 404
2026-05-30 22:45:24  INFO     uvicorn.access  172.69.214.218:10256 - "GET /ok.php HTTP/1.1" 307
2026-05-30 22:45:24  INFO     uvicorn.access  172.69.214.218:10256 - "GET / HTTP/1.1" 200
2026-05-30 22:45:24  INFO     uvicorn.access  172.69.214.218:10256 - "GET /item.php HTTP/1.1" 307
2026-05-30 22:45:25  INFO     uvicorn.access  172.69.214.218:10256 - "GET / HTTP/1.1" 200
2026-05-31 01:08:46  INFO     uvicorn.access  172.71.210.15:12871 - "GET /api/proxy/v1/models HTTP/1.1" 200
2026-05-31 01:10:34  INFO     uvicorn.access  172.71.210.14:9698 - "POST /api/proxy/v1/images/edits HTTP/1.1" 200
2026-05-31 01:11:01  INFO     uvicorn.access  172.71.210.14:12517 - "POST /api/history/save HTTP/1.1" 200
2026-05-31 01:11:01  INFO     uvicorn.access  172.71.210.14:12517 - "GET /api/history/usage HTTP/1.1" 200
2026-05-31 01:14:31  INFO     uvicorn.access  172.71.210.14:11617 - "POST /api/proxy/v1/images/edits HTTP/1.1" 200
2026-05-31 01:14:34  INFO     uvicorn.access  172.71.210.14:11617 - "POST /api/history/save HTTP/1.1" 200
2026-05-31 01:14:35  INFO     uvicorn.access  172.71.210.14:11617 - "GET /api/history/usage HTTP/1.1" 200
2026-05-31 01:23:18  INFO     uvicorn.access  172.71.215.37:13118 - "POST /api/proxy/v1/images/edits HTTP/1.1" 200
2026-05-31 01:23:22  INFO     uvicorn.access  172.71.215.37:13118 - "POST /api/history/save HTTP/1.1" 200
2026-05-31 01:23:22  INFO     uvicorn.access  172.71.215.37:13118 - "GET /api/history/usage HTTP/1.1" 200
2026-05-31 01:26:50  INFO     uvicorn.access  172.71.215.38:10305 - "POST /api/proxy/v1/images/edits HTTP/1.1" 200
2026-05-31 01:26:54  INFO     uvicorn.access  172.71.215.38:10305 - "POST /api/history/save HTTP/1.1" 200
2026-05-31 01:26:54  INFO     uvicorn.access  172.71.215.38:10305 - "GET /api/history/usage HTTP/1.1" 200
2026-05-31 01:31:26  WARNING  app.routers.api_proxy  代理上游返回 HTML 错误 [524] https://newapi-cf.qianqianye.com/v1/images/edits: <!DOCTYPE html>
<!--[if lt IE 7]> <html class="no-js ie6 oldie" lang="en-US"> <![endif]-->
<!--[if I
2026-05-31 01:32:51  INFO     uvicorn.access  104.23.225.89:13175 - "POST /api/proxy/v1/images/edits HTTP/1.1" 200
2026-05-31 01:32:55  INFO     uvicorn.access  104.23.225.89:13175 - "POST /api/history/save HTTP/1.1" 200
2026-05-31 01:32:56  INFO     uvicorn.access  104.23.225.89:13175 - "GET /api/history/usage HTTP/1.1" 200
2026-05-31 01:39:11  INFO     uvicorn.access  162.159.98.205:11691 - "POST /api/proxy/v1/images/edits HTTP/1.1" 200
2026-05-31 01:39:15  INFO     uvicorn.access  162.159.98.205:11691 - "POST /api/history/save HTTP/1.1" 200
2026-05-31 01:39:15  INFO     uvicorn.access  162.159.98.205:11691 - "GET /api/history/usage HTTP/1.1" 200
2026-05-31 01:44:59  INFO     uvicorn.access  172.71.215.37:14194 - "POST /api/proxy/v1/images/edits HTTP/1.1" 200
2026-05-31 01:45:04  INFO     uvicorn.access  162.159.98.204:10441 - "POST /api/history/save HTTP/1.1" 200
2026-05-31 01:45:04  INFO     uvicorn.access  162.159.98.204:10441 - "GET /api/history/usage HTTP/1.1" 200
2026-05-31 01:49:31  INFO     uvicorn.access  104.23.225.89:11548 - "POST /api/proxy/v1/images/edits HTTP/1.1" 200
2026-05-31 01:49:35  INFO     uvicorn.access  104.23.225.89:11548 - "POST /api/history/save HTTP/1.1" 200
2026-05-31 01:49:36  INFO     uvicorn.access  104.23.225.89:11548 - "GET /api/history/usage HTTP/1.1" 200
2026-05-31 01:53:44  INFO     uvicorn.access  104.23.225.88:11648 - "POST /api/proxy/v1/images/edits HTTP/1.1" 200
2026-05-31 01:53:49  INFO     uvicorn.access  162.159.98.205:10680 - "POST /api/history/save HTTP/1.1" 200
2026-05-31 01:53:51  INFO     uvicorn.access  162.159.98.205:10680 - "GET /api/history/usage HTTP/1.1" 200
2026-05-31 01:54:17  INFO     uvicorn.access  172.68.245.57:13845 - "GET /play HTTP/1.1" 200
2026-05-31 01:58:45  INFO     uvicorn.access  162.159.98.204:12600 - "POST /api/proxy/v1/images/edits HTTP/1.1" 200
2026-05-31 01:58:48  INFO     uvicorn.access  162.159.98.204:12600 - "POST /api/history/save HTTP/1.1" 200
2026-05-31 01:58:48  INFO     uvicorn.access  162.159.98.204:12600 - "GET /api/history/usage HTTP/1.1" 200
2026-05-31 02:01:17  INFO     uvicorn.access  162.159.98.204:10757 - "POST /api/proxy/v1/images/edits HTTP/1.1" 200
2026-05-31 02:01:20  INFO     uvicorn.access  162.159.98.204:10757 - "POST /api/history/save HTTP/1.1" 200
2026-05-31 02:01:20  INFO     uvicorn.access  162.159.98.204:10757 - "GET /api/history/usage HTTP/1.1" 200
2026-05-31 02:08:12  INFO     uvicorn.access  172.71.215.38:13546 - "POST /api/proxy/v1/images/edits HTTP/1.1" 200
2026-05-31 02:08:15  INFO     uvicorn.access  172.71.215.38:13546 - "POST /api/history/save HTTP/1.1" 200
2026-05-31 02:08:16  INFO     uvicorn.access  172.71.215.38:13546 - "GET /api/history/usage HTTP/1.1" 200
2026-05-31 02:09:36  INFO     uvicorn.access  172.71.215.37:14153 - "POST /api/proxy/v1/images/edits HTTP/1.1" 200
2026-05-31 02:09:39  INFO     uvicorn.access  172.71.215.37:14153 - "POST /api/history/save HTTP/1.1" 200
2026-05-31 02:09:40  INFO     uvicorn.access  172.71.215.37:14153 - "GET /api/history/usage HTTP/1.1" 200
2026-05-31 02:12:22  INFO     uvicorn.access  172.71.215.38:11049 - "POST /api/proxy/v1/images/edits HTTP/1.1" 200
2026-05-31 02:12:25  INFO     uvicorn.access  172.71.215.38:11049 - "POST /api/history/save HTTP/1.1" 200
2026-05-31 02:12:26  INFO     uvicorn.access  172.71.215.38:11049 - "GET /api/history/usage HTTP/1.1" 200
2026-05-31 02:17:29  INFO     uvicorn.access  172.68.211.155:10763 - "POST /api/proxy/v1/images/edits HTTP/1.1" 200
2026-05-31 02:17:32  INFO     uvicorn.access  172.68.211.155:10763 - "POST /api/history/save HTTP/1.1" 200
2026-05-31 02:17:33  INFO     uvicorn.access  172.68.211.155:10763 - "GET /api/history/usage HTTP/1.1" 200
2026-05-31 02:20:34  INFO     uvicorn.access  172.68.211.155:13786 - "POST /api/proxy/v1/images/edits HTTP/1.1" 200
2026-05-31 02:20:38  INFO     uvicorn.access  172.68.211.155:13786 - "POST /api/history/save HTTP/1.1" 200
2026-05-31 02:20:39  INFO     uvicorn.access  172.68.211.155:13786 - "GET /api/history/usage HTTP/1.1" 200
2026-05-31 02:22:52  INFO     uvicorn.access  172.68.211.155:12461 - "POST /api/proxy/v1/images/edits HTTP/1.1" 200
2026-05-31 02:22:55  INFO     uvicorn.access  172.68.211.155:12461 - "POST /api/history/save HTTP/1.1" 200
2026-05-31 02:22:56  INFO     uvicorn.access  172.68.211.155:12461 - "GET /api/history/usage HTTP/1.1" 200
2026-05-31 02:23:30  INFO     uvicorn.access  162.216.149.6:65286 - "GET /.well-known/security.txt HTTP/1.1" 404
2026-05-31 02:27:47  INFO     uvicorn.access  162.159.110.69:11457 - "GET / HTTP/1.1" 200
2026-05-31 02:27:48  INFO     uvicorn.access  162.159.108.117:11236 - "GET /static/css/common.css HTTP/1.1" 304
2026-05-31 02:27:48  INFO     uvicorn.access  172.70.49.252:10511 - "GET /static/css/home.css HTTP/1.1" 304
2026-05-31 02:27:48  INFO     uvicorn.access  172.70.223.144:9471 - "GET /static/js/common.js HTTP/1.1" 304
2026-05-31 02:27:48  INFO     uvicorn.access  162.159.110.124:14266 - "GET /api/announcement?page=home HTTP/1.1" 200
2026-05-31 02:27:50  INFO     uvicorn.access  162.159.110.69:11457 - "GET /play HTTP/1.1" 200
2026-05-31 02:27:51  INFO     uvicorn.access  172.71.8.22:12490 - "GET /static/css/play.css?v=1779876137 HTTP/1.1" 304
2026-05-31 02:27:51  INFO     uvicorn.access  172.64.213.90:9998 - "GET /static/js/play.js?v=1779876137 HTTP/1.1" 304
2026-05-31 02:27:51  INFO     uvicorn.access  162.159.110.69:11457 - "GET /api/announcement?page=play HTTP/1.1" 200
2026-05-31 02:27:51  INFO     uvicorn.access  162.159.110.69:12619 - "GET /api/history/usage HTTP/1.1" 200
2026-05-31 02:27:51  INFO     uvicorn.access  162.159.110.69:11457 - "GET /api/history/list HTTP/1.1" 200
2026-05-31 02:28:03  INFO     uvicorn.access  162.159.108.8:11322 - "GET /api/history/image/1803399467%40qq.com/1780194175775_5584_0.png?token=eyJpZCI6IDAsICJ1c2VybmFtZSI6ICIxODAzMzk5NDY3QHFxLmNvbSIsICJyb2xlIjogMCwgImlzX2FkbWluIjogZmFsc2UsICJleHAiOiAxNzgyMzU0MTQ1fQ%3D%3D.c3eeb0a2ce93cb43224ecc22951d9fbb HTTP/1.1" 404
2026-05-31 02:28:03  INFO     uvicorn.access  162.159.108.156:11969 - "GET /api/history/image/1803399467%40qq.com/1780193379850_3078_0.png?token=eyJpZCI6IDAsICJ1c2VybmFtZSI6ICIxODAzMzk5NDY3QHFxLmNvbSIsICJyb2xlIjogMCwgImlzX2FkbWluIjogZmFsc2UsICJleHAiOiAxNzgyMzU0MTQ1fQ%3D%3D.c3eeb0a2ce93cb43224ecc22951d9fbb HTTP/1.1" 404
2026-05-31 02:28:03  INFO     uvicorn.access  172.64.213.71:13396 - "GET /api/history/image/1803399467%40qq.com/1780193852940_4106_0.png?token=eyJpZCI6IDAsICJ1c2VybmFtZSI6ICIxODAzMzk5NDY3QHFxLmNvbSIsICJyb2xlIjogMCwgImlzX2FkbWluIjogZmFsc2UsICJleHAiOiAxNzgyMzU0MTQ1fQ%3D%3D.c3eeb0a2ce93cb43224ecc22951d9fbb HTTP/1.1" 404
2026-05-31 02:28:03  INFO     uvicorn.access  162.159.108.48:12081 - "GET /api/history/image/1803399467%40qq.com/1780193295808_2189_0.png?token=eyJpZCI6IDAsICJ1c2VybmFtZSI6ICIxODAzMzk5NDY3QHFxLmNvbSIsICJyb2xlIjogMCwgImlzX2FkbWluIjogZmFsc2UsICJleHAiOiAxNzgyMzU0MTQ1fQ%3D%3D.c3eeb0a2ce93cb43224ecc22951d9fbb HTTP/1.1" 404
2026-05-31 02:28:03  INFO     uvicorn.access  162.159.108.134:13551 - "GET /api/history/image/1803399467%40qq.com/1780192429819_6075_0.png?token=eyJpZCI6IDAsICJ1c2VybmFtZSI6ICIxODAzMzk5NDY3QHFxLmNvbSIsICJyb2xlIjogMCwgImlzX2FkbWluIjogZmFsc2UsICJleHAiOiAxNzgyMzU0MTQ1fQ%3D%3D.c3eeb0a2ce93cb43224ecc22951d9fbb HTTP/1.1" 404
2026-05-31 02:28:03  INFO     uvicorn.access  172.64.215.180:12826 - "GET /api/history/image/1803399467%40qq.com/1780193545747_6834_0.png?token=eyJpZCI6IDAsICJ1c2VybmFtZSI6ICIxODAzMzk5NDY3QHFxLmNvbSIsICJyb2xlIjogMCwgImlzX2FkbWluIjogZmFsc2UsICJleHAiOiAxNzgyMzU0MTQ1fQ%3D%3D.c3eeb0a2ce93cb43224ecc22951d9fbb HTTP/1.1" 404
2026-05-31 02:28:03  INFO     uvicorn.access  162.159.108.103:11138 - "GET /api/history/image/1803399467%40qq.com/1780192880442_8224_0.png?token=eyJpZCI6IDAsICJ1c2VybmFtZSI6ICIxODAzMzk5NDY3QHFxLmNvbSIsICJyb2xlIjogMCwgImlzX2FkbWluIjogZmFsc2UsICJleHAiOiAxNzgyMzU0MTQ1fQ%3D%3D.c3eeb0a2ce93cb43224ecc22951d9fbb HTTP/1.1" 404
2026-05-31 02:28:03  INFO     uvicorn.access  172.70.49.124:11211 - "GET /api/history/image/1803399467%40qq.com/1780194038353_8731_0.png?token=eyJpZCI6IDAsICJ1c2VybmFtZSI6ICIxODAzMzk5NDY3QHFxLmNvbSIsICJyb2xlIjogMCwgImlzX2FkbWluIjogZmFsc2UsICJleHAiOiAxNzgyMzU0MTQ1fQ%3D%3D.c3eeb0a2ce93cb43224ecc22951d9fbb HTTP/1.1" 404
2026-05-31 02:28:03  INFO     uvicorn.access  172.64.215.170:9616 - "GET /api/history/image/1803399467%40qq.com/1780192175463_2185_0.png?token=eyJpZCI6IDAsICJ1c2VybmFtZSI6ICIxODAzMzk5NDY3QHFxLmNvbSIsICJyb2xlIjogMCwgImlzX2FkbWluIjogZmFsc2UsICJleHAiOiAxNzgyMzU0MTQ1fQ%3D%3D.c3eeb0a2ce93cb43224ecc22951d9fbb HTTP/1.1" 404
2026-05-31 02:28:03  INFO     uvicorn.access  172.68.119.62:10823 - "GET /api/history/image/1803399467%40qq.com/1780192728511_8966_0.png?token=eyJpZCI6IDAsICJ1c2VybmFtZSI6ICIxODAzMzk5NDY3QHFxLmNvbSIsICJyb2xlIjogMCwgImlzX2FkbWluIjogZmFsc2UsICJleHAiOiAxNzgyMzU0MTQ1fQ%3D%3D.c3eeb0a2ce93cb43224ecc22951d9fbb HTTP/1.1" 404
2026-05-31 02:28:14  INFO     uvicorn.access  172.64.213.27:12407 - "GET /api/history/image/1803399467%40qq.com/1780148175347_6164_0.png?token=eyJpZCI6IDAsICJ1c2VybmFtZSI6ICIxODAzMzk5NDY3QHFxLmNvbSIsICJyb2xlIjogMCwgImlzX2FkbWluIjogZmFsc2UsICJleHAiOiAxNzgyMzU0MTQ1fQ%3D%3D.c3eeb0a2ce93cb43224ecc22951d9fbb HTTP/1.1" 404
2026-05-31 02:28:14  INFO     uvicorn.access  172.68.119.88:13201 - "GET /api/history/image/1803399467%40qq.com/1780147928173_5049_0.png?token=eyJpZCI6IDAsICJ1c2VybmFtZSI6ICIxODAzMzk5NDY3QHFxLmNvbSIsICJyb2xlIjogMCwgImlzX2FkbWluIjogZmFsc2UsICJleHAiOiAxNzgyMzU0MTQ1fQ%3D%3D.c3eeb0a2ce93cb43224ecc22951d9fbb HTTP/1.1" 404
2026-05-31 02:28:25  INFO     uvicorn.access  172.64.215.13:11257 - "GET /api/history/image/1803399467%40qq.com/1779962311626_4653_0.png?token=eyJpZCI6IDAsICJ1c2VybmFtZSI6ICIxODAzMzk5NDY3QHFxLmNvbSIsICJyb2xlIjogMCwgImlzX2FkbWluIjogZmFsc2UsICJleHAiOiAxNzgyMzU0MTQ1fQ%3D%3D.c3eeb0a2ce93cb43224ecc22951d9fbb HTTP/1.1" 404
2026-05-31 02:28:25  INFO     uvicorn.access  172.71.24.70:10162 - "GET /api/history/image/1803399467%40qq.com/1779962052357_2295_0.png?token=eyJpZCI6IDAsICJ1c2VybmFtZSI6ICIxODAzMzk5NDY3QHFxLmNvbSIsICJyb2xlIjogMCwgImlzX2FkbWluIjogZmFsc2UsICJleHAiOiAxNzgyMzU0MTQ1fQ%3D%3D.c3eeb0a2ce93cb43224ecc22951d9fbb HTTP/1.1" 404
2026-05-31 02:28:25  INFO     uvicorn.access  172.71.8.4:9220 - "GET /api/history/image/1803399467%40qq.com/1779961544710_8176_0.png?token=eyJpZCI6IDAsICJ1c2VybmFtZSI6ICIxODAzMzk5NDY3QHFxLmNvbSIsICJyb2xlIjogMCwgImlzX2FkbWluIjogZmFsc2UsICJleHAiOiAxNzgyMzU0MTQ1fQ%3D%3D.c3eeb0a2ce93cb43224ecc22951d9fbb HTTP/1.1" 404
2026-05-31 02:28:25  INFO     uvicorn.access  162.159.110.126:10169 - "GET /api/history/image/1803399467%40qq.com/1779961716160_8819_0.png?token=eyJpZCI6IDAsICJ1c2VybmFtZSI6ICIxODAzMzk5NDY3QHFxLmNvbSIsICJyb2xlIjogMCwgImlzX2FkbWluIjogZmFsc2UsICJleHAiOiAxNzgyMzU0MTQ1fQ%3D%3D.c3eeb0a2ce93cb43224ecc22951d9fbb HTTP/1.1" 404
2026-05-31 02:28:25  INFO     uvicorn.access  162.159.108.100:12449 - "GET /api/history/image/1803399467%40qq.com/1779960407377_2449_0.png?token=eyJpZCI6IDAsICJ1c2VybmFtZSI6ICIxODAzMzk5NDY3QHFxLmNvbSIsICJyb2xlIjogMCwgImlzX2FkbWluIjogZmFsc2UsICJleHAiOiAxNzgyMzU0MTQ1fQ%3D%3D.c3eeb0a2ce93cb43224ecc22951d9fbb HTTP/1.1" 404
2026-05-31 02:28:25  INFO     uvicorn.access  162.159.110.109:11145 - "GET /api/history/image/1803399467%40qq.com/1779961832782_3719_0.png?token=eyJpZCI6IDAsICJ1c2VybmFtZSI6ICIxODAzMzk5NDY3QHFxLmNvbSIsICJyb2xlIjogMCwgImlzX2FkbWluIjogZmFsc2UsICJleHAiOiAxNzgyMzU0MTQ1fQ%3D%3D.c3eeb0a2ce93cb43224ecc22951d9fbb HTTP/1.1" 404
2026-05-31 02:28:25  INFO     uvicorn.access  172.71.24.90:14019 - "GET /api/history/image/1803399467%40qq.com/1779961215224_3382_0.png?token=eyJpZCI6IDAsICJ1c2VybmFtZSI6ICIxODAzMzk5NDY3QHFxLmNvbSIsICJyb2xlIjogMCwgImlzX2FkbWluIjogZmFsc2UsICJleHAiOiAxNzgyMzU0MTQ1fQ%3D%3D.c3eeb0a2ce93cb43224ecc22951d9fbb HTTP/1.1" 404
2026-05-31 02:28:25  INFO     uvicorn.access  172.71.24.67:12264 - "GET /api/history/image/1803399467%40qq.com/1779960342023_2416_0.png?token=eyJpZCI6IDAsICJ1c2VybmFtZSI6ICIxODAzMzk5NDY3QHFxLmNvbSIsICJyb2xlIjogMCwgImlzX2FkbWluIjogZmFsc2UsICJleHAiOiAxNzgyMzU0MTQ1fQ%3D%3D.c3eeb0a2ce93cb43224ecc22951d9fbb HTTP/1.1" 404
2026-05-31 02:28:25  INFO     uvicorn.access  172.68.119.196:11236 - "GET /api/history/image/1803399467%40qq.com/1779961961080_1208_0.png?token=eyJpZCI6IDAsICJ1c2VybmFtZSI6ICIxODAzMzk5NDY3QHFxLmNvbSIsICJyb2xlIjogMCwgImlzX2FkbWluIjogZmFsc2UsICJleHAiOiAxNzgyMzU0MTQ1fQ%3D%3D.c3eeb0a2ce93cb43224ecc22951d9fbb HTTP/1.1" 404
2026-05-31 02:28:25  INFO     uvicorn.access  162.159.108.133:12874 - "GET /api/history/image/1803399467%40qq.com/1779961405556_5192_0.png?token=eyJpZCI6IDAsICJ1c2VybmFtZSI6ICIxODAzMzk5NDY3QHFxLmNvbSIsICJyb2xlIjogMCwgImlzX2FkbWluIjogZmFsc2UsICJleHAiOiAxNzgyMzU0MTQ1fQ%3D%3D.c3eeb0a2ce93cb43224ecc22951d9fbb HTTP/1.1" 404
2026-05-31 02:28:41  INFO     uvicorn.access  172.71.210.14:11787 - "POST /api/proxy/v1/images/edits HTTP/1.1" 200
2026-05-31 02:28:45  INFO     uvicorn.access  172.71.210.14:11787 - "POST /api/history/save HTTP/1.1" 200
2026-05-31 02:28:45  INFO     uvicorn.access  172.71.210.14:11787 - "GET /api/history/usage HTTP/1.1" 200
2026-05-31 02:30:48  INFO     uvicorn.access  172.71.210.14:12810 - "POST /api/proxy/v1/images/edits HTTP/1.1" 200
2026-05-31 02:30:52  INFO     uvicorn.access  172.71.210.14:12810 - "POST /api/history/save HTTP/1.1" 200
2026-05-31 02:30:52  INFO     uvicorn.access  172.71.210.14:12810 - "GET /api/history/usage HTTP/1.1" 200
2026-05-31 02:31:13  INFO     uvicorn.access  162.159.110.69:13032 - "GET / HTTP/1.1" 200
2026-05-31 02:31:13  INFO     uvicorn.access  162.159.110.69:13032 - "GET /api/announcement?page=home HTTP/1.1" 200
2026-05-31 02:31:15  INFO     uvicorn.access  162.159.110.69:13032 - "GET /play HTTP/1.1" 200
2026-05-31 02:31:15  INFO     uvicorn.access  162.159.110.69:13032 - "GET /api/announcement?page=play HTTP/1.1" 200
2026-05-31 02:31:16  INFO     uvicorn.access  162.159.110.69:13040 - "GET /api/history/usage HTTP/1.1" 200
2026-05-31 02:31:16  INFO     uvicorn.access  162.159.110.69:13032 - "GET /api/history/list HTTP/1.1" 200
2026-05-31 02:31:29  INFO     uvicorn.access  172.64.213.22:12243 - "GET /api/history/image/1803399467%40qq.com/1780111907469_9651_0.png?token=eyJpZCI6IDAsICJ1c2VybmFtZSI6ICIxODAzMzk5NDY3QHFxLmNvbSIsICJyb2xlIjogMCwgImlzX2FkbWluIjogZmFsc2UsICJleHAiOiAxNzgyMzU0MTQ1fQ%3D%3D.c3eeb0a2ce93cb43224ecc22951d9fbb HTTP/1.1" 404
2026-05-31 02:31:29  INFO     uvicorn.access  172.64.213.151:11766 - "GET /api/history/image/1803399467%40qq.com/1780111021723_2584_0.png?token=eyJpZCI6IDAsICJ1c2VybmFtZSI6ICIxODAzMzk5NDY3QHFxLmNvbSIsICJyb2xlIjogMCwgImlzX2FkbWluIjogZmFsc2UsICJleHAiOiAxNzgyMzU0MTQ1fQ%3D%3D.c3eeb0a2ce93cb43224ecc22951d9fbb HTTP/1.1" 404
2026-05-31 02:31:29  INFO     uvicorn.access  172.64.215.79:10800 - "GET /api/history/image/1803399467%40qq.com/1780111497551_1016_0.png?token=eyJpZCI6IDAsICJ1c2VybmFtZSI6ICIxODAzMzk5NDY3QHFxLmNvbSIsICJyb2xlIjogMCwgImlzX2FkbWluIjogZmFsc2UsICJleHAiOiAxNzgyMzU0MTQ1fQ%3D%3D.c3eeb0a2ce93cb43224ecc22951d9fbb HTTP/1.1" 404
2026-05-31 02:31:29  INFO     uvicorn.access  172.64.213.71:13802 - "GET /api/history/image/1803399467%40qq.com/1780109236801_3573_0.png?token=eyJpZCI6IDAsICJ1c2VybmFtZSI6ICIxODAzMzk5NDY3QHFxLmNvbSIsICJyb2xlIjogMCwgImlzX2FkbWluIjogZmFsc2UsICJleHAiOiAxNzgyMzU0MTQ1fQ%3D%3D.c3eeb0a2ce93cb43224ecc22951d9fbb HTTP/1.1" 404
2026-05-31 02:31:29  INFO     uvicorn.access  172.71.24.71:13247 - "GET /api/history/image/1803399467%40qq.com/1780109822690_1416_0.png?token=eyJpZCI6IDAsICJ1c2VybmFtZSI6ICIxODAzMzk5NDY3QHFxLmNvbSIsICJyb2xlIjogMCwgImlzX2FkbWluIjogZmFsc2UsICJleHAiOiAxNzgyMzU0MTQ1fQ%3D%3D.c3eeb0a2ce93cb43224ecc22951d9fbb HTTP/1.1" 404
2026-05-31 02:31:29  INFO     uvicorn.access  172.70.222.245:13558 - "GET /api/history/image/1803399467%40qq.com/1780108997506_8718_0.png?token=eyJpZCI6IDAsICJ1c2VybmFtZSI6ICIxODAzMzk5NDY3QHFxLmNvbSIsICJyb2xlIjogMCwgImlzX2FkbWluIjogZmFsc2UsICJleHAiOiAxNzgyMzU0MTQ1fQ%3D%3D.c3eeb0a2ce93cb43224ecc22951d9fbb HTTP/1.1" 404
2026-05-31 02:31:29  INFO     uvicorn.access  172.71.24.58:9641 - "GET /api/history/image/1803399467%40qq.com/1780107936762_8548_0.png?token=eyJpZCI6IDAsICJ1c2VybmFtZSI6ICIxODAzMzk5NDY3QHFxLmNvbSIsICJyb2xlIjogMCwgImlzX2FkbWluIjogZmFsc2UsICJleHAiOiAxNzgyMzU0MTQ1fQ%3D%3D.c3eeb0a2ce93cb43224ecc22951d9fbb HTTP/1.1" 404
2026-05-31 02:31:29  INFO     uvicorn.access  172.70.223.229:11236 - "GET /api/history/image/1803399467%40qq.com/1780108330551_8758_0.png?token=eyJpZCI6IDAsICJ1c2VybmFtZSI6ICIxODAzMzk5NDY3QHFxLmNvbSIsICJyb2xlIjogMCwgImlzX2FkbWluIjogZmFsc2UsICJleHAiOiAxNzgyMzU0MTQ1fQ%3D%3D.c3eeb0a2ce93cb43224ecc22951d9fbb HTTP/1.1" 404
2026-05-31 02:31:29  INFO     uvicorn.access  172.68.119.195:14244 - "GET /api/history/image/1803399467%40qq.com/1780106859972_8852_0.png?token=eyJpZCI6IDAsICJ1c2VybmFtZSI6ICIxODAzMzk5NDY3QHFxLmNvbSIsICJyb2xlIjogMCwgImlzX2FkbWluIjogZmFsc2UsICJleHAiOiAxNzgyMzU0MTQ1fQ%3D%3D.c3eeb0a2ce93cb43224ecc22951d9fbb HTTP/1.1" 404
2026-05-31 02:31:29  INFO     uvicorn.access  172.70.223.12:14319 - "GET /api/history/image/1803399467%40qq.com/1780107546171_4585_0.png?token=eyJpZCI6IDAsICJ1c2VybmFtZSI6ICIxODAzMzk5NDY3QHFxLmNvbSIsICJyb2xlIjogMCwgImlzX2FkbWluIjogZmFsc2UsICJleHAiOiAxNzgyMzU0MTQ1fQ%3D%3D.c3eeb0a2ce93cb43224ecc22951d9fbb HTTP/1.1" 404
2026-05-31 02:31:30  INFO     uvicorn.access  172.64.215.130:14233 - "GET /api/history/image/1803399467%40qq.com/1780106320967_7820_0.png?token=eyJpZCI6IDAsICJ1c2VybmFtZSI6ICIxODAzMzk5NDY3QHFxLmNvbSIsICJyb2xlIjogMCwgImlzX2FkbWluIjogZmFsc2UsICJleHAiOiAxNzgyMzU0MTQ1fQ%3D%3D.c3eeb0a2ce93cb43224ecc22951d9fbb HTTP/1.1" 404
2026-05-31 02:33:23  INFO     uvicorn.access  162.159.110.69:12582 - "DELETE /api/history/clear HTTP/1.1" 200
2026-05-31 02:33:23  INFO     uvicorn.access  162.159.110.69:12582 - "GET /api/history/usage HTTP/1.1" 200
2026-05-31 02:33:30  INFO     uvicorn.access  162.159.110.69:11143 - "GET /api/proxy/v1/models HTTP/1.1" 200
2026-05-31 02:44:19  INFO     uvicorn.access  172.71.210.14:13823 - "POST /api/proxy/v1/images/edits HTTP/1.1" 200
2026-05-31 02:44:24  INFO     uvicorn.access  172.71.210.14:13823 - "POST /api/history/save HTTP/1.1" 200
2026-05-31 02:44:24  INFO     uvicorn.access  172.71.210.14:13823 - "GET /api/history/usage HTTP/1.1" 200
2026-05-31 02:52:26  INFO     uvicorn.access  162.159.98.205:11881 - "POST /api/proxy/v1/images/edits HTTP/1.1" 200
2026-05-31 02:52:31  INFO     uvicorn.access  162.159.98.205:11881 - "POST /api/history/save HTTP/1.1" 200
2026-05-31 02:52:31  INFO     uvicorn.access  162.159.98.205:11881 - "GET /api/history/usage HTTP/1.1" 200
2026-05-31 02:56:27  INFO     uvicorn.access  172.68.225.119:14263 - "POST /api/proxy/v1/images/edits HTTP/1.1" 200
2026-05-31 02:59:20  INFO     uvicorn.access  162.159.98.204:11921 - "POST /api/proxy/v1/images/edits HTTP/1.1" 200
2026-05-31 02:59:25  INFO     uvicorn.access  162.159.98.204:11921 - "POST /api/history/save HTTP/1.1" 200
2026-05-31 02:59:25  INFO     uvicorn.access  162.159.98.204:11921 - "GET /api/history/usage HTTP/1.1" 200
2026-05-31 03:01:40  INFO     uvicorn.access  162.159.98.204:11172 - "POST /api/proxy/v1/images/edits HTTP/1.1" 200
2026-05-31 03:01:44  INFO     uvicorn.access  162.159.98.204:11172 - "POST /api/history/save HTTP/1.1" 200
2026-05-31 03:01:44  INFO     uvicorn.access  162.159.98.204:11172 - "GET /api/history/usage HTTP/1.1" 200
2026-05-31 03:04:40  INFO     uvicorn.access  162.159.98.205:14261 - "POST /api/proxy/v1/images/edits HTTP/1.1" 200
2026-05-31 03:04:46  INFO     uvicorn.access  162.159.98.205:14261 - "POST /api/history/save HTTP/1.1" 200
2026-05-31 03:04:46  INFO     uvicorn.access  162.159.98.205:14261 - "GET /api/history/usage HTTP/1.1" 200
2026-05-31 03:07:16  INFO     uvicorn.access  162.159.98.204:12566 - "POST /api/proxy/v1/images/edits HTTP/1.1" 200
2026-05-31 03:07:24  INFO     uvicorn.access  162.159.98.204:12141 - "POST /api/history/save HTTP/1.1" 200
2026-05-31 03:07:24  INFO     uvicorn.access  162.159.98.204:12141 - "GET /api/history/usage HTTP/1.1" 200
2026-05-31 03:09:27  INFO     uvicorn.access  162.159.98.204:9459 - "POST /api/proxy/v1/images/edits HTTP/1.1" 200
2026-05-31 03:09:32  INFO     uvicorn.access  162.159.98.204:9459 - "POST /api/history/save HTTP/1.1" 200
2026-05-31 03:09:32  INFO     uvicorn.access  162.159.98.204:9459 - "GET /api/history/usage HTTP/1.1" 200
2026-05-31 03:12:29  INFO     uvicorn.access  162.159.98.205:11603 - "POST /api/proxy/v1/images/edits HTTP/1.1" 200
2026-05-31 03:12:33  INFO     uvicorn.access  162.159.98.205:11603 - "POST /api/history/save HTTP/1.1" 200
2026-05-31 03:12:34  INFO     uvicorn.access  162.159.98.205:11603 - "GET /api/history/usage HTTP/1.1" 200
2026-05-31 03:14:46  INFO     uvicorn.access  162.159.98.204:10154 - "POST /api/proxy/v1/images/edits HTTP/1.1" 200
2026-05-31 03:14:50  INFO     uvicorn.access  162.159.98.204:10154 - "POST /api/history/save HTTP/1.1" 200
2026-05-31 03:14:50  INFO     uvicorn.access  162.159.98.204:10154 - "GET /api/history/usage HTTP/1.1" 200
2026-05-31 03:17:29  INFO     uvicorn.access  162.159.98.205:14006 - "POST /api/proxy/v1/images/edits HTTP/1.1" 200
2026-05-31 03:17:39  INFO     uvicorn.access  162.159.98.205:14209 - "POST /api/history/save HTTP/1.1" 200
2026-05-31 03:17:39  INFO     uvicorn.access  162.159.98.205:14209 - "GET /api/history/usage HTTP/1.1" 200
2026-05-31 03:19:59  INFO     uvicorn.access  162.159.98.205:13204 - "POST /api/proxy/v1/images/edits HTTP/1.1" 200
2026-05-31 03:20:04  INFO     uvicorn.access  162.159.98.205:13204 - "POST /api/history/save HTTP/1.1" 200
2026-05-31 03:20:05  INFO     uvicorn.access  162.159.98.205:13204 - "GET /api/history/usage HTTP/1.1" 200
2026-05-31 03:21:59  INFO     uvicorn.access  162.159.98.205:9374 - "POST /api/proxy/v1/images/edits HTTP/1.1" 200
2026-05-31 03:22:04  INFO     uvicorn.access  162.159.98.205:9374 - "POST /api/history/save HTTP/1.1" 200
2026-05-31 03:22:04  INFO     uvicorn.access  162.159.98.205:9374 - "GET /api/history/usage HTTP/1.1" 200
2026-05-31 03:26:58  INFO     uvicorn.access  162.159.98.205:13598 - "POST /api/proxy/v1/images/edits HTTP/1.1" 200
2026-05-31 03:27:02  INFO     uvicorn.access  162.159.98.205:13598 - "POST /api/history/save HTTP/1.1" 200
2026-05-31 03:27:02  INFO     uvicorn.access  162.159.98.205:13598 - "GET /api/history/usage HTTP/1.1" 200
2026-05-31 03:31:10  INFO     uvicorn.access  104.23.225.88:13187 - "POST /api/proxy/v1/images/edits HTTP/1.1" 200
2026-05-31 03:31:15  INFO     uvicorn.access  104.23.225.88:13187 - "POST /api/history/save HTTP/1.1" 200
2026-05-31 03:31:15  INFO     uvicorn.access  104.23.225.88:13187 - "GET /api/history/usage HTTP/1.1" 200
2026-05-31 03:32:51  WARNING  app.routers.api_proxy  代理请求异常: https://newapi-cf.qianqianye.com/v1/images/edits 
2026-05-31 03:34:42  INFO     uvicorn.access  162.158.193.213:12474 - "POST /api/proxy/v1/images/edits HTTP/1.1" 200
2026-05-31 03:34:48  INFO     uvicorn.access  162.158.193.213:12474 - "POST /api/history/save HTTP/1.1" 200
2026-05-31 03:34:48  INFO     uvicorn.access  162.158.193.213:12474 - "GET /api/history/usage HTTP/1.1" 200
2026-05-31 03:37:17  INFO     uvicorn.access  162.158.193.212:9949 - "POST /api/proxy/v1/images/edits HTTP/1.1" 200
2026-05-31 03:37:24  INFO     uvicorn.access  162.158.193.212:9856 - "POST /api/history/save HTTP/1.1" 200
2026-05-31 03:37:24  INFO     uvicorn.access  162.158.193.212:9856 - "GET /api/history/usage HTTP/1.1" 200
2026-05-31 03:53:25  INFO     uvicorn.access  162.158.178.121:11247 - "POST /api/proxy/v1/images/edits HTTP/1.1" 200
2026-05-31 03:53:30  INFO     uvicorn.access  162.158.178.121:11247 - "POST /api/history/save HTTP/1.1" 200
2026-05-31 03:53:30  INFO     uvicorn.access  162.158.178.121:11247 - "GET /api/history/usage HTTP/1.1" 200
2026-05-31 05:03:36  INFO     uvicorn.access  162.159.98.204:9531 - "POST /api/proxy/v1/images/edits HTTP/1.1" 200
2026-05-31 05:03:41  INFO     uvicorn.access  162.159.98.204:9531 - "POST /api/history/save HTTP/1.1" 200
2026-05-31 05:03:43  INFO     uvicorn.access  162.159.98.204:9531 - "GET /api/history/usage HTTP/1.1" 200
2026-05-31 05:12:17  INFO     uvicorn.access  162.159.98.205:12794 - "POST /api/proxy/v1/images/edits HTTP/1.1" 200
2026-05-31 05:12:21  INFO     uvicorn.access  162.159.98.205:12794 - "POST /api/history/save HTTP/1.1" 200
2026-05-31 05:12:21  INFO     uvicorn.access  162.159.98.205:12794 - "GET /api/history/usage HTTP/1.1" 200
2026-05-31 05:18:58  WARNING  app.routers.api_proxy  代理上游返回 HTML 错误 [524] https://newapi-cf.qianqianye.com/v1/images/edits: <!DOCTYPE html>
<!--[if lt IE 7]> <html class="no-js ie6 oldie" lang="en-US"> <![endif]-->
<!--[if I
2026-05-31 05:20:11  INFO     uvicorn.access  172.68.225.118:13039 - "POST /api/proxy/v1/images/edits HTTP/1.1" 200
2026-05-31 05:20:20  INFO     uvicorn.access  172.68.225.119:10237 - "POST /api/history/save HTTP/1.1" 200
2026-05-31 05:20:21  INFO     uvicorn.access  172.68.225.119:10237 - "GET /api/history/usage HTTP/1.1" 200
2026-05-31 05:22:04  INFO     uvicorn.access  172.68.225.118:9310 - "POST /api/proxy/v1/images/edits HTTP/1.1" 200
2026-05-31 05:22:12  INFO     uvicorn.access  172.68.225.118:13241 - "POST /api/history/save HTTP/1.1" 200
2026-05-31 05:22:13  INFO     uvicorn.access  172.68.225.118:13241 - "GET /api/history/usage HTTP/1.1" 200
2026-05-31 05:24:25  INFO     uvicorn.access  172.68.225.118:12451 - "POST /api/proxy/v1/images/edits HTTP/1.1" 200
2026-05-31 05:24:35  INFO     uvicorn.access  172.68.225.118:13115 - "POST /api/history/save HTTP/1.1" 200
2026-05-31 05:24:36  INFO     uvicorn.access  172.68.225.118:13115 - "GET /api/history/usage HTTP/1.1" 200
2026-05-31 05:26:29  INFO     uvicorn.access  172.68.225.119:10223 - "POST /api/proxy/v1/images/edits HTTP/1.1" 200
2026-05-31 05:26:41  INFO     uvicorn.access  172.68.225.119:9266 - "POST /api/history/save HTTP/1.1" 200
2026-05-31 05:26:42  INFO     uvicorn.access  172.68.225.119:9266 - "GET /api/history/usage HTTP/1.1" 200
2026-05-31 05:28:25  INFO     uvicorn.access  172.68.225.118:9781 - "POST /api/proxy/v1/images/edits HTTP/1.1" 200
2026-05-31 05:28:38  INFO     uvicorn.access  172.68.225.118:11291 - "POST /api/history/save HTTP/1.1" 200
2026-05-31 05:28:38  INFO     uvicorn.access  172.68.225.118:11291 - "GET /api/history/usage HTTP/1.1" 200
2026-05-31 05:45:47  INFO     uvicorn.access  172.71.215.38:13036 - "POST /api/proxy/v1/images/edits HTTP/1.1" 200
2026-05-31 05:45:52  INFO     uvicorn.access  172.71.215.38:13036 - "POST /api/history/save HTTP/1.1" 200
2026-05-31 05:45:52  INFO     uvicorn.access  172.71.215.38:13036 - "GET /api/history/usage HTTP/1.1" 200
2026-05-31 05:48:32  INFO     uvicorn.access  172.71.215.38:13887 - "POST /api/proxy/v1/images/edits HTTP/1.1" 200
2026-05-31 05:48:39  INFO     uvicorn.access  172.71.215.38:13887 - "POST /api/history/save HTTP/1.1" 200
2026-05-31 05:48:40  INFO     uvicorn.access  172.71.215.38:13887 - "GET /api/history/usage HTTP/1.1" 200
2026-05-31 05:57:58  INFO     uvicorn.access  162.158.178.121:12639 - "POST /api/proxy/v1/images/generations HTTP/1.1" 200
2026-05-31 05:58:06  INFO     uvicorn.access  162.158.178.120:12693 - "POST /api/history/save HTTP/1.1" 200
2026-05-31 05:58:06  INFO     uvicorn.access  162.158.178.120:12693 - "GET /api/history/usage HTTP/1.1" 200
2026-05-31 06:09:01  INFO     uvicorn.access  162.158.178.121:12225 - "POST /api/proxy/v1/images/edits HTTP/1.1" 200
2026-05-31 06:10:25  INFO     uvicorn.access  172.68.225.118:13030 - "GET / HTTP/1.1" 200
2026-05-31 06:10:25  INFO     uvicorn.access  172.68.211.186:11551 - "GET /static/css/common.css HTTP/1.1" 200
2026-05-31 06:10:25  INFO     uvicorn.access  162.159.98.152:12857 - "GET /static/js/common.js HTTP/1.1" 304
2026-05-31 06:10:25  INFO     uvicorn.access  162.158.193.217:9701 - "GET /static/css/home.css HTTP/1.1" 304
2026-05-31 06:10:26  INFO     uvicorn.access  162.159.98.204:9998 - "GET /api/announcement?page=home HTTP/1.1" 200
2026-05-31 06:10:27  INFO     uvicorn.access  162.159.98.204:9998 - "GET /play HTTP/1.1" 200
2026-05-31 06:10:28  INFO     uvicorn.access  162.158.193.101:14151 - "GET /static/js/play.js?v=1779876137 HTTP/1.1" 200
2026-05-31 06:10:28  INFO     uvicorn.access  172.68.211.4:11873 - "GET /static/css/play.css?v=1779876137 HTTP/1.1" 200
2026-05-31 06:10:29  INFO     uvicorn.access  162.159.98.204:9998 - "GET /api/announcement?page=play HTTP/1.1" 200
2026-05-31 06:10:32  INFO     uvicorn.access  162.159.98.204:9998 - "GET /api/proxy/v1/models HTTP/1.1" 200
2026-05-31 06:10:46  INFO     uvicorn.access  162.158.178.121:9568 - "POST /api/history/save HTTP/1.1" 200
2026-05-31 06:10:47  INFO     uvicorn.access  162.158.178.121:9568 - "GET /api/history/usage HTTP/1.1" 200
2026-05-31 06:12:08  INFO     uvicorn.access  162.159.98.205:13690 - "POST /api/proxy/v1/images/generations HTTP/1.1" 200
2026-05-31 06:20:19  INFO     uvicorn.access  162.159.98.204:11343 - "POST /api/proxy/v1/images/edits HTTP/1.1" 200
2026-05-31 06:20:31  INFO     uvicorn.access  162.159.98.205:12177 - "POST /api/history/save HTTP/1.1" 200
2026-05-31 06:20:32  INFO     uvicorn.access  162.159.98.205:12177 - "GET /api/history/usage HTTP/1.1" 200
2026-05-31 06:22:42  INFO     uvicorn.access  162.159.98.205:9922 - "POST /api/proxy/v1/images/edits HTTP/1.1" 200
2026-05-31 06:23:12  INFO     uvicorn.access  162.159.98.205:9444 - "POST /api/history/save HTTP/1.1" 200
2026-05-31 06:23:12  INFO     uvicorn.access  162.159.98.205:9444 - "GET /api/history/usage HTTP/1.1" 200
2026-05-31 06:26:31  INFO     uvicorn.access  162.159.98.204:14056 - "POST /api/proxy/v1/images/edits HTTP/1.1" 200
2026-05-31 06:27:05  INFO     uvicorn.access  162.159.98.205:13617 - "POST /api/history/save HTTP/1.1" 200
2026-05-31 06:27:06  INFO     uvicorn.access  162.159.98.205:13617 - "GET /api/history/usage HTTP/1.1" 200
2026-05-31 06:28:58  INFO     uvicorn.access  162.159.98.204:9324 - "POST /api/proxy/v1/images/edits HTTP/1.1" 200
2026-05-31 06:29:28  INFO     uvicorn.access  162.159.98.204:12452 - "POST /api/history/save HTTP/1.1" 200
2026-05-31 06:29:28  INFO     uvicorn.access  162.159.98.204:12452 - "GET /api/history/usage HTTP/1.1" 200
2026-05-31 06:32:56  INFO     uvicorn.access  172.68.225.119:12887 - "GET /play HTTP/1.1" 200
2026-05-31 06:32:57  INFO     uvicorn.access  172.68.225.119:12887 - "GET /api/announcement?page=play HTTP/1.1" 200
2026-05-31 06:33:42  INFO     uvicorn.access  172.68.225.119:13139 - "GET /api/proxy/v1/models HTTP/1.1" 200
2026-05-31 06:33:43  INFO     uvicorn.access  172.71.215.38:12575 - "POST /api/proxy/v1/images/edits HTTP/1.1" 200
2026-05-31 06:33:53  INFO     uvicorn.access  172.71.215.38:11634 - "POST /api/history/save HTTP/1.1" 200
2026-05-31 06:33:53  INFO     uvicorn.access  172.71.215.38:11634 - "GET /api/history/usage HTTP/1.1" 200
2026-05-31 06:35:41  INFO     uvicorn.access  172.71.210.15:12469 - "POST /api/proxy/v1/images/edits HTTP/1.1" 200
2026-05-31 06:36:49  INFO     uvicorn.access  172.71.215.37:12379 - "POST /api/proxy/v1/images/edits HTTP/1.1" 200
2026-05-31 06:37:01  INFO     uvicorn.access  172.71.215.38:10584 - "POST /api/history/save HTTP/1.1" 200
2026-05-31 06:37:02  INFO     uvicorn.access  172.71.215.38:10584 - "GET /api/history/usage HTTP/1.1" 200
2026-05-31 06:38:04  INFO     uvicorn.access  172.68.211.155:10457 - "POST /api/proxy/v1/images/edits HTTP/1.1" 200
2026-05-31 06:40:45  INFO     uvicorn.access  162.158.193.212:13817 - "POST /api/proxy/v1/images/edits HTTP/1.1" 200
2026-05-31 06:43:25  WARNING  app.routers.api_proxy  代理上游返回 HTML 错误 [524] https://newapi-cf.qianqianye.com/v1/images/edits: <!DOCTYPE html>
<!--[if lt IE 7]> <html class="no-js ie6 oldie" lang="en-US"> <![endif]-->
<!--[if I
2026-05-31 06:45:26  INFO     uvicorn.access  104.23.225.88:10603 - "POST /api/proxy/v1/images/edits HTTP/1.1" 200
2026-05-31 06:45:43  INFO     uvicorn.access  104.23.225.89:10549 - "POST /api/history/save HTTP/1.1" 200
2026-05-31 06:45:44  INFO     uvicorn.access  104.23.225.89:10549 - "GET /api/history/usage HTTP/1.1" 200
2026-05-31 06:47:20  INFO     uvicorn.access  104.23.225.89:11930 - "POST /api/proxy/v1/images/edits HTTP/1.1" 200
2026-05-31 06:47:38  INFO     uvicorn.access  172.68.225.119:11387 - "POST /api/history/save HTTP/1.1" 200
2026-05-31 06:47:39  INFO     uvicorn.access  172.68.225.119:11387 - "GET /api/history/usage HTTP/1.1" 200
2026-05-31 06:51:14  INFO     uvicorn.access  172.71.210.15:13672 - "POST /api/proxy/v1/images/edits HTTP/1.1" 200
2026-05-31 06:51:34  INFO     uvicorn.access  172.71.210.15:13386 - "POST /api/history/save HTTP/1.1" 200
2026-05-31 06:51:34  INFO     uvicorn.access  172.71.210.15:13386 - "GET /api/history/usage HTTP/1.1" 200
2026-05-31 06:55:04  INFO     uvicorn.access  172.71.215.38:9366 - "POST /api/proxy/v1/images/edits HTTP/1.1" 200
2026-05-31 06:55:14  INFO     uvicorn.access  172.71.215.38:14022 - "POST /api/history/save HTTP/1.1" 200
2026-05-31 06:55:14  INFO     uvicorn.access  172.71.215.38:14022 - "GET /api/history/usage HTTP/1.1" 200
2026-05-31 06:59:46  INFO     uvicorn.access  162.159.98.205:12954 - "POST /api/proxy/v1/images/edits HTTP/1.1" 200
2026-05-31 06:59:56  INFO     uvicorn.access  162.159.98.205:14158 - "POST /api/history/save HTTP/1.1" 200
2026-05-31 06:59:56  INFO     uvicorn.access  162.159.98.205:14158 - "GET /api/history/usage HTTP/1.1" 200
2026-05-31 07:03:29  INFO     uvicorn.access  172.71.215.37:10162 - "POST /api/proxy/v1/images/edits HTTP/1.1" 200
2026-05-31 07:03:40  INFO     uvicorn.access  172.71.215.37:9769 - "POST /api/history/save HTTP/1.1" 200
2026-05-31 07:03:41  INFO     uvicorn.access  172.71.215.37:9769 - "GET /api/history/usage HTTP/1.1" 200
2026-05-31 07:06:42  INFO     uvicorn.access  172.71.215.38:11674 - "POST /api/proxy/v1/images/edits HTTP/1.1" 200
2026-05-31 07:07:04  INFO     uvicorn.access  172.71.215.37:12947 - "POST /api/history/save HTTP/1.1" 200
2026-05-31 07:07:05  INFO     uvicorn.access  172.71.215.37:12947 - "GET /api/history/usage HTTP/1.1" 200
2026-05-31 07:08:52  INFO     uvicorn.access  172.71.215.38:11147 - "POST /api/proxy/v1/images/edits HTTP/1.1" 200
2026-05-31 07:09:09  INFO     uvicorn.access  172.71.215.37:11782 - "POST /api/history/save HTTP/1.1" 200
2026-05-31 07:09:09  INFO     uvicorn.access  172.71.215.37:11782 - "GET /api/history/usage HTTP/1.1" 200
2026-05-31 07:15:28  INFO     uvicorn.access  172.71.210.14:11622 - "POST /api/proxy/v1/images/edits HTTP/1.1" 200
2026-05-31 07:15:41  INFO     uvicorn.access  172.71.210.14:13245 - "POST /api/history/save HTTP/1.1" 200
2026-05-31 07:15:41  INFO     uvicorn.access  172.71.210.14:13245 - "GET /api/history/usage HTTP/1.1" 200
2026-05-31 07:17:31  INFO     uvicorn.access  172.71.210.14:10013 - "POST /api/proxy/v1/images/edits HTTP/1.1" 200
2026-05-31 07:17:50  INFO     uvicorn.access  172.71.210.14:13332 - "POST /api/history/save HTTP/1.1" 200
2026-05-31 07:17:50  INFO     uvicorn.access  172.71.210.14:13332 - "GET /api/history/usage HTTP/1.1" 200
2026-05-31 07:23:52  INFO     uvicorn.access  162.159.98.205:12959 - "POST /api/proxy/v1/images/edits HTTP/1.1" 200
2026-05-31 07:24:10  INFO     uvicorn.access  162.159.98.205:9724 - "POST /api/history/save HTTP/1.1" 200
2026-05-31 07:24:10  INFO     uvicorn.access  162.159.98.205:9724 - "GET /api/history/usage HTTP/1.1" 200
2026-05-31 07:27:20  INFO     uvicorn.access  162.159.98.205:9900 - "POST /api/proxy/v1/images/edits HTTP/1.1" 200
2026-05-31 07:27:38  INFO     uvicorn.access  162.159.98.204:13100 - "POST /api/history/save HTTP/1.1" 200
2026-05-31 07:27:39  INFO     uvicorn.access  162.159.98.204:13100 - "GET /api/history/usage HTTP/1.1" 200
2026-05-31 07:29:48  INFO     uvicorn.access  162.159.98.204:13641 - "POST /api/proxy/v1/images/edits HTTP/1.1" 200
2026-05-31 07:34:15  INFO     uvicorn.access  162.158.178.121:12416 - "POST /api/proxy/v1/images/edits HTTP/1.1" 200
2026-05-31 07:34:33  INFO     uvicorn.access  162.158.178.120:9349 - "POST /api/history/save HTTP/1.1" 200
2026-05-31 07:34:33  INFO     uvicorn.access  162.158.178.120:9349 - "GET /api/history/usage HTTP/1.1" 200
2026-05-31 07:45:33  INFO     uvicorn.access  172.71.215.38:11648 - "POST /api/proxy/v1/images/edits HTTP/1.1" 200
2026-05-31 07:45:49  INFO     uvicorn.access  172.71.215.38:11164 - "POST /api/history/save HTTP/1.1" 200
2026-05-31 07:45:49  INFO     uvicorn.access  172.71.215.38:11164 - "GET /api/history/usage HTTP/1.1" 200
2026-05-31 07:49:11  INFO     uvicorn.access  172.71.215.38:12246 - "POST /api/proxy/v1/images/edits HTTP/1.1" 200
2026-05-31 07:49:24  INFO     uvicorn.access  172.71.215.37:9698 - "POST /api/history/save HTTP/1.1" 200
2026-05-31 07:49:24  INFO     uvicorn.access  172.71.215.37:9698 - "GET /api/history/usage HTTP/1.1" 200
2026-05-31 07:51:38  INFO     uvicorn.access  172.71.215.38:14010 - "POST /api/proxy/v1/images/edits HTTP/1.1" 200
2026-05-31 07:51:49  INFO     uvicorn.access  172.71.215.38:11772 - "POST /api/history/save HTTP/1.1" 200
2026-05-31 07:51:49  INFO     uvicorn.access  172.71.215.38:11772 - "GET /api/history/usage HTTP/1.1" 200
2026-05-31 07:54:41  INFO     uvicorn.access  172.71.215.37:13283 - "POST /api/proxy/v1/images/edits HTTP/1.1" 200
2026-05-31 07:54:53  INFO     uvicorn.access  172.71.215.37:11363 - "POST /api/history/save HTTP/1.1" 200
2026-05-31 07:54:54  INFO     uvicorn.access  172.71.215.37:11363 - "GET /api/history/usage HTTP/1.1" 200
2026-05-31 07:59:02  INFO     uvicorn.access  162.159.98.204:12147 - "POST /api/proxy/v1/images/edits HTTP/1.1" 200
2026-05-31 07:59:14  INFO     uvicorn.access  162.159.98.205:9306 - "POST /api/history/save HTTP/1.1" 200
2026-05-31 07:59:15  INFO     uvicorn.access  162.159.98.205:9306 - "GET /api/history/usage HTTP/1.1" 200
2026-05-31 08:07:38  INFO     uvicorn.access  162.158.193.213:12586 - "POST /api/proxy/v1/images/edits HTTP/1.1" 200
2026-05-31 08:07:51  INFO     uvicorn.access  162.158.193.212:11362 - "POST /api/history/save HTTP/1.1" 200
2026-05-31 08:07:52  INFO     uvicorn.access  162.158.193.212:11362 - "GET /api/history/usage HTTP/1.1" 200
2026-05-31 08:09:06  INFO     uvicorn.access  162.158.193.213:10496 - "POST /api/proxy/v1/images/edits HTTP/1.1" 200
2026-05-31 08:09:24  INFO     uvicorn.access  162.158.193.212:12424 - "POST /api/history/save HTTP/1.1" 200
2026-05-31 08:09:24  INFO     uvicorn.access  162.158.193.212:12424 - "GET /api/history/usage HTTP/1.1" 200
2026-05-31 08:14:37  INFO     uvicorn.access  162.159.98.205:13170 - "POST /api/proxy/v1/images/generations HTTP/1.1" 200
2026-05-31 08:14:47  INFO     uvicorn.access  162.159.98.204:10734 - "POST /api/history/save HTTP/1.1" 200
2026-05-31 08:14:47  INFO     uvicorn.access  162.159.98.204:10734 - "GET /api/history/usage HTTP/1.1" 200
2026-05-31 08:17:04  INFO     uvicorn.access  162.159.98.204:12326 - "POST /api/proxy/v1/images/generations HTTP/1.1" 200
2026-05-31 08:17:24  INFO     uvicorn.access  162.159.98.205:11974 - "POST /api/history/save HTTP/1.1" 200
2026-05-31 08:17:25  INFO     uvicorn.access  162.159.98.205:11974 - "GET /api/history/usage HTTP/1.1" 200
2026-05-31 08:20:22  INFO     uvicorn.access  162.159.98.205:11988 - "POST /api/proxy/v1/images/edits HTTP/1.1" 200
2026-05-31 08:20:40  INFO     uvicorn.access  162.159.98.205:9556 - "POST /api/history/save HTTP/1.1" 200
2026-05-31 08:20:41  INFO     uvicorn.access  162.159.98.205:9556 - "GET /api/history/usage HTTP/1.1" 200
2026-05-31 08:24:16  INFO     uvicorn.access  162.159.98.205:12851 - "POST /api/proxy/v1/images/edits HTTP/1.1" 200
2026-05-31 08:24:35  INFO     uvicorn.access  162.159.98.204:11428 - "POST /api/history/save HTTP/1.1" 200
2026-05-31 08:24:35  INFO     uvicorn.access  162.159.98.204:11428 - "GET /api/history/usage HTTP/1.1" 200
2026-05-31 08:25:58  INFO     uvicorn.access  162.159.98.204:10650 - "POST /api/proxy/v1/images/edits HTTP/1.1" 200
2026-05-31 08:26:11  INFO     uvicorn.access  162.159.98.204:12186 - "POST /api/history/save HTTP/1.1" 200
2026-05-31 08:26:11  INFO     uvicorn.access  162.159.98.204:12186 - "GET /api/history/usage HTTP/1.1" 200
2026-05-31 08:28:19  INFO     uvicorn.access  162.159.98.205:12385 - "POST /api/proxy/v1/images/edits HTTP/1.1" 200
2026-05-31 08:28:36  INFO     uvicorn.access  162.159.98.204:13573 - "POST /api/history/save HTTP/1.1" 200
2026-05-31 08:28:37  INFO     uvicorn.access  162.159.98.204:13573 - "GET /api/history/usage HTTP/1.1" 200
2026-05-31 08:31:42  INFO     uvicorn.access  162.159.98.204:9632 - "POST /api/proxy/v1/images/edits HTTP/1.1" 200
2026-05-31 08:32:13  INFO     uvicorn.access  162.159.98.205:11863 - "POST /api/history/save HTTP/1.1" 200
2026-05-31 08:32:13  INFO     uvicorn.access  162.159.98.205:11863 - "GET /api/history/usage HTTP/1.1" 200
2026-05-31 08:35:47  INFO     uvicorn.access  172.71.210.15:11395 - "POST /api/proxy/v1/images/edits HTTP/1.1" 200
2026-05-31 08:36:01  INFO     uvicorn.access  172.71.210.14:13004 - "POST /api/history/save HTTP/1.1" 200
2026-05-31 08:36:02  INFO     uvicorn.access  172.71.210.14:13004 - "GET /api/history/usage HTTP/1.1" 200
2026-05-31 08:39:25  WARNING  app.routers.api_proxy  代理上游返回 HTML 错误 [524] https://newapi-cf.qianqianye.com/v1/images/edits: <!DOCTYPE html>
<!--[if lt IE 7]> <html class="no-js ie6 oldie" lang="en-US"> <![endif]-->
<!--[if I
2026-05-31 08:41:58  WARNING  app.routers.api_proxy  代理上游返回 HTML 错误 [524] https://newapi-cf.qianqianye.com/v1/images/edits: <!DOCTYPE html>
<!--[if lt IE 7]> <html class="no-js ie6 oldie" lang="en-US"> <![endif]-->
<!--[if I
2026-05-31 08:42:12  INFO     uvicorn.access  172.71.210.15:9346 - "GET /api/proxy/v1/models HTTP/1.1" 200
2026-05-31 08:44:25  WARNING  app.routers.api_proxy  代理上游返回 HTML 错误 [524] https://newapi-cf.qianqianye.com/v1/images/edits: <!DOCTYPE html>
<!--[if lt IE 7]> <html class="no-js ie6 oldie" lang="en-US"> <![endif]-->
<!--[if I
2026-05-31 08:44:44  INFO     uvicorn.access  162.158.193.213:11840 - "GET /play HTTP/1.1" 200
2026-05-31 08:44:45  INFO     uvicorn.access  172.68.211.187:12694 - "GET /static/css/common.css HTTP/1.1" 304
2026-05-31 08:44:45  INFO     uvicorn.access  162.159.98.153:12296 - "GET /static/js/common.js HTTP/1.1" 304
2026-05-31 08:44:45  INFO     uvicorn.access  172.68.211.5:14072 - "GET /static/css/play.css?v=1779876137 HTTP/1.1" 304
2026-05-31 08:44:45  INFO     uvicorn.access  162.158.193.101:14204 - "GET /static/js/play.js?v=1779876137 HTTP/1.1" 304
2026-05-31 08:44:45  INFO     uvicorn.access  162.158.193.213:11840 - "GET /api/announcement?page=play HTTP/1.1" 200
2026-05-31 08:44:46  INFO     uvicorn.access  162.158.193.213:11840 - "GET /api/history/usage HTTP/1.1" 200
2026-05-31 08:44:48  INFO     uvicorn.access  162.158.193.213:11840 - "GET /api/proxy/v1/models HTTP/1.1" 200
2026-05-31 08:44:50  INFO     uvicorn.access  162.158.193.213:11840 - "GET /api/history/list HTTP/1.1" 200
2026-05-31 08:45:20  INFO     uvicorn.access  162.158.193.212:13485 - "GET /play HTTP/1.1" 200
2026-05-31 08:45:21  INFO     uvicorn.access  162.158.193.212:13485 - "GET /api/announcement?page=play HTTP/1.1" 200
2026-05-31 08:45:22  INFO     uvicorn.access  162.158.193.213:11425 - "GET /api/history/usage HTTP/1.1" 200
2026-05-31 08:45:25  INFO     uvicorn.access  162.158.193.212:13485 - "GET /api/history/list HTTP/1.1" 200
2026-05-31 08:45:27  INFO     uvicorn.access  162.158.193.212:13485 - "GET /api/proxy/v1/models HTTP/1.1" 200
2026-05-31 08:46:29  WARNING  app.routers.api_proxy  代理上游返回 HTML 错误 [524] https://newapi-cf.qianqianye.com/v1/images/edits: <!DOCTYPE html>
<!--[if lt IE 7]> <html class="no-js ie6 oldie" lang="en-US"> <![endif]-->
<!--[if I
2026-05-31 08:47:20  WARNING  app.routers.api_proxy  代理上游返回 HTML 错误 [524] https://newapi-cf.qianqianye.com/v1/images/edits: <!DOCTYPE html>
<!--[if lt IE 7]> <html class="no-js ie6 oldie" lang="en-US"> <![endif]-->
<!--[if I
2026-05-31 08:49:26  INFO     uvicorn.access  104.23.225.88:9266 - "POST /api/proxy/v1/images/edits HTTP/1.1" 200
2026-05-31 08:49:33  WARNING  app.routers.api_proxy  代理上游返回 HTML 错误 [524] https://newapi-cf.qianqianye.com/v1/images/edits: <!DOCTYPE html>
<!--[if lt IE 7]> <html class="no-js ie6 oldie" lang="en-US"> <![endif]-->
<!--[if I
2026-05-31 08:49:42  INFO     uvicorn.access  162.158.193.213:9994 - "POST /api/history/save HTTP/1.1" 200
2026-05-31 08:49:43  INFO     uvicorn.access  162.158.193.213:9994 - "GET /api/history/usage HTTP/1.1" 200
2026-05-31 08:56:36  INFO     uvicorn.access  172.71.215.38:13106 - "POST /api/proxy/v1/images/edits HTTP/1.1" 200
2026-05-31 08:56:52  INFO     uvicorn.access  172.71.215.37:9670 - "POST /api/history/save HTTP/1.1" 200
2026-05-31 08:56:53  INFO     uvicorn.access  172.71.215.37:9670 - "GET /api/history/usage HTTP/1.1" 200
2026-05-31 08:58:13  INFO     uvicorn.access  172.71.215.38:9587 - "POST /api/proxy/v1/images/edits HTTP/1.1" 200
2026-05-31 08:58:34  INFO     uvicorn.access  172.71.215.38:9506 - "POST /api/history/save HTTP/1.1" 200
2026-05-31 08:58:35  INFO     uvicorn.access  172.71.215.38:9506 - "GET /api/history/usage HTTP/1.1" 200
2026-05-31 09:02:30  INFO     uvicorn.access  172.68.225.118:9359 - "POST /api/proxy/v1/images/edits HTTP/1.1" 200
2026-05-31 09:02:50  INFO     uvicorn.access  172.68.225.119:10431 - "POST /api/history/save HTTP/1.1" 200
2026-05-31 09:02:51  INFO     uvicorn.access  172.68.225.119:10431 - "GET /api/history/usage HTTP/1.1" 200
2026-05-31 09:04:50  INFO     uvicorn.access  172.68.225.119:10250 - "POST /api/proxy/v1/images/edits HTTP/1.1" 200
2026-05-31 09:05:08  INFO     uvicorn.access  172.68.225.118:11849 - "POST /api/history/save HTTP/1.1" 200
2026-05-31 09:05:09  INFO     uvicorn.access  172.68.225.118:11849 - "GET /api/history/usage HTTP/1.1" 200
2026-05-31 09:09:41  INFO     uvicorn.access  172.71.215.38:10136 - "POST /api/proxy/v1/images/edits HTTP/1.1" 200
2026-05-31 09:09:58  INFO     uvicorn.access  172.71.215.38:9628 - "POST /api/history/save HTTP/1.1" 200
2026-05-31 09:09:58  INFO     uvicorn.access  172.71.215.38:9628 - "GET /api/history/usage HTTP/1.1" 200
2026-05-31 09:11:38  INFO     uvicorn.access  172.71.215.38:11296 - "POST /api/proxy/v1/images/edits HTTP/1.1" 200
2026-05-31 09:12:04  INFO     uvicorn.access  172.71.215.38:10765 - "POST /api/history/save HTTP/1.1" 200
2026-05-31 09:12:04  INFO     uvicorn.access  172.71.215.38:10765 - "GET /api/history/usage HTTP/1.1" 200
2026-05-31 09:14:46  INFO     uvicorn.access  172.71.215.37:11768 - "POST /api/proxy/v1/images/edits HTTP/1.1" 200
2026-05-31 09:15:05  INFO     uvicorn.access  172.71.215.37:10693 - "POST /api/history/save HTTP/1.1" 200
2026-05-31 09:15:06  INFO     uvicorn.access  172.71.215.37:10693 - "GET /api/history/usage HTTP/1.1" 200
2026-05-31 09:16:35  INFO     uvicorn.access  172.71.215.38:12311 - "POST /api/proxy/v1/images/edits HTTP/1.1" 200
2026-05-31 09:16:51  INFO     uvicorn.access  172.71.215.38:11761 - "POST /api/history/save HTTP/1.1" 200
2026-05-31 09:16:51  INFO     uvicorn.access  172.71.215.38:11761 - "GET /api/history/usage HTTP/1.1" 200
2026-05-31 09:32:56  INFO     uvicorn.access  52.15.68.132:45002 - "GET / HTTP/1.1" 200
2026-05-31 09:33:54  INFO     uvicorn.access  52.15.68.132:64978 - "GET / HTTP/1.1" 200
2026-05-31 09:35:03  INFO     uvicorn.access  172.70.123.166:10704 - "GET / HTTP/1.1" 200
2026-05-31 09:35:03  INFO     uvicorn.access  172.70.49.253:13586 - "GET /static/css/home.css HTTP/1.1" 304
2026-05-31 09:35:03  INFO     uvicorn.access  162.159.108.116:10951 - "GET /static/css/common.css HTTP/1.1" 304
2026-05-31 09:35:03  INFO     uvicorn.access  172.70.223.143:13850 - "GET /static/js/common.js HTTP/1.1" 304
2026-05-31 09:35:04  INFO     uvicorn.access  172.70.123.101:11021 - "GET /api/announcement?page=home HTTP/1.1" 200
2026-05-31 09:35:05  INFO     uvicorn.access  172.70.123.166:10704 - "GET /play HTTP/1.1" 200
2026-05-31 09:35:06  INFO     uvicorn.access  172.71.8.22:11141 - "GET /static/css/play.css?v=1779876137 HTTP/1.1" 304
2026-05-31 09:35:06  INFO     uvicorn.access  172.64.213.91:11043 - "GET /static/js/play.js?v=1779876137 HTTP/1.1" 304
2026-05-31 09:35:06  INFO     uvicorn.access  172.70.123.101:11021 - "GET /api/announcement?page=play HTTP/1.1" 200
2026-05-31 09:35:06  INFO     uvicorn.access  172.70.123.166:10704 - "GET /api/history/usage HTTP/1.1" 401
2026-05-31 09:35:06  INFO     uvicorn.access  172.70.123.101:11028 - "GET /api/history/list HTTP/1.1" 401
2026-05-31 09:35:11  INFO     uvicorn.access  172.70.123.166:13943 - "GET /api/proxy/v1/models HTTP/1.1" 200
2026-05-31 09:35:14  INFO     uvicorn.access  172.70.123.166:13943 - "GET /api/proxy/v1/models HTTP/1.1" 200
2026-05-31 09:36:17  WARNING  uvicorn.error  Invalid HTTP request received.
2026-05-31 09:36:51  WARNING  uvicorn.error  Invalid HTTP request received.
2026-05-31 09:37:41  WARNING  app.routers.api_proxy  代理上游返回 HTML 错误 [524] https://newapi-cf.qianqianye.com/v1/images/edits: <!DOCTYPE html>
<!--[if lt IE 7]> <html class="no-js ie6 oldie" lang="en-US"> <![endif]-->
<!--[if I
2026-05-31 09:37:43  INFO     uvicorn.access  104.23.251.191:10416 - "GET /play HTTP/1.1" 200
2026-05-31 09:37:43  INFO     uvicorn.access  162.158.91.115:13999 - "GET /static/css/common.css HTTP/1.1" 200
2026-05-31 09:37:43  INFO     uvicorn.access  172.70.215.22:13968 - "GET /static/css/play.css?v=1779876137 HTTP/1.1" 200
2026-05-31 09:37:43  INFO     uvicorn.access  172.69.33.64:12700 - "GET /static/js/play.js?v=1779876137 HTTP/1.1" 304
2026-05-31 09:37:43  INFO     uvicorn.access  172.64.217.137:14017 - "GET /static/js/common.js HTTP/1.1" 304
2026-05-31 09:37:43  INFO     uvicorn.access  104.23.251.191:10416 - "GET /api/announcement?page=play HTTP/1.1" 200
2026-05-31 09:38:00  INFO     uvicorn.access  162.159.110.69:13721 - "POST /api/proxy/v1/images/edits HTTP/1.1" 200
2026-05-31 09:38:03  INFO     uvicorn.access  162.159.110.69:13721 - "POST /api/history/save HTTP/1.1" 401
2026-05-31 09:38:03  INFO     uvicorn.access  162.159.110.69:13721 - "GET /api/history/usage HTTP/1.1" 401
2026-05-31 09:39:34  INFO     uvicorn.access  162.158.175.157:12303 - "GET /robots.txt HTTP/1.1" 307
2026-05-31 09:39:34  INFO     uvicorn.access  172.68.26.193:9652 - "GET / HTTP/1.1" 200
2026-05-31 11:44:25  INFO     uvicorn.access  141.101.76.54:14064 - "GET / HTTP/1.1" 200
2026-05-31 12:44:06  INFO     uvicorn.access  172.70.215.22:10586 - "GET /static/css/play.css?v=1779876137 HTTP/1.1" 304
2026-05-31 12:44:06  INFO     uvicorn.access  162.158.91.115:12992 - "GET /static/css/common.css HTTP/1.1" 304
2026-05-31 12:45:50  INFO     uvicorn.access  172.70.206.95:13520 - "POST /api/proxy/v1/images/edits HTTP/1.1" 200
2026-05-31 12:51:02  INFO     uvicorn.access  172.70.206.95:11978 - "POST /api/proxy/v1/images/edits HTTP/1.1" 200
2026-05-31 13:07:00  INFO     uvicorn.access  172.71.183.163:14214 - "GET /play HTTP/1.1" 200
2026-05-31 13:07:01  INFO     uvicorn.access  104.23.168.49:10501 - "GET /static/js/play.js?v=1779876137 HTTP/1.1" 304
2026-05-31 13:07:01  INFO     uvicorn.access  162.159.113.64:11699 - "GET /static/css/common.css HTTP/1.1" 304
2026-05-31 13:07:01  INFO     uvicorn.access  162.159.113.12:11693 - "GET /static/css/play.css?v=1779876137 HTTP/1.1" 304
2026-05-31 13:07:01  INFO     uvicorn.access  172.71.95.118:12205 - "GET /static/js/common.js HTTP/1.1" 304
2026-05-31 13:07:01  INFO     uvicorn.access  172.71.183.163:14214 - "GET /api/announcement?page=play HTTP/1.1" 200
2026-05-31 13:07:13  INFO     uvicorn.access  172.71.183.164:13080 - "GET /api/proxy/v1/models HTTP/1.1" 200
2026-05-31 13:14:52  WARNING  app.routers.api_proxy  代理上游返回 HTML 错误 [524] https://newapi-cf.qianqianye.com/v1/images/edits: <!DOCTYPE html>
<!--[if lt IE 7]> <html class="no-js ie6 oldie" lang="en-US"> <![endif]-->
<!--[if I
2026-05-31 13:22:00  INFO     uvicorn.access  172.70.47.159:11174 - "POST /api/proxy/v1/images/edits HTTP/1.1" 200
2026-05-31 13:26:41  INFO     uvicorn.access  104.23.166.135:11215 - "POST /api/proxy/v1/images/edits HTTP/1.1" 200
2026-05-31 13:30:06  WARNING  app.routers.api_proxy  代理上游返回 HTML 错误 [524] https://newapi-cf.qianqianye.com/v1/images/edits: <!DOCTYPE html>
<!--[if lt IE 7]> <html class="no-js ie6 oldie" lang="en-US"> <![endif]-->
<!--[if I
2026-05-31 13:32:19  WARNING  app.routers.api_proxy  代理上游返回 HTML 错误 [524] https://newapi-cf.qianqianye.com/v1/images/edits: <!DOCTYPE html>
<!--[if lt IE 7]> <html class="no-js ie6 oldie" lang="en-US"> <![endif]-->
<!--[if I
2026-05-31 13:32:29  INFO     uvicorn.access  172.70.47.159:11571 - "GET /play HTTP/1.1" 200
2026-05-31 13:32:30  INFO     uvicorn.access  172.70.47.159:11571 - "GET /api/announcement?page=play HTTP/1.1" 200
2026-05-31 13:32:33  INFO     uvicorn.access  172.70.47.159:11571 - "GET /api/proxy/v1/models HTTP/1.1" 200
2026-05-31 13:35:13  WARNING  app.routers.api_proxy  代理上游返回 HTML 错误 [524] https://newapi-cf.qianqianye.com/v1/images/edits: <!DOCTYPE html>
<!--[if lt IE 7]> <html class="no-js ie6 oldie" lang="en-US"> <![endif]-->
<!--[if I
2026-05-31 13:37:26  WARNING  app.routers.api_proxy  代理上游返回 HTML 错误 [524] https://newapi-cf.qianqianye.com/v1/images/edits: <!DOCTYPE html>
<!--[if lt IE 7]> <html class="no-js ie6 oldie" lang="en-US"> <![endif]-->
<!--[if I
2026-05-31 13:38:59  INFO     uvicorn.access  104.23.170.178:10558 - "POST /api/proxy/v1/images/edits HTTP/1.1" 200
2026-05-31 13:42:03  INFO     uvicorn.access  104.23.170.179:9389 - "POST /api/proxy/v1/images/edits HTTP/1.1" 200
2026-05-31 14:02:57  INFO     uvicorn.access  104.23.170.179:11433 - "GET /play HTTP/1.1" 200
2026-05-31 14:02:58  INFO     uvicorn.access  172.71.183.185:11942 - "GET /api/announcement?page=play HTTP/1.1" 200
2026-05-31 14:04:11  INFO     uvicorn.access  104.23.170.179:12468 - "GET /api/proxy/v1/models HTTP/1.1" 200
2026-05-31 14:06:20  WARNING  app.routers.api_proxy  代理上游返回 HTML 错误 [524] https://newapi-cf.qianqianye.com/v1/images/edits: <!DOCTYPE html>
<!--[if lt IE 7]> <html class="no-js ie6 oldie" lang="en-US"> <![endif]-->
<!--[if I
2026-05-31 15:15:17  WARNING  uvicorn.error  Invalid HTTP request received.
2026-05-31 15:31:56  INFO     uvicorn.access  104.152.52.134:46313 - "GET / HTTP/1.1" 200
2026-05-31 15:31:56  WARNING  uvicorn.error  Invalid HTTP request received.
2026-05-31 15:42:07  INFO     uvicorn.access  172.71.146.163:12002 - "GET /gallery/image/100008 HTTP/1.1" 200
2026-05-31 15:42:07  INFO     uvicorn.access  172.71.146.7:12219 - "GET /static/css/common.css HTTP/1.1" 200
2026-05-31 15:42:07  INFO     uvicorn.access  172.71.147.2:14201 - "GET /static/css/gallery.css?v=1779876137 HTTP/1.1" 200
2026-05-31 15:42:07  INFO     uvicorn.access  172.71.147.167:13256 - "GET /static/js/common.js HTTP/1.1" 200
2026-05-31 15:42:07  INFO     uvicorn.access  172.71.146.74:13934 - "GET /static/js/gallery.js?v=1779876137 HTTP/1.1" 200
2026-05-31 15:42:08  INFO     uvicorn.access  172.71.146.163:12002 - "GET /api/announcement?page=gallery HTTP/1.1" 200
2026-05-31 15:42:08  INFO     uvicorn.access  104.22.20.213:13040 - "GET /api/gallery/liked?fingerprint=3d0cd6cc HTTP/1.1" 200
2026-05-31 15:42:08  INFO     uvicorn.access  104.22.20.213:13040 - "GET /api/gallery/detail/100008 HTTP/1.1" 200
2026-05-31 15:42:08  INFO     uvicorn.access  104.22.20.213:13040 - "GET /api/gallery/comments/8?sort=newest HTTP/1.1" 200
2026-05-31 15:42:08  INFO     uvicorn.access  172.69.134.33:12401 - "GET /api/gallery/file/4146c931c3244121ae6704675aad583b.png HTTP/1.1" 200
2026-05-31 15:42:09  INFO     uvicorn.access  104.22.17.227:10671 - "GET /api/gallery/avatar/IMG_8578.png HTTP/1.1" 200
2026-05-31 15:42:19  INFO     uvicorn.access  104.22.20.212:10709 - "GET /gallery HTTP/1.1" 200
2026-05-31 15:42:19  INFO     uvicorn.access  104.22.20.212:10709 - "GET /api/announcement?page=gallery HTTP/1.1" 200
2026-05-31 15:42:19  INFO     uvicorn.access  104.22.20.212:10711 - "GET /api/gallery/liked?fingerprint=3d0cd6cc HTTP/1.1" 200
2026-05-31 15:42:20  INFO     uvicorn.access  104.22.20.212:10709 - "GET /api/gallery/images?page=1&sort=likes HTTP/1.1" 200
2026-05-31 15:42:21  INFO     uvicorn.access  104.22.20.16:10338 - "GET /api/gallery/avatar/IMG_8536.png HTTP/1.1" 200
2026-05-31 15:42:21  INFO     uvicorn.access  172.69.134.203:10487 - "GET /api/gallery/avatar/IMG_8531.png HTTP/1.1" 200
2026-05-31 15:42:21  INFO     uvicorn.access  172.71.154.151:10392 - "GET /api/gallery/avatar/IMG_8559.png HTTP/1.1" 200
2026-05-31 15:42:21  INFO     uvicorn.access  104.22.17.32:11409 - "GET /api/gallery/file/3afbc016ab104c9eb569ca1c3d813b39.png HTTP/1.1" 200
2026-05-31 15:42:21  INFO     uvicorn.access  104.22.17.69:13257 - "GET /api/gallery/file/039985f90d01467c8aa2f27d4b719282.png HTTP/1.1" 200
2026-05-31 15:42:21  INFO     uvicorn.access  104.22.17.129:14211 - "GET /api/gallery/file/b9dcee91db814cababe7148f68511586.png HTTP/1.1" 200
2026-05-31 15:42:21  INFO     uvicorn.access  172.71.154.52:10385 - "GET /api/gallery/file/bf8659bfd921477e9b19db3dc33fb5b1.png HTTP/1.1" 200
2026-05-31 15:42:22  INFO     uvicorn.access  162.158.167.220:10818 - "GET /api/gallery/file/5288082c3c2f480ba32bf60a2b7a0a8d.png HTTP/1.1" 200
2026-05-31 15:42:22  INFO     uvicorn.access  172.71.155.107:11781 - "GET /api/gallery/file/03ebfe77ba784cd4967369a9bf682555.png HTTP/1.1" 200
2026-05-31 15:42:22  INFO     uvicorn.access  172.69.23.194:11922 - "GET /api/gallery/file/504cff89cfa0457a983588b56e14224d.png HTTP/1.1" 200
2026-05-31 15:42:26  INFO     uvicorn.access  104.22.20.213:12203 - "GET /play HTTP/1.1" 200
2026-05-31 15:42:27  INFO     uvicorn.access  162.158.167.103:11775 - "GET /static/css/play.css?v=1779876137 HTTP/1.1" 200
2026-05-31 15:42:27  INFO     uvicorn.access  172.71.155.103:9492 - "GET /static/js/play.js?v=1779876137 HTTP/1.1" 200
2026-05-31 15:42:28  INFO     uvicorn.access  104.22.20.213:12203 - "GET /api/announcement?page=play HTTP/1.1" 200
2026-05-31 16:14:06  INFO     uvicorn.access  162.158.108.102:11383 - "GET / HTTP/1.1" 200
2026-05-31 16:14:06  INFO     uvicorn.access  172.68.164.130:10097 - "GET /static/css/common.css HTTP/1.1" 200
2026-05-31 16:14:06  INFO     uvicorn.access  104.22.66.102:12722 - "GET /static/css/home.css HTTP/1.1" 200
2026-05-31 16:14:06  INFO     uvicorn.access  162.158.88.160:13447 - "GET /static/js/common.js HTTP/1.1" 200
2026-05-31 16:14:07  INFO     uvicorn.access  162.158.108.63:11479 - "GET /api/announcement?page=home HTTP/1.1" 200
2026-05-31 16:14:14  INFO     uvicorn.access  162.158.108.103:10701 - "GET /gallery HTTP/1.1" 200
2026-05-31 16:14:15  INFO     uvicorn.access  172.68.164.39:13341 - "GET /static/css/gallery.css?v=1779876137 HTTP/1.1" 200
2026-05-31 16:14:15  INFO     uvicorn.access  172.70.93.107:13131 - "GET /static/js/gallery.js?v=1779876137 HTTP/1.1" 200
2026-05-31 16:14:15  INFO     uvicorn.access  162.158.108.103:10701 - "GET /api/announcement?page=gallery HTTP/1.1" 200
2026-05-31 16:14:15  INFO     uvicorn.access  162.158.108.102:12162 - "GET /api/gallery/liked?fingerprint=3777b6e5 HTTP/1.1" 200
2026-05-31 17:12:43  INFO     uvicorn.access  172.70.135.181:13521 - "GET /docs HTTP/1.1" 200
2026-05-31 17:40:23  INFO     uvicorn.access  172.239.64.155:58646 - "GET / HTTP/1.1" 200
2026-05-31 18:52:24  INFO     uvicorn.access  45.79.207.111:57258 - "GET / HTTP/1.1" 200
2026-05-31 19:35:49  INFO     uvicorn.access  45.33.14.197:38566 - "GET / HTTP/1.1" 200
2026-05-31 19:45:16  INFO     uvicorn.access  50.116.49.221:18528 - "GET / HTTP/1.1" 200
2026-05-31 20:21:23  INFO     uvicorn.access  85.217.140.36:47902 - "GET / HTTP/1.1" 200
2026-05-31 20:33:38  INFO     uvicorn.access  85.217.140.44:36114 - "GET / HTTP/1.1" 200
2026-05-31 20:36:14  INFO     uvicorn.access  45.79.115.59:34494 - "GET / HTTP/1.1" 200
2026-05-31 21:02:26  INFO     uvicorn.access  192.155.90.220:9378 - "GET / HTTP/1.1" 200
2026-05-31 21:10:51  WARNING  uvicorn.error  Invalid HTTP request received.
2026-05-31 21:10:51  INFO     uvicorn.access  104.152.52.143:48417 - "GET / HTTP/1.1" 200
2026-05-31 21:10:51  WARNING  uvicorn.error  Invalid HTTP request received.
2026-05-31 21:39:38  INFO     uvicorn.access  91.224.92.32:33932 - "GET /SDK/webLanguage HTTP/1.1" 404
2026-05-31 22:22:43  INFO     uvicorn.access  104.22.102.27:11101 - "GET / HTTP/1.1" 200
2026-05-31 23:46:04  INFO     uvicorn.access  185.247.137.19:58347 - "GET / HTTP/1.1" 200
2026-06-01 00:44:32  INFO     uvicorn.access  104.22.56.239:13649 - "GET / HTTP/1.1" 200
2026-06-01 00:44:32  INFO     uvicorn.access  108.162.237.37:10073 - "GET /robots.txt HTTP/1.1" 307
2026-06-01 00:44:32  INFO     uvicorn.access  172.69.71.73:11493 - "GET / HTTP/1.1" 200
2026-06-01 06:28:24  INFO     uvicorn.access  172.71.183.164:10014 - "GET /api/history/list HTTP/1.1" 200
2026-06-01 06:33:23  INFO     uvicorn.access  162.158.175.157:11961 - "GET /robots.txt HTTP/1.1" 307
2026-06-01 06:33:23  INFO     uvicorn.access  162.158.175.3:12903 - "GET / HTTP/1.1" 200
2026-06-01 07:10:23  INFO     uvicorn.access  172.70.47.160:13525 - "GET / HTTP/1.1" 200
2026-06-01 07:10:26  INFO     uvicorn.access  172.70.47.160:13525 - "GET /vault.env HTTP/1.1" 307
2026-06-01 07:10:26  INFO     uvicorn.access  172.70.47.159:13659 - "GET /.aws/credentials HTTP/1.1" 404
2026-06-01 07:10:26  INFO     uvicorn.access  172.70.47.160:13529 - "GET /.git/config HTTP/1.1" 404
2026-06-01 07:10:26  INFO     uvicorn.access  172.70.47.159:13664 - "GET /secrets.json HTTP/1.1" 307
2026-06-01 07:10:26  INFO     uvicorn.access  172.70.47.159:13667 - "GET /application.yml HTTP/1.1" 307
2026-06-01 07:10:26  INFO     uvicorn.access  172.71.95.118:10626 - "GET /static/js/common.js HTTP/1.1" 304
2026-06-01 07:10:28  INFO     uvicorn.access  172.70.47.160:13525 - "GET / HTTP/1.1" 200
2026-06-01 07:10:28  INFO     uvicorn.access  172.70.47.159:13659 - "GET / HTTP/1.1" 200
2026-06-01 07:10:28  INFO     uvicorn.access  172.70.47.160:13529 - "GET / HTTP/1.1" 200
2026-06-01 07:10:28  INFO     uvicorn.access  172.70.47.159:13664 - "GET /secrets.yml HTTP/1.1" 307
2026-06-01 07:10:28  INFO     uvicorn.access  172.70.47.159:13667 - "GET /storage/logs/laravel.log HTTP/1.1" 404
2026-06-01 07:10:33  INFO     uvicorn.access  172.70.47.159:13533 - "GET / HTTP/1.1" 200
2026-06-01 07:10:33  INFO     uvicorn.access  172.70.47.160:12172 - "GET /.env.example HTTP/1.1" 307
2026-06-01 07:10:33  INFO     uvicorn.access  172.70.47.159:13539 - "GET /config/application.properties HTTP/1.1" 404
2026-06-01 07:10:33  INFO     uvicorn.access  172.70.47.159:13535 - "GET /.env HTTP/1.1" 307
2026-06-01 07:10:33  INFO     uvicorn.access  172.70.47.159:13545 - "GET /application.properties HTTP/1.1" 307
2026-06-01 07:10:36  INFO     uvicorn.access  172.70.47.159:13533 - "GET /config/secrets.yml HTTP/1.1" 404
2026-06-01 07:10:45  INFO     uvicorn.access  172.70.47.159:10782 - "GET / HTTP/1.1" 200
2026-06-01 07:10:45  INFO     uvicorn.access  172.70.47.160:9384 - "GET / HTTP/1.1" 200
2026-06-01 07:10:45  INFO     uvicorn.access  172.70.47.160:9380 - "GET / HTTP/1.1" 200
2026-06-01 07:10:45  INFO     uvicorn.access  172.70.47.159:10784 - "GET /.env.production HTTP/1.1" 307
2026-06-01 07:10:45  INFO     uvicorn.access  172.70.47.160:9389 - "GET /.env.development HTTP/1.1" 307
2026-06-01 07:10:45  INFO     uvicorn.access  172.70.47.160:9395 - "GET /.env.local HTTP/1.1" 307
2026-06-01 07:10:47  INFO     uvicorn.access  172.70.47.159:10782 - "GET /__/firebase/init.json HTTP/1.1" 404
2026-06-01 07:10:47  INFO     uvicorn.access  172.70.47.160:9384 - "GET /config.json HTTP/1.1" 307
2026-06-01 07:10:47  INFO     uvicorn.access  172.70.47.160:9380 - "GET /api/config HTTP/1.1" 404
2026-06-01 07:10:47  INFO     uvicorn.access  172.70.47.159:10784 - "GET /v1/graphql HTTP/1.1" 404
2026-06-01 07:10:47  INFO     uvicorn.access  172.70.47.160:9389 - "GET /static/js/common.js.map HTTP/1.1" 404
2026-06-01 07:10:47  INFO     uvicorn.access  172.71.95.69:14154 - "GET /config.js HTTP/1.1" 307
2026-06-01 07:10:48  INFO     uvicorn.access  172.70.47.160:9395 - "GET /api/settings HTTP/1.1" 404
2026-06-01 07:10:48  INFO     uvicorn.access  172.70.47.159:10782 - "GET / HTTP/1.1" 200
2026-06-01 07:10:48  INFO     uvicorn.access  172.70.47.160:9384 - "GET / HTTP/1.1" 200
2026-06-01 07:10:48  INFO     uvicorn.access  172.70.47.159:10784 - "GET /settings.json HTTP/1.1" 307
2026-06-01 07:10:48  INFO     uvicorn.access  172.70.47.160:9380 - "GET /firebase-config.json HTTP/1.1" 307
2026-06-01 07:10:48  INFO     uvicorn.access  172.70.47.160:9389 - "GET /api/v1/settings HTTP/1.1" 404
2026-06-01 07:10:49  INFO     uvicorn.access  104.23.170.16:10091 - "GET /env.js HTTP/1.1" 307
2026-06-01 07:10:53  INFO     uvicorn.access  172.70.47.160:9395 - "GET / HTTP/1.1" 200
2026-06-01 07:10:53  INFO     uvicorn.access  172.70.47.159:10782 - "GET / HTTP/1.1" 200
2026-06-01 07:10:53  INFO     uvicorn.access  172.70.47.160:9384 - "GET / HTTP/1.1" 200
2026-06-01 07:10:53  INFO     uvicorn.access  172.70.47.159:10784 - "GET /env.json HTTP/1.1" 307
2026-06-01 07:10:53  INFO     uvicorn.access  172.70.47.160:9380 - "GET /api/v2/config HTTP/1.1" 404
2026-06-01 07:10:53  INFO     uvicorn.access  172.70.47.160:9389 - "GET /.well-known/jwks.json HTTP/1.1" 404
2026-06-01 07:10:54  INFO     uvicorn.access  172.70.47.160:9395 - "GET / HTTP/1.1" 200
2026-06-01 07:10:54  INFO     uvicorn.access  172.70.47.159:10782 - "GET /api/env HTTP/1.1" 404
2026-06-01 07:10:54  INFO     uvicorn.access  172.70.47.160:9384 - "GET /api/v1/config HTTP/1.1" 404
2026-06-01 07:10:55  INFO     uvicorn.access  172.70.47.159:10784 - "GET /manifest.webmanifest HTTP/1.1" 307
2026-06-01 07:10:55  INFO     uvicorn.access  104.23.170.175:14235 - "GET /runtime-config.js HTTP/1.1" 307
2026-06-01 07:10:58  INFO     uvicorn.access  172.70.47.159:10782 - "GET /api/openapi.json HTTP/1.1" 404
/root/huitu/.venv/lib/python3.13/site-packages/fastapi/openapi/utils.py:252: UserWarning: Duplicate Operation ID proxy_request_api_proxy__path__get for function proxy_request at /root/huitu/app/routers/api_proxy.py
  warnings.warn(message, stacklevel=1)
2026-06-01 07:10:58  INFO     uvicorn.access  172.70.47.160:9395 - "GET /openapi.json HTTP/1.1" 200
2026-06-01 07:10:58  INFO     uvicorn.access  172.70.47.160:9384 - "GET / HTTP/1.1" 200
2026-06-01 07:10:58  INFO     uvicorn.access  172.70.47.159:10784 - "GET / HTTP/1.1" 200
2026-06-01 07:10:58  INFO     uvicorn.access  172.70.47.160:12093 - "GET /api/v2/settings HTTP/1.1" 404
2026-06-01 07:10:58  INFO     uvicorn.access  172.70.47.159:10782 - "GET /api/health HTTP/1.1" 404
2026-06-01 07:11:04  INFO     uvicorn.access  172.70.47.160:12098 - "GET /swagger.json HTTP/1.1" 307
2026-06-01 07:11:04  INFO     uvicorn.access  172.70.47.160:12101 - "GET /health HTTP/1.1" 307
2026-06-01 07:11:04  INFO     uvicorn.access  172.70.47.160:12105 - "GET /app-config.json HTTP/1.1" 307
2026-06-01 07:11:07  INFO     uvicorn.access  172.70.47.160:12098 - "GET /gallery HTTP/1.1" 200
2026-06-01 07:11:07  INFO     uvicorn.access  172.70.47.160:12101 - "GET /docs HTTP/1.1" 200
2026-06-01 07:11:14  INFO     uvicorn.access  172.70.47.160:10244 - "GET /sitemap.xml HTTP/1.1" 307
2026-06-01 07:11:16  INFO     uvicorn.access  162.159.113.131:13525 - "GET /robots.txt HTTP/1.1" 307
2026-06-01 07:11:18  INFO     uvicorn.access  172.70.47.160:10244 - "GET / HTTP/1.1" 200
2026-06-01 07:11:18  INFO     uvicorn.access  172.70.47.160:14015 - "GET / HTTP/1.1" 200
2026-06-01 07:11:24  INFO     uvicorn.access  172.70.47.159:14228 - "GET /manifest.json HTTP/1.1" 307
2026-06-01 07:11:24  INFO     uvicorn.access  172.70.47.159:14236 - "GET /asset-manifest.json HTTP/1.1" 307
2026-06-01 07:11:25  INFO     uvicorn.access  172.70.47.159:14228 - "GET /webpack-stats.json HTTP/1.1" 307
2026-06-01 07:11:35  INFO     uvicorn.access  172.70.47.160:11068 - "GET / HTTP/1.1" 200
2026-06-01 07:11:35  INFO     uvicorn.access  172.70.47.160:11072 - "GET / HTTP/1.1" 200
2026-06-01 07:11:35  INFO     uvicorn.access  172.70.47.159:12367 - "GET / HTTP/1.1" 200
2026-06-01 07:11:40  INFO     uvicorn.access  172.70.47.160:11068 - "GET /build-manifest.json HTTP/1.1" 307
2026-06-01 07:11:40  INFO     uvicorn.access  104.23.166.141:11941 - "GET /_next/static/buildManifest.js HTTP/1.1" 404
2026-06-01 07:11:41  INFO     uvicorn.access  172.70.47.160:11068 - "GET /_next/build-manifest.json HTTP/1.1" 404
2026-06-01 07:11:42  INFO     uvicorn.access  172.70.47.160:10345 - "GET / HTTP/1.1" 200
2026-06-01 07:11:43  INFO     uvicorn.access  172.70.47.160:11068 - "GET /.vite/manifest.json HTTP/1.1" 404
2026-06-01 07:11:44  INFO     uvicorn.access  172.70.47.160:10345 - "GET /.next/build-manifest.json HTTP/1.1" 404
2026-06-01 07:11:45  INFO     uvicorn.access  172.70.47.160:11068 - "GET /build/manifest.json HTTP/1.1" 404
2026-06-01 07:30:58  INFO     uvicorn.access  162.158.178.120:9504 - "GET / HTTP/1.1" 200
2026-06-01 07:30:59  INFO     uvicorn.access  172.68.211.187:14331 - "GET /static/css/common.css HTTP/1.1" 304
2026-06-01 07:30:59  INFO     uvicorn.access  162.158.193.216:12723 - "GET /static/css/home.css HTTP/1.1" 304
2026-06-01 07:30:59  INFO     uvicorn.access  162.159.98.152:11610 - "GET /static/js/common.js HTTP/1.1" 304
2026-06-01 07:30:59  INFO     uvicorn.access  162.158.178.120:9504 - "GET /api/announcement?page=home HTTP/1.1" 200
2026-06-01 07:31:01  INFO     uvicorn.access  162.158.178.120:9504 - "GET /play HTTP/1.1" 200
2026-06-01 07:31:01  INFO     uvicorn.access  172.68.211.5:12066 - "GET /static/css/play.css?v=1779876137 HTTP/1.1" 304
2026-06-01 07:31:02  INFO     uvicorn.access  162.158.193.100:9606 - "GET /static/js/play.js?v=1779876137 HTTP/1.1" 304
2026-06-01 07:31:02  INFO     uvicorn.access  162.158.178.120:9504 - "GET /api/announcement?page=play HTTP/1.1" 200
2026-06-01 07:31:02  INFO     uvicorn.access  162.158.178.121:13623 - "GET /api/history/usage HTTP/1.1" 401
2026-06-01 07:31:02  INFO     uvicorn.access  162.158.178.120:9504 - "GET /api/history/list HTTP/1.1" 401
2026-06-01 07:31:07  INFO     uvicorn.access  162.158.178.120:9504 - "GET /gallery HTTP/1.1" 200
2026-06-01 07:31:08  INFO     uvicorn.access  162.159.98.28:12100 - "GET /static/css/gallery.css?v=1779876137 HTTP/1.1" 200
2026-06-01 07:31:08  INFO     uvicorn.access  162.158.178.159:14272 - "GET /static/js/gallery.js?v=1779876137 HTTP/1.1" 200
2026-06-01 07:31:08  INFO     uvicorn.access  162.158.178.120:9504 - "GET /api/announcement?page=gallery HTTP/1.1" 200
2026-06-01 07:31:08  INFO     uvicorn.access  162.158.178.120:10909 - "POST /auth/verify HTTP/1.1" 200
2026-06-01 07:31:09  INFO     uvicorn.access  162.158.178.120:9504 - "GET /api/gallery/liked?fingerprint=36385750 HTTP/1.1" 200
2026-06-01 07:31:09  INFO     uvicorn.access  162.158.178.120:10909 - "GET /api/gallery/images?page=1&sort=likes HTTP/1.1" 200
2026-06-01 07:31:10  INFO     uvicorn.access  162.158.193.35:13654 - "GET /api/gallery/avatar/IMG_8531.png HTTP/1.1" 200
2026-06-01 07:31:10  INFO     uvicorn.access  162.158.193.69:9402 - "GET /api/gallery/avatar/IMG_8536.png HTTP/1.1" 200
2026-06-01 07:31:10  INFO     uvicorn.access  172.71.215.204:12658 - "GET /api/gallery/avatar/IMG_8559.png HTTP/1.1" 200
2026-06-01 07:31:10  INFO     uvicorn.access  162.158.193.196:13642 - "GET /api/gallery/avatar/IMG_8578.png HTTP/1.1" 200
2026-06-01 07:31:10  INFO     uvicorn.access  172.68.225.152:11007 - "GET /api/gallery/file/b9dcee91db814cababe7148f68511586.png HTTP/1.1" 200
2026-06-01 07:31:10  INFO     uvicorn.access  172.68.225.242:13087 - "GET /api/gallery/file/039985f90d01467c8aa2f27d4b719282.png HTTP/1.1" 200
2026-06-01 07:31:10  INFO     uvicorn.access  162.159.98.65:10859 - "GET /api/gallery/file/bf8659bfd921477e9b19db3dc33fb5b1.png HTTP/1.1" 200
2026-06-01 07:31:10  INFO     uvicorn.access  162.158.193.165:13553 - "GET /api/gallery/file/4146c931c3244121ae6704675aad583b.png HTTP/1.1" 200
2026-06-01 07:31:10  INFO     uvicorn.access  172.68.211.37:10925 - "GET /api/gallery/file/3afbc016ab104c9eb569ca1c3d813b39.png HTTP/1.1" 200
2026-06-01 07:31:10  INFO     uvicorn.access  172.68.211.81:10200 - "GET /api/gallery/file/5288082c3c2f480ba32bf60a2b7a0a8d.png HTTP/1.1" 200
2026-06-01 07:31:10  INFO     uvicorn.access  162.158.178.104:13890 - "GET /api/gallery/file/03ebfe77ba784cd4967369a9bf682555.png HTTP/1.1" 200
2026-06-01 07:31:10  INFO     uvicorn.access  162.158.193.153:13711 - "GET /api/gallery/file/504cff89cfa0457a983588b56e14224d.png HTTP/1.1" 200
2026-06-01 07:31:15  INFO     uvicorn.access  162.158.178.121:11336 - "GET /api/gallery/comments/8?sort=newest HTTP/1.1" 200
2026-06-01 07:31:15  INFO     uvicorn.access  162.158.178.121:11328 - "POST /api/gallery/view/8 HTTP/1.1" 200
2026-06-01 07:31:25  INFO     uvicorn.access  162.158.178.121:9314 - "GET /api/gallery/comments/6?sort=newest HTTP/1.1" 200
2026-06-01 07:31:25  INFO     uvicorn.access  162.158.178.120:11932 - "POST /api/gallery/view/6 HTTP/1.1" 200
2026-06-01 07:31:33  INFO     uvicorn.access  162.158.178.120:11639 - "POST /api/gallery/view/9 HTTP/1.1" 200
2026-06-01 07:31:33  INFO     uvicorn.access  162.158.178.120:11631 - "GET /api/gallery/comments/9?sort=newest HTTP/1.1" 200
2026-06-01 08:50:56  INFO     uvicorn.access  185.247.137.98:39681 - "GET / HTTP/1.1" 200
2026-06-01 10:23:00  INFO     uvicorn.access  172.239.71.245:35772 - "GET / HTTP/1.1" 200
2026-06-01 10:43:10  INFO     uvicorn.access  104.23.251.190:13788 - "GET / HTTP/1.1" 200
2026-06-01 10:43:11  INFO     uvicorn.access  162.158.91.115:12645 - "GET /static/css/common.css HTTP/1.1" 200
2026-06-01 10:43:11  INFO     uvicorn.access  162.158.91.169:9371 - "GET /static/css/home.css HTTP/1.1" 200
2026-06-01 10:43:11  INFO     uvicorn.access  172.64.217.136:9820 - "GET /static/js/common.js HTTP/1.1" 304
2026-06-01 10:43:11  INFO     uvicorn.access  104.23.251.190:13788 - "GET /api/announcement?page=home HTTP/1.1" 200
2026-06-01 10:43:26  INFO     uvicorn.access  104.23.251.190:10223 - "GET /play HTTP/1.1" 200
2026-06-01 10:43:27  INFO     uvicorn.access  172.70.215.22:11772 - "GET /static/css/play.css?v=1779876137 HTTP/1.1" 200
2026-06-01 10:43:27  INFO     uvicorn.access  172.69.33.65:13144 - "GET /static/js/play.js?v=1779876137 HTTP/1.1" 304
2026-06-01 10:43:27  INFO     uvicorn.access  104.23.251.190:10223 - "GET /api/announcement?page=play HTTP/1.1" 200
2026-06-01 10:43:27  INFO     uvicorn.access  104.23.251.190:10223 - "GET /api/history/usage HTTP/1.1" 200
2026-06-01 10:43:27  INFO     uvicorn.access  104.23.251.190:10223 - "GET /api/history/list HTTP/1.1" 200
2026-06-01 10:43:34  INFO     uvicorn.access  104.23.251.191:9384 - "GET /api/proxy/v1/models HTTP/1.1" 200
2026-06-01 10:46:54  INFO     uvicorn.access  104.23.251.172:10604 - "GET /api/history/image/Noram/1780218308825_2917_0.png?token=eyJpZCI6IDAsICJ1c2VybmFtZSI6ICJOb3JhbSIsICJyb2xlIjogMCwgImlzX2FkbWluIjogZmFsc2UsICJleHAiOiAxNzgyNjMzMzk0fQ%3D%3D.4e2817591cd61e3290b39ba7a32eff56 HTTP/1.1" 404
2026-06-01 10:46:54  INFO     uvicorn.access  172.69.33.43:12512 - "GET /api/history/image/Noram/1780218724503_2369_0.png?token=eyJpZCI6IDAsICJ1c2VybmFtZSI6ICJOb3JhbSIsICJyb2xlIjogMCwgImlzX2FkbWluIjogZmFsc2UsICJleHAiOiAxNzgyNjMzMzk0fQ%3D%3D.4e2817591cd61e3290b39ba7a32eff56 HTTP/1.1" 404
2026-06-01 10:46:54  INFO     uvicorn.access  104.23.251.5:12164 - "GET /api/history/image/Noram/1780218598098_1070_0.png?token=eyJpZCI6IDAsICJ1c2VybmFtZSI6ICJOb3JhbSIsICJyb2xlIjogMCwgImlzX2FkbWluIjogZmFsc2UsICJleHAiOiAxNzgyNjMzMzk0fQ%3D%3D.4e2817591cd61e3290b39ba7a32eff56 HTTP/1.1" 404
2026-06-01 10:46:54  INFO     uvicorn.access  172.64.217.20:12894 - "GET /api/history/image/Noram/1780219011368_9996_0.png?token=eyJpZCI6IDAsICJ1c2VybmFtZSI6ICJOb3JhbSIsICJyb2xlIjogMCwgImlzX2FkbWluIjogZmFsc2UsICJleHAiOiAxNzgyNjMzMzk0fQ%3D%3D.4e2817591cd61e3290b39ba7a32eff56 HTTP/1.1" 404
2026-06-01 10:46:54  INFO     uvicorn.access  172.64.217.109:11603 - "GET /api/history/image/Noram/1780217914963_7793_0.png?token=eyJpZCI6IDAsICJ1c2VybmFtZSI6ICJOb3JhbSIsICJyb2xlIjogMCwgImlzX2FkbWluIjogZmFsc2UsICJleHAiOiAxNzgyNjMzMzk0fQ%3D%3D.4e2817591cd61e3290b39ba7a32eff56 HTTP/1.1" 404
2026-06-01 10:46:54  INFO     uvicorn.access  104.23.251.118:11790 - "GET /api/history/image/Noram/1780217382786_5294_0.png?token=eyJpZCI6IDAsICJ1c2VybmFtZSI6ICJOb3JhbSIsICJyb2xlIjogMCwgImlzX2FkbWluIjogZmFsc2UsICJleHAiOiAxNzgyNjMzMzk0fQ%3D%3D.4e2817591cd61e3290b39ba7a32eff56 HTTP/1.1" 404
2026-06-01 10:46:54  INFO     uvicorn.access  104.23.251.178:14029 - "GET /api/history/image/Noram/1780218905862_9071_0.png?token=eyJpZCI6IDAsICJ1c2VybmFtZSI6ICJOb3JhbSIsICJyb2xlIjogMCwgImlzX2FkbWluIjogZmFsc2UsICJleHAiOiAxNzgyNjMzMzk0fQ%3D%3D.4e2817591cd61e3290b39ba7a32eff56 HTTP/1.1" 404
2026-06-01 10:46:54  INFO     uvicorn.access  162.158.187.199:11972 - "GET /api/history/image/Noram/1780218170442_5676_0.png?token=eyJpZCI6IDAsICJ1c2VybmFtZSI6ICJOb3JhbSIsICJyb2xlIjogMCwgImlzX2FkbWluIjogZmFsc2UsICJleHAiOiAxNzgyNjMzMzk0fQ%3D%3D.4e2817591cd61e3290b39ba7a32eff56 HTTP/1.1" 404
2026-06-01 10:46:54  INFO     uvicorn.access  162.158.187.200:12862 - "GET /api/history/image/Noram/1780215971016_1843_0.png?token=eyJpZCI6IDAsICJ1c2VybmFtZSI6ICJOb3JhbSIsICJyb2xlIjogMCwgImlzX2FkbWluIjogZmFsc2UsICJleHAiOiAxNzgyNjMzMzk0fQ%3D%3D.4e2817591cd61e3290b39ba7a32eff56 HTTP/1.1" 404
2026-06-01 10:46:54  INFO     uvicorn.access  172.70.207.204:12086 - "GET /api/history/image/Noram/1780216333284_4761_0.png?token=eyJpZCI6IDAsICJ1c2VybmFtZSI6ICJOb3JhbSIsICJyb2xlIjogMCwgImlzX2FkbWluIjogZmFsc2UsICJleHAiOiAxNzgyNjMzMzk0fQ%3D%3D.4e2817591cd61e3290b39ba7a32eff56 HTTP/1.1" 404
2026-06-01 10:46:54  INFO     uvicorn.access  172.64.217.216:9238 - "GET /api/history/image/Noram/1780216561758_1243_0.png?token=eyJpZCI6IDAsICJ1c2VybmFtZSI6ICJOb3JhbSIsICJyb2xlIjogMCwgImlzX2FkbWluIjogZmFsc2UsICJleHAiOiAxNzgyNjMzMzk0fQ%3D%3D.4e2817591cd61e3290b39ba7a32eff56 HTTP/1.1" 404
2026-06-01 10:46:54  INFO     uvicorn.access  172.70.215.118:13191 - "GET /api/history/image/Noram/1780216116901_2643_0.png?token=eyJpZCI6IDAsICJ1c2VybmFtZSI6ICJOb3JhbSIsICJyb2xlIjogMCwgImlzX2FkbWluIjogZmFsc2UsICJleHAiOiAxNzgyNjMzMzk0fQ%3D%3D.4e2817591cd61e3290b39ba7a32eff56 HTTP/1.1" 404
2026-06-01 10:46:54  INFO     uvicorn.access  172.64.217.139:13934 - "GET /api/history/image/Noram/1780215640617_9790_0.png?token=eyJpZCI6IDAsICJ1c2VybmFtZSI6ICJOb3JhbSIsICJyb2xlIjogMCwgImlzX2FkbWluIjogZmFsc2UsICJleHAiOiAxNzgyNjMzMzk0fQ%3D%3D.4e2817591cd61e3290b39ba7a32eff56 HTTP/1.1" 404
2026-06-01 10:46:54  INFO     uvicorn.access  162.158.90.41:12452 - "GET /api/history/image/Noram/1780217812758_5035_0.png?token=eyJpZCI6IDAsICJ1c2VybmFtZSI6ICJOb3JhbSIsICJyb2xlIjogMCwgImlzX2FkbWluIjogZmFsc2UsICJleHAiOiAxNzgyNjMzMzk0fQ%3D%3D.4e2817591cd61e3290b39ba7a32eff56 HTTP/1.1" 404
2026-06-01 10:46:54  INFO     uvicorn.access  172.70.207.154:12859 - "GET /api/history/image/Noram/1780215875212_4863_0.png?token=eyJpZCI6IDAsICJ1c2VybmFtZSI6ICJOb3JhbSIsICJyb2xlIjogMCwgImlzX2FkbWluIjogZmFsc2UsICJleHAiOiAxNzgyNjMzMzk0fQ%3D%3D.4e2817591cd61e3290b39ba7a32eff56 HTTP/1.1" 404
2026-06-01 10:46:59  INFO     uvicorn.access  104.22.17.188:10356 - "DELETE /api/history/batch/mptkfffhhtems HTTP/1.1" 200
2026-06-01 10:46:59  INFO     uvicorn.access  104.22.17.188:10356 - "DELETE /api/history/batch/mptkd77u34ir4 HTTP/1.1" 200
2026-06-01 10:46:59  INFO     uvicorn.access  104.22.17.132:12529 - "GET /api/history/usage HTTP/1.1" 200
2026-06-01 10:47:00  INFO     uvicorn.access  104.23.251.191:11089 - "GET /api/history/usage HTTP/1.1" 200
2026-06-01 10:47:00  INFO     uvicorn.access  104.22.17.188:10356 - "DELETE /api/history/batch/mptk9assfttug HTTP/1.1" 200
2026-06-01 10:47:00  INFO     uvicorn.access  104.23.251.191:11089 - "GET /api/history/usage HTTP/1.1" 200
2026-06-01 10:47:00  INFO     uvicorn.access  104.23.251.191:11096 - "DELETE /api/history/batch/mptk6khc5rijc HTTP/1.1" 200
2026-06-01 10:47:00  INFO     uvicorn.access  104.23.251.191:11089 - "GET /api/history/usage HTTP/1.1" 200
2026-06-01 10:47:00  INFO     uvicorn.access  104.23.251.191:11096 - "DELETE /api/history/batch/mptk0bjetyyj0 HTTP/1.1" 200
2026-06-01 10:47:00  INFO     uvicorn.access  104.23.251.191:11089 - "GET /api/history/usage HTTP/1.1" 200
2026-06-01 10:47:00  INFO     uvicorn.access  104.23.251.191:11096 - "DELETE /api/history/batch/mptjxcrxylula HTTP/1.1" 200
2026-06-01 10:47:01  INFO     uvicorn.access  104.23.251.191:11089 - "GET /api/history/usage HTTP/1.1" 200
2026-06-01 10:47:01  INFO     uvicorn.access  104.23.251.191:11096 - "DELETE /api/history/batch/mptjrx9aakygu HTTP/1.1" 200
2026-06-01 10:47:01  INFO     uvicorn.access  104.23.251.191:11089 - "GET /api/history/usage HTTP/1.1" 200
2026-06-01 10:47:01  INFO     uvicorn.access  104.23.251.191:11096 - "DELETE /api/history/batch/mptjppxqpqwrh HTTP/1.1" 200
2026-06-01 10:47:01  INFO     uvicorn.access  104.23.251.191:11096 - "GET /api/history/usage HTTP/1.1" 200
2026-06-01 10:47:01  INFO     uvicorn.access  104.23.251.191:11089 - "DELETE /api/history/batch/mptjgiml1nq90 HTTP/1.1" 200
2026-06-01 10:47:02  INFO     uvicorn.access  104.23.251.191:11089 - "GET /api/history/usage HTTP/1.1" 200
2026-06-01 10:47:02  INFO     uvicorn.access  104.23.251.191:11096 - "DELETE /api/history/batch/mptiyyvbt6as0 HTTP/1.1" 200
2026-06-01 10:47:02  INFO     uvicorn.access  104.23.251.191:11089 - "DELETE /api/history/batch/mpqmly08lwsek HTTP/1.1" 200
2026-06-01 10:47:02  INFO     uvicorn.access  104.23.251.191:11096 - "GET /api/history/usage HTTP/1.1" 200
2026-06-01 10:47:02  INFO     uvicorn.access  104.23.251.191:11089 - "DELETE /api/history/batch/mptiu28aykx8o HTTP/1.1" 200
2026-06-01 10:47:02  INFO     uvicorn.access  104.23.251.191:11096 - "GET /api/history/usage HTTP/1.1" 200
2026-06-01 10:47:02  INFO     uvicorn.access  104.23.251.191:11089 - "DELETE /api/history/batch/mptipfjlvp4me HTTP/1.1" 200
2026-06-01 10:47:03  INFO     uvicorn.access  104.23.251.191:11096 - "GET /api/history/usage HTTP/1.1" 200
2026-06-01 10:47:03  INFO     uvicorn.access  104.23.251.191:11089 - "GET /api/history/usage HTTP/1.1" 200
2026-06-01 10:47:03  INFO     uvicorn.access  104.23.251.191:11096 - "DELETE /api/history/batch/mptimcfwqeu2g HTTP/1.1" 200
2026-06-01 10:47:03  INFO     uvicorn.access  104.23.251.191:11089 - "GET /api/history/usage HTTP/1.1" 200
2026-06-01 10:47:03  INFO     uvicorn.access  104.23.251.191:11096 - "DELETE /api/history/batch/mptik8uiiv93j HTTP/1.1" 200
2026-06-01 10:47:04  INFO     uvicorn.access  104.23.251.191:11089 - "GET /api/history/usage HTTP/1.1" 200
2026-06-01 10:47:04  INFO     uvicorn.access  104.23.251.191:11096 - "DELETE /api/history/batch/mptif900iaiye HTTP/1.1" 200
2026-06-01 10:47:04  INFO     uvicorn.access  104.23.251.191:11089 - "GET /api/history/usage HTTP/1.1" 200
2026-06-01 10:47:04  INFO     uvicorn.access  104.23.251.191:11096 - "DELETE /api/history/batch/mptib1crfkawa HTTP/1.1" 200
2026-06-01 10:47:05  INFO     uvicorn.access  104.23.251.191:11089 - "GET /api/history/usage HTTP/1.1" 200
2026-06-01 10:47:05  INFO     uvicorn.access  104.23.251.191:11096 - "DELETE /api/history/batch/mpti7pvssrx0c HTTP/1.1" 200
2026-06-01 10:47:05  INFO     uvicorn.access  104.23.251.191:11089 - "GET /api/history/usage HTTP/1.1" 200
2026-06-01 10:47:05  INFO     uvicorn.access  104.23.251.191:11096 - "DELETE /api/history/batch/mpti0qhxshrbd HTTP/1.1" 200
2026-06-01 10:47:05  INFO     uvicorn.access  104.23.251.191:11096 - "GET /api/history/usage HTTP/1.1" 200
2026-06-01 10:47:05  INFO     uvicorn.access  104.23.251.191:11089 - "DELETE /api/history/batch/mpthyr16ka0i5 HTTP/1.1" 200
2026-06-01 10:47:06  INFO     uvicorn.access  104.23.251.191:11096 - "GET /api/history/usage HTTP/1.1" 200
2026-06-01 10:47:06  INFO     uvicorn.access  104.23.251.191:11089 - "DELETE /api/history/batch/mpthno2volxc9 HTTP/1.1" 200
2026-06-01 10:47:06  INFO     uvicorn.access  104.23.251.191:11096 - "DELETE /api/history/batch/mpthi1zufpa13 HTTP/1.1" 200
2026-06-01 10:47:06  INFO     uvicorn.access  104.23.251.191:11089 - "GET /api/history/usage HTTP/1.1" 200
2026-06-01 10:47:06  INFO     uvicorn.access  104.23.251.191:11096 - "DELETE /api/history/batch/mpthe4zvm5jew HTTP/1.1" 200
2026-06-01 10:47:06  INFO     uvicorn.access  104.23.251.191:11096 - "GET /api/history/usage HTTP/1.1" 200
2026-06-01 10:47:06  INFO     uvicorn.access  104.23.251.191:11089 - "DELETE /api/history/batch/mpthazqvtb9ov HTTP/1.1" 200
2026-06-01 10:47:06  INFO     uvicorn.access  104.23.251.191:11096 - "DELETE /api/history/batch/mpth6bsvs37yj HTTP/1.1" 200
2026-06-01 10:47:07  INFO     uvicorn.access  104.23.251.191:11089 - "GET /api/history/usage HTTP/1.1" 200
2026-06-01 10:47:07  INFO     uvicorn.access  104.23.251.191:11096 - "DELETE /api/history/batch/mptgrts8o9vny HTTP/1.1" 200
2026-06-01 10:47:07  INFO     uvicorn.access  104.23.251.191:11089 - "DELETE /api/history/batch/mptgizpml3ipr HTTP/1.1" 200
2026-06-01 10:47:07  INFO     uvicorn.access  104.23.251.191:11096 - "GET /api/history/usage HTTP/1.1" 200
2026-06-01 10:47:07  INFO     uvicorn.access  104.23.251.191:11089 - "DELETE /api/history/batch/mptgein9ufsr0 HTTP/1.1" 200
2026-06-01 10:47:07  INFO     uvicorn.access  104.23.251.191:11096 - "DELETE /api/history/batch/mptg6e85ip2ks HTTP/1.1" 200
2026-06-01 10:47:07  INFO     uvicorn.access  104.23.251.191:11089 - "GET /api/history/usage HTTP/1.1" 200
2026-06-01 10:47:07  INFO     uvicorn.access  104.23.251.191:11096 - "DELETE /api/history/batch/mptg3o1k1i8tp HTTP/1.1" 200
2026-06-01 10:47:07  INFO     uvicorn.access  104.23.251.191:11089 - "DELETE /api/history/batch/mptg3o1k1i8tp HTTP/1.1" 200
2026-06-01 10:47:08  INFO     uvicorn.access  104.23.251.191:11096 - "GET /api/history/usage HTTP/1.1" 200
2026-06-01 10:47:08  INFO     uvicorn.access  104.23.251.191:11096 - "DELETE /api/history/batch/mptfskcbc9p0o HTTP/1.1" 200
2026-06-01 10:47:08  INFO     uvicorn.access  104.23.251.191:11089 - "DELETE /api/history/batch/mptfskcbc9p0o HTTP/1.1" 200
2026-06-01 10:47:08  INFO     uvicorn.access  104.23.251.191:11096 - "GET /api/history/usage HTTP/1.1" 200
2026-06-01 10:47:08  INFO     uvicorn.access  104.23.251.191:11096 - "DELETE /api/history/batch/mptfjg1s2nm01 HTTP/1.1" 200
2026-06-01 10:47:08  INFO     uvicorn.access  104.23.251.191:11089 - "DELETE /api/history/batch/mptfjg1s2nm01 HTTP/1.1" 200
2026-06-01 10:47:08  INFO     uvicorn.access  104.23.251.191:11096 - "GET /api/history/usage HTTP/1.1" 200
2026-06-01 10:47:08  INFO     uvicorn.access  104.23.251.191:11089 - "DELETE /api/history/batch/mptf8h6ltcmby HTTP/1.1" 200
2026-06-01 10:47:08  INFO     uvicorn.access  104.23.251.191:11096 - "DELETE /api/history/batch/mptf8h6ltcmby HTTP/1.1" 200
2026-06-01 10:47:08  INFO     uvicorn.access  104.23.251.191:11089 - "GET /api/history/usage HTTP/1.1" 200
2026-06-01 10:47:09  INFO     uvicorn.access  104.23.251.191:11089 - "DELETE /api/history/batch/mptf10hc4zm4u HTTP/1.1" 200
2026-06-01 10:47:09  INFO     uvicorn.access  104.23.251.191:11096 - "DELETE /api/history/batch/mptf10hc4zm4u HTTP/1.1" 200
2026-06-01 10:47:09  INFO     uvicorn.access  104.23.251.191:11089 - "GET /api/history/usage HTTP/1.1" 200
2026-06-01 10:47:09  INFO     uvicorn.access  104.23.251.191:11096 - "DELETE /api/history/batch/mptely8hs21ex HTTP/1.1" 200
2026-06-01 10:47:09  INFO     uvicorn.access  104.23.251.191:11089 - "DELETE /api/history/batch/mpteg4rcd91nf HTTP/1.1" 200
2026-06-01 10:47:09  INFO     uvicorn.access  104.23.251.191:11096 - "GET /api/history/usage HTTP/1.1" 200
2026-06-01 10:47:09  INFO     uvicorn.access  104.23.251.191:11096 - "DELETE /api/history/batch/mpted0if1wplm HTTP/1.1" 200
2026-06-01 10:47:09  INFO     uvicorn.access  104.23.251.191:11089 - "DELETE /api/history/batch/mpte861ds1z69 HTTP/1.1" 200
2026-06-01 10:47:09  INFO     uvicorn.access  104.23.251.191:11096 - "GET /api/history/usage HTTP/1.1" 200
2026-06-01 10:47:09  INFO     uvicorn.access  104.23.251.191:12120 - "GET /api/history/usage HTTP/1.1" 200
2026-06-01 10:47:09  INFO     uvicorn.access  104.23.251.191:11096 - "DELETE /api/history/batch/mpte4r5l8f190 HTTP/1.1" 200
2026-06-01 10:47:09  INFO     uvicorn.access  104.23.251.190:10214 - "DELETE /api/history/batch/mpte4r5l8f190 HTTP/1.1" 200
2026-06-01 10:47:09  INFO     uvicorn.access  104.23.251.191:11089 - "DELETE /api/history/clear HTTP/1.1" 200
2026-06-01 10:47:10  INFO     uvicorn.access  104.23.251.191:12120 - "GET /api/history/usage HTTP/1.1" 200
2026-06-01 10:47:10  INFO     uvicorn.access  104.23.251.191:11096 - "GET /api/history/usage HTTP/1.1" 200
2026-06-01 10:47:10  INFO     uvicorn.access  104.23.251.190:10214 - "GET /api/history/usage HTTP/1.1" 200
2026-06-01 10:47:10  INFO     uvicorn.access  104.23.251.191:11089 - "GET /api/history/usage HTTP/1.1" 200
2026-06-01 10:47:11  INFO     uvicorn.access  104.23.251.191:12120 - "GET /api/history/usage HTTP/1.1" 200
2026-06-01 10:47:11  INFO     uvicorn.access  104.23.251.191:11096 - "GET /api/history/usage HTTP/1.1" 200
2026-06-01 10:47:11  INFO     uvicorn.access  104.23.251.190:10214 - "GET /api/history/usage HTTP/1.1" 200
2026-06-01 10:47:11  INFO     uvicorn.access  104.23.251.191:11089 - "GET /api/history/usage HTTP/1.1" 200
2026-06-01 10:47:12  INFO     uvicorn.access  104.23.251.191:12120 - "GET /api/history/usage HTTP/1.1" 200
2026-06-01 10:47:12  INFO     uvicorn.access  104.23.251.191:11096 - "GET /api/history/usage HTTP/1.1" 200
2026-06-01 10:47:12  INFO     uvicorn.access  104.23.251.190:10214 - "GET /api/history/usage HTTP/1.1" 200
2026-06-01 10:47:13  INFO     uvicorn.access  104.23.251.191:11089 - "GET /api/history/usage HTTP/1.1" 200
2026-06-01 10:47:13  INFO     uvicorn.access  104.23.251.191:12120 - "GET /api/history/usage HTTP/1.1" 200
2026-06-01 10:48:51  INFO     uvicorn.access  104.23.251.191:11096 - "POST /api/proxy/v1/images/edits HTTP/1.1" 200
2026-06-01 10:48:54  INFO     uvicorn.access  104.23.251.191:11096 - "POST /api/history/save HTTP/1.1" 200
2026-06-01 10:48:54  INFO     uvicorn.access  104.23.251.191:11096 - "GET /api/history/usage HTTP/1.1" 200
2026-06-01 10:49:45  WARNING  app.routers.api_proxy  代理请求异常: https://newapi-cf.qianqianye.com/v1/images/edits 
2026-06-01 10:51:47  INFO     uvicorn.access  104.23.251.191:12296 - "POST /api/proxy/v1/images/edits HTTP/1.1" 200
2026-06-01 10:51:50  INFO     uvicorn.access  104.23.251.191:12296 - "POST /api/history/save HTTP/1.1" 200
2026-06-01 10:51:50  INFO     uvicorn.access  104.23.251.191:12296 - "GET /api/history/usage HTTP/1.1" 200
2026-06-01 10:54:29  INFO     uvicorn.access  104.23.251.190:12397 - "POST /api/proxy/v1/images/edits HTTP/1.1" 200
2026-06-01 10:54:31  INFO     uvicorn.access  104.23.251.190:12397 - "POST /api/history/save HTTP/1.1" 200
2026-06-01 10:54:31  INFO     uvicorn.access  104.23.251.190:12397 - "GET /api/history/usage HTTP/1.1" 200
2026-06-01 11:05:46  INFO     uvicorn.access  104.23.251.191:9980 - "POST /api/proxy/v1/images/edits HTTP/1.1" 200
2026-06-01 11:05:51  INFO     uvicorn.access  104.23.251.191:9980 - "POST /api/history/save HTTP/1.1" 200
2026-06-01 11:05:52  INFO     uvicorn.access  104.23.251.191:9980 - "GET /api/history/usage HTTP/1.1" 200
2026-06-01 11:48:24  INFO     uvicorn.access  47.95.196.164:47368 - "GET / HTTP/1.0" 200
2026-06-01 11:48:29  INFO     uvicorn.access  47.95.196.164:47502 - "GET /nmaplowercheck1780314508 HTTP/1.1" 307
2026-06-01 11:48:29  INFO     uvicorn.access  47.95.196.164:47504 - "POST /sdk HTTP/1.1" 405
2026-06-01 11:48:29  INFO     uvicorn.access  47.95.196.164:47506 - "GET / HTTP/1.0" 200
2026-06-01 11:48:29  INFO     uvicorn.access  47.95.196.164:47518 - "GET /HNAP1 HTTP/1.1" 307
2026-06-01 11:48:29  INFO     uvicorn.access  47.95.196.164:47520 - "GET /evox/about HTTP/1.1" 404
2026-06-01 11:48:39  WARNING  uvicorn.error  Invalid HTTP request received.
2026-06-01 11:48:39  WARNING  uvicorn.error  Invalid HTTP request received.
2026-06-01 11:48:40  INFO     uvicorn.access  47.95.196.164:47766 - "GET / HTTP/1.0" 200
2026-06-01 11:48:40  INFO     uvicorn.access  47.95.196.164:47770 - "GET / HTTP/1.1" 200
2026-06-01 11:49:44  INFO     uvicorn.access  172.71.95.25:10880 - "GET /.env HTTP/1.1" 307
2026-06-01 11:49:44  INFO     uvicorn.access  172.71.98.54:13240 - "GET / HTTP/1.1" 200
2026-06-01 12:04:10  INFO     uvicorn.access  172.71.212.8:13052 - "GET / HTTP/1.1" 200
2026-06-01 12:04:11  INFO     uvicorn.access  162.159.108.116:14304 - "GET /static/css/common.css HTTP/1.1" 304
2026-06-01 12:04:11  INFO     uvicorn.access  172.70.49.253:12066 - "GET /static/css/home.css HTTP/1.1" 304
2026-06-01 12:04:11  INFO     uvicorn.access  172.70.223.143:9926 - "GET /static/js/common.js HTTP/1.1" 304
2026-06-01 12:04:14  INFO     uvicorn.access  172.71.212.8:13052 - "GET /api/announcement?page=home HTTP/1.1" 200
2026-06-01 12:04:16  INFO     uvicorn.access  172.71.212.8:13052 - "GET /play HTTP/1.1" 200
2026-06-01 12:04:16  INFO     uvicorn.access  172.71.8.23:9824 - "GET /static/css/play.css?v=1779876137 HTTP/1.1" 304
2026-06-01 12:04:16  INFO     uvicorn.access  172.64.213.91:10445 - "GET /static/js/play.js?v=1779876137 HTTP/1.1" 304
2026-06-01 12:04:16  INFO     uvicorn.access  172.71.212.8:13052 - "GET /api/announcement?page=play HTTP/1.1" 200
2026-06-01 12:04:17  INFO     uvicorn.access  172.71.212.7:9348 - "GET /api/history/usage HTTP/1.1" 401
2026-06-01 12:04:17  INFO     uvicorn.access  172.71.212.8:13052 - "GET /api/history/list HTTP/1.1" 401
2026-06-01 12:04:21  INFO     uvicorn.access  172.71.212.7:9348 - "GET /api/proxy/v1/models HTTP/1.1" 200
2026-06-01 12:04:26  INFO     uvicorn.access  172.64.217.53:11946 - "GET / HTTP/1.1" 200
2026-06-01 12:04:27  INFO     uvicorn.access  172.64.217.53:11946 - "GET /play HTTP/1.1" 200
2026-06-01 12:04:27  INFO     uvicorn.access  172.70.206.95:14015 - "GET /api/announcement?page=home HTTP/1.1" 200
2026-06-01 12:04:27  INFO     uvicorn.access  172.64.217.53:11946 - "GET /api/announcement?page=play HTTP/1.1" 200
2026-06-01 12:04:31  INFO     uvicorn.access  172.70.206.95:14015 - "GET / HTTP/1.1" 200
2026-06-01 12:04:32  INFO     uvicorn.access  172.70.206.95:14015 - "GET /api/announcement?page=home HTTP/1.1" 200
2026-06-01 12:04:32  INFO     uvicorn.access  172.69.33.11:11626 - "GET /gallery HTTP/1.1" 200
2026-06-01 12:04:33  INFO     uvicorn.access  172.64.217.40:13507 - "GET /static/css/gallery.css?v=1779876137 HTTP/1.1" 200
2026-06-01 12:04:33  INFO     uvicorn.access  172.70.215.50:12326 - "GET /static/js/gallery.js?v=1779876137 HTTP/1.1" 200
2026-06-01 12:04:33  INFO     uvicorn.access  172.69.33.37:11939 - "GET /api/announcement?page=gallery HTTP/1.1" 200
2026-06-01 12:04:33  INFO     uvicorn.access  104.23.251.190:9909 - "GET /api/gallery/liked?fingerprint=628054d1 HTTP/1.1" 200
2026-06-01 12:04:34  INFO     uvicorn.access  104.23.251.190:9909 - "GET /api/gallery/images?page=1&sort=likes HTTP/1.1" 200
2026-06-01 12:04:34  INFO     uvicorn.access  162.158.187.136:10360 - "GET /api/gallery/file/b9dcee91db814cababe7148f68511586.png HTTP/1.1" 200
2026-06-01 12:04:34  INFO     uvicorn.access  172.70.214.38:11573 - "GET /api/gallery/file/4146c931c3244121ae6704675aad583b.png HTTP/1.1" 200
2026-06-01 12:04:34  INFO     uvicorn.access  162.158.187.70:12125 - "GET /api/gallery/avatar/IMG_8536.png HTTP/1.1" 200
2026-06-01 12:04:34  INFO     uvicorn.access  172.70.207.44:9242 - "GET /api/gallery/avatar/IMG_8559.png HTTP/1.1" 200
2026-06-01 12:04:34  INFO     uvicorn.access  172.70.206.44:11125 - "GET /api/gallery/file/039985f90d01467c8aa2f27d4b719282.png HTTP/1.1" 200
2026-06-01 12:04:35  INFO     uvicorn.access  162.158.90.58:10416 - "GET /api/gallery/avatar/IMG_8531.png HTTP/1.1" 200
2026-06-01 12:04:35  INFO     uvicorn.access  172.64.217.124:10392 - "GET /api/gallery/file/bf8659bfd921477e9b19db3dc33fb5b1.png HTTP/1.1" 200
2026-06-01 12:04:36  INFO     uvicorn.access  162.158.90.144:10815 - "GET /api/gallery/file/3afbc016ab104c9eb569ca1c3d813b39.png HTTP/1.1" 200
2026-06-01 12:04:36  INFO     uvicorn.access  172.69.33.27:14010 - "GET /api/gallery/file/504cff89cfa0457a983588b56e14224d.png HTTP/1.1" 200
2026-06-01 12:04:37  INFO     uvicorn.access  172.70.207.183:9890 - "GET /api/gallery/file/03ebfe77ba784cd4967369a9bf682555.png HTTP/1.1" 200
2026-06-01 12:07:08  INFO     uvicorn.access  172.71.212.7:9604 - "POST /api/proxy/v1/images/edits HTTP/1.1" 200
2026-06-01 12:07:10  INFO     uvicorn.access  172.71.212.7:9604 - "POST /api/history/save HTTP/1.1" 401
2026-06-01 12:07:11  INFO     uvicorn.access  172.71.212.8:14274 - "GET /api/history/usage HTTP/1.1" 401
2026-06-01 12:09:50  INFO     uvicorn.access  172.71.212.7:10053 - "POST /api/proxy/v1/images/edits HTTP/1.1" 200
2026-06-01 12:09:53  INFO     uvicorn.access  172.71.212.7:10053 - "POST /api/history/save HTTP/1.1" 401
2026-06-01 12:09:54  INFO     uvicorn.access  172.71.212.8:11008 - "GET /api/history/usage HTTP/1.1" 401
2026-06-01 12:10:13  INFO     uvicorn.access  172.71.212.8:11464 - "GET /play HTTP/1.1" 200
2026-06-01 12:10:14  INFO     uvicorn.access  172.71.212.8:11464 - "GET /api/announcement?page=play HTTP/1.1" 200
2026-06-01 12:10:14  INFO     uvicorn.access  172.71.212.8:11470 - "GET /api/history/usage HTTP/1.1" 401
2026-06-01 12:10:15  INFO     uvicorn.access  172.71.212.8:11464 - "GET /api/history/list HTTP/1.1" 401
2026-06-01 12:10:18  INFO     uvicorn.access  172.71.212.8:11470 - "GET /api/proxy/v1/models HTTP/1.1" 200
2026-06-01 12:10:24  INFO     uvicorn.access  172.71.212.8:9872 - "GET /api/proxy/v1/models HTTP/1.1" 200
2026-06-01 12:13:24  WARNING  app.routers.api_proxy  代理上游返回 HTML 错误 [524] https://newapi-cf.qianqianye.com/v1/images/edits: <!DOCTYPE html>
<!--[if lt IE 7]> <html class="no-js ie6 oldie" lang="en-US"> <![endif]-->
<!--[if I
2026-06-01 12:15:49  INFO     uvicorn.access  104.23.225.89:9289 - "POST /api/proxy/v1/images/edits HTTP/1.1" 200
2026-06-01 12:15:52  INFO     uvicorn.access  104.23.225.89:9289 - "POST /api/history/save HTTP/1.1" 401
2026-06-01 12:15:54  INFO     uvicorn.access  104.23.225.88:13116 - "GET /api/history/usage HTTP/1.1" 401
2026-06-01 12:21:12  INFO     uvicorn.access  172.64.213.153:13086 - "POST /api/proxy/v1/images/edits HTTP/1.1" 200
2026-06-01 12:21:17  INFO     uvicorn.access  172.64.213.153:9423 - "POST /api/history/save HTTP/1.1" 401
2026-06-01 12:21:21  INFO     uvicorn.access  172.64.213.153:12056 - "GET /api/history/usage HTTP/1.1" 401
2026-06-01 13:08:57  INFO     uvicorn.access  172.64.215.62:11559 - "GET /play HTTP/1.1" 200
2026-06-01 13:08:58  INFO     uvicorn.access  172.64.215.62:11559 - "GET /api/announcement?page=play HTTP/1.1" 200
2026-06-01 13:09:41  INFO     uvicorn.access  172.71.210.15:12356 - "GET /play HTTP/1.1" 200
2026-06-01 13:09:41  INFO     uvicorn.access  172.68.211.186:12405 - "GET /static/css/common.css HTTP/1.1" 304
2026-06-01 13:09:41  INFO     uvicorn.access  172.68.211.5:13039 - "GET /static/css/play.css?v=1779876137 HTTP/1.1" 304
2026-06-01 13:09:41  INFO     uvicorn.access  162.159.98.152:13264 - "GET /static/js/common.js HTTP/1.1" 304
2026-06-01 13:09:41  INFO     uvicorn.access  162.158.193.100:10723 - "GET /static/js/play.js?v=1779876137 HTTP/1.1" 304
2026-06-01 13:09:42  INFO     uvicorn.access  104.23.251.191:10569 - "GET /play HTTP/1.1" 200
2026-06-01 13:09:42  INFO     uvicorn.access  162.158.91.115:11336 - "GET /static/css/common.css HTTP/1.1" 304
2026-06-01 13:09:42  INFO     uvicorn.access  172.70.215.22:13124 - "GET /static/css/play.css?v=1779876137 HTTP/1.1" 304
2026-06-01 13:09:42  INFO     uvicorn.access  172.64.217.137:13249 - "GET /static/js/common.js HTTP/1.1" 304
2026-06-01 13:09:42  INFO     uvicorn.access  172.69.33.64:13204 - "GET /static/js/play.js?v=1779876137 HTTP/1.1" 304
2026-06-01 13:09:42  INFO     uvicorn.access  104.23.251.191:10569 - "GET /api/announcement?page=play HTTP/1.1" 200
2026-06-01 13:09:42  INFO     uvicorn.access  172.71.210.15:12356 - "GET /api/announcement?page=play HTTP/1.1" 200
2026-06-01 13:09:57  INFO     uvicorn.access  104.23.251.191:10520 - "GET /gallery HTTP/1.1" 200
2026-06-01 13:09:58  INFO     uvicorn.access  104.23.251.191:10520 - "GET /api/announcement?page=gallery HTTP/1.1" 200
2026-06-01 13:09:58  INFO     uvicorn.access  104.23.251.191:10520 - "GET /api/gallery/liked?fingerprint=5470b160 HTTP/1.1" 200
2026-06-01 13:09:58  INFO     uvicorn.access  104.23.251.191:10520 - "GET /api/gallery/images?page=1&sort=likes HTTP/1.1" 200
2026-06-01 13:09:59  INFO     uvicorn.access  104.23.251.94:13454 - "GET /api/gallery/avatar/IMG_8578.png HTTP/1.1" 200
2026-06-01 13:09:59  INFO     uvicorn.access  162.158.187.131:11611 - "GET /api/gallery/file/5288082c3c2f480ba32bf60a2b7a0a8d.png HTTP/1.1" 200
2026-06-01 13:10:00  INFO     uvicorn.access  104.23.251.191:10520 - "GET /docs HTTP/1.1" 200
2026-06-01 13:10:00  INFO     uvicorn.access  172.70.214.31:10365 - "GET /static/css/docs.css?v=1779876137 HTTP/1.1" 200
2026-06-01 13:10:00  INFO     uvicorn.access  104.23.251.191:10520 - "GET /api/announcement?page=docs HTTP/1.1" 200
2026-06-01 13:10:07  INFO     uvicorn.access  104.23.251.191:12989 - "GET /play HTTP/1.1" 200
2026-06-01 13:10:26  INFO     uvicorn.access  172.71.210.15:10930 - "GET /docs HTTP/1.1" 200
2026-06-01 13:10:27  INFO     uvicorn.access  162.159.98.204:11508 - "GET /static/css/docs.css?v=1779876137 HTTP/1.1" 200
2026-06-01 13:10:27  INFO     uvicorn.access  172.71.210.15:10930 - "GET /api/announcement?page=docs HTTP/1.1" 200
2026-06-01 13:13:14  INFO     uvicorn.access  162.158.193.212:11243 - "GET /play HTTP/1.1" 200
2026-06-01 13:13:15  INFO     uvicorn.access  162.158.193.212:11243 - "GET /api/announcement?page=play HTTP/1.1" 200
2026-06-01 13:13:16  INFO     uvicorn.access  162.158.193.212:11243 - "GET /gallery HTTP/1.1" 200
2026-06-01 13:13:16  INFO     uvicorn.access  162.159.98.29:10504 - "GET /static/css/gallery.css?v=1779876137 HTTP/1.1" 304
2026-06-01 13:13:16  INFO     uvicorn.access  162.158.178.158:9345 - "GET /static/js/gallery.js?v=1779876137 HTTP/1.1" 304
2026-06-01 13:13:16  INFO     uvicorn.access  162.158.193.212:11243 - "GET /api/announcement?page=gallery HTTP/1.1" 200
2026-06-01 13:13:17  INFO     uvicorn.access  162.158.193.212:9618 - "GET /api/gallery/liked?fingerprint=66229a3a HTTP/1.1" 200
2026-06-01 13:13:17  INFO     uvicorn.access  162.158.193.212:11243 - "GET /api/gallery/images?page=1&sort=likes HTTP/1.1" 200
2026-06-01 13:13:17  INFO     uvicorn.access  162.158.193.69:12591 - "GET /api/gallery/avatar/IMG_8536.png HTTP/1.1" 200
2026-06-01 13:13:17  INFO     uvicorn.access  172.71.215.203:10831 - "GET /api/gallery/avatar/IMG_8559.png HTTP/1.1" 200
2026-06-01 13:13:17  INFO     uvicorn.access  162.158.193.35:11862 - "GET /api/gallery/avatar/IMG_8531.png HTTP/1.1" 200
2026-06-01 13:13:17  INFO     uvicorn.access  162.158.193.196:13529 - "GET /api/gallery/avatar/IMG_8578.png HTTP/1.1" 200
2026-06-01 13:13:17  INFO     uvicorn.access  172.68.225.152:13503 - "GET /api/gallery/file/b9dcee91db814cababe7148f68511586.png HTTP/1.1" 200
2026-06-01 13:13:17  INFO     uvicorn.access  162.158.193.165:11733 - "GET /api/gallery/file/4146c931c3244121ae6704675aad583b.png HTTP/1.1" 200
2026-06-01 13:13:17  INFO     uvicorn.access  172.68.225.242:11277 - "GET /api/gallery/file/039985f90d01467c8aa2f27d4b719282.png HTTP/1.1" 200
2026-06-01 13:13:17  INFO     uvicorn.access  162.159.98.64:10273 - "GET /api/gallery/file/bf8659bfd921477e9b19db3dc33fb5b1.png HTTP/1.1" 200
2026-06-01 13:13:17  INFO     uvicorn.access  162.158.193.153:13734 - "GET /api/gallery/file/504cff89cfa0457a983588b56e14224d.png HTTP/1.1" 200
2026-06-01 13:13:17  INFO     uvicorn.access  172.68.211.37:13486 - "GET /api/gallery/file/3afbc016ab104c9eb569ca1c3d813b39.png HTTP/1.1" 200
2026-06-01 13:13:17  INFO     uvicorn.access  162.158.178.105:13367 - "GET /api/gallery/file/03ebfe77ba784cd4967369a9bf682555.png HTTP/1.1" 200
2026-06-01 13:13:17  INFO     uvicorn.access  172.68.211.80:11942 - "GET /api/gallery/file/5288082c3c2f480ba32bf60a2b7a0a8d.png HTTP/1.1" 200
2026-06-01 13:13:26  INFO     uvicorn.access  162.158.193.212:9623 - "POST /api/gallery/view/4 HTTP/1.1" 200
2026-06-01 13:13:26  INFO     uvicorn.access  162.158.193.213:13706 - "GET /api/gallery/comments/4?sort=newest HTTP/1.1" 200
2026-06-01 13:13:32  INFO     uvicorn.access  162.158.193.212:9222 - "GET /gallery HTTP/1.1" 200
2026-06-01 13:13:32  INFO     uvicorn.access  162.158.193.212:9222 - "GET /api/announcement?page=gallery HTTP/1.1" 200
2026-06-01 13:13:32  INFO     uvicorn.access  162.158.193.212:9228 - "GET /api/gallery/liked?fingerprint=66229a3a HTTP/1.1" 200
2026-06-01 13:13:33  INFO     uvicorn.access  162.158.193.212:9222 - "GET /api/gallery/images?page=1&sort=likes HTTP/1.1" 200
2026-06-01 14:55:15  INFO     uvicorn.access  172.68.225.118:12925 - "GET /play HTTP/1.1" 200
2026-06-01 14:55:15  INFO     uvicorn.access  172.68.225.118:12925 - "GET /api/announcement?page=play HTTP/1.1" 200
2026-06-01 14:55:28  INFO     uvicorn.access  172.68.225.119:11553 - "GET / HTTP/1.1" 200
2026-06-01 14:55:29  INFO     uvicorn.access  162.158.193.216:10118 - "GET /static/css/home.css HTTP/1.1" 304
2026-06-01 14:55:29  INFO     uvicorn.access  172.68.225.119:11553 - "GET /api/announcement?page=home HTTP/1.1" 200
2026-06-01 14:57:34  INFO     uvicorn.access  172.68.225.118:13068 - "GET /play HTTP/1.1" 200
2026-06-01 14:57:35  INFO     uvicorn.access  172.68.225.118:13068 - "GET /api/announcement?page=play HTTP/1.1" 200
2026-06-01 14:58:36  INFO     uvicorn.access  162.159.98.204:12358 - "GET /api/proxy/v1/models HTTP/1.1" 401
2026-06-01 14:58:44  INFO     uvicorn.access  162.159.98.204:9372 - "GET /api/proxy/v1/models HTTP/1.1" 401
2026-06-01 14:58:51  INFO     uvicorn.access  162.159.98.204:11966 - "GET /api/proxy/v1/models HTTP/1.1" 200
2026-06-01 15:01:20  WARNING  app.routers.api_proxy  代理上游返回 HTML 错误 [524] https://newapi-cf.qianqianye.com/v1/images/edits: <!DOCTYPE html>
<!--[if lt IE 7]> <html class="no-js ie6 oldie" lang="en-US"> <![endif]-->
<!--[if I
2026-06-01 15:04:09  WARNING  app.routers.api_proxy  代理上游返回 HTML 错误 [524] https://newapi-cf.qianqianye.com/v1/images/edits: <!DOCTYPE html>
<!--[if lt IE 7]> <html class="no-js ie6 oldie" lang="en-US"> <![endif]-->
<!--[if I
2026-06-01 15:04:35  INFO     uvicorn.access  162.158.186.4:10334 - "GET /play HTTP/1.1" 200
2026-06-01 15:04:50  INFO     uvicorn.access  162.158.186.5:13744 - "POST /auth/login HTTP/1.1" 200
2026-06-01 15:04:53  INFO     uvicorn.access  162.158.186.5:13744 - "POST /auth/login HTTP/1.1" 200
2026-06-01 15:04:57  INFO     uvicorn.access  162.158.186.5:13744 - "POST /auth/login HTTP/1.1" 200
2026-06-01 15:04:57  INFO     uvicorn.access  162.158.186.5:13744 - "GET /api/history/usage HTTP/1.1" 200
2026-06-01 15:04:57  INFO     uvicorn.access  162.158.186.5:11625 - "GET /api/history/list HTTP/1.1" 200
2026-06-01 15:05:25  INFO     uvicorn.access  162.158.186.5:11552 - "POST /api/balance/overview HTTP/1.1" 400
2026-06-01 15:05:27  INFO     uvicorn.access  162.158.186.5:11552 - "POST /api/balance/overview HTTP/1.1" 400
2026-06-01 15:05:45  INFO     uvicorn.access  162.158.186.5:12314 - "POST /api/balance/overview HTTP/1.1" 400
2026-06-01 15:08:53  INFO     uvicorn.access  172.71.210.15:13874 - "GET /api/proxy/v1/images/edits HTTP/1.1" 404
2026-06-01 15:08:54  INFO     uvicorn.access  162.158.193.50:13096 - "GET /favicon.ico HTTP/1.1" 307
2026-06-01 15:08:54  INFO     uvicorn.access  172.71.210.15:13874 - "GET / HTTP/1.1" 200
2026-06-01 15:15:07  INFO     uvicorn.access  172.70.206.95:9648 - "GET /api/proxy/v1/models HTTP/1.1" 200
2026-06-01 15:15:12  INFO     uvicorn.access  172.70.215.47:14155 - "GET /api/history/image/fzmandy/1780311951478_1469_0.png?token=eyJpZCI6IDAsICJ1c2VybmFtZSI6ICJmem1hbmR5IiwgInJvbGUiOiAwLCAiaXNfYWRtaW4iOiBmYWxzZSwgImV4cCI6IDE3ODI5MTgyOTd9.7b2f6090de3456377cb1d40fc1f1f48b HTTP/1.1" 404
2026-06-01 15:15:12  INFO     uvicorn.access  172.69.33.11:12060 - "GET /api/history/image/fzmandy/1780311271546_7723_0.png?token=eyJpZCI6IDAsICJ1c2VybmFtZSI6ICJmem1hbmR5IiwgInJvbGUiOiAwLCAiaXNfYWRtaW4iOiBmYWxzZSwgImV4cCI6IDE3ODI5MTgyOTd9.7b2f6090de3456377cb1d40fc1f1f48b HTTP/1.1" 404
2026-06-01 15:15:12  INFO     uvicorn.access  172.70.214.78:11613 - "GET /api/history/image/fzmandy/1780310934006_5460_0.png?token=eyJpZCI6IDAsICJ1c2VybmFtZSI6ICJmem1hbmR5IiwgInJvbGUiOiAwLCAiaXNfYWRtaW4iOiBmYWxzZSwgImV4cCI6IDE3ODI5MTgyOTd9.7b2f6090de3456377cb1d40fc1f1f48b HTTP/1.1" 404
2026-06-01 15:15:12  INFO     uvicorn.access  172.70.206.28:13669 - "GET /api/history/image/fzmandy/1780311110623_8373_0.png?token=eyJpZCI6IDAsICJ1c2VybmFtZSI6ICJmem1hbmR5IiwgInJvbGUiOiAwLCAiaXNfYWRtaW4iOiBmYWxzZSwgImV4cCI6IDE3ODI5MTgyOTd9.7b2f6090de3456377cb1d40fc1f1f48b HTTP/1.1" 404
2026-06-01 15:17:15  INFO     uvicorn.access  172.70.206.94:12503 - "POST /api/proxy/v1/images/generations HTTP/1.1" 200
2026-06-01 15:17:29  INFO     uvicorn.access  172.70.206.94:10031 - "POST /api/history/save HTTP/1.1" 200
2026-06-01 15:17:29  INFO     uvicorn.access  172.70.206.94:10031 - "GET /api/history/usage HTTP/1.1" 200
2026-06-01 15:18:32  INFO     uvicorn.access  172.70.206.95:11299 - "POST /api/balance/overview HTTP/1.1" 400
2026-06-01 15:53:41  INFO     uvicorn.access  172.71.215.38:10110 - "GET / HTTP/1.1" 200
2026-06-01 15:53:41  INFO     uvicorn.access  172.71.215.38:10110 - "GET /api/announcement?page=home HTTP/1.1" 200
2026-06-01 15:53:43  INFO     uvicorn.access  172.71.215.38:10110 - "GET /play HTTP/1.1" 200
2026-06-01 15:53:44  INFO     uvicorn.access  172.71.215.38:10110 - "GET /api/announcement?page=play HTTP/1.1" 200
2026-06-01 15:53:58  INFO     uvicorn.access  172.71.215.37:10205 - "POST /auth/login HTTP/1.1" 200
2026-06-01 15:53:58  INFO     uvicorn.access  172.71.215.37:10205 - "GET /api/history/usage HTTP/1.1" 200
2026-06-01 15:53:58  INFO     uvicorn.access  172.71.215.37:10208 - "GET /api/history/list HTTP/1.1" 200
2026-06-01 15:54:02  INFO     uvicorn.access  172.68.211.127:13597 - "GET /api/history/image/fzmandy/1780327049030_9703_0.png?token=eyJpZCI6IDAsICJ1c2VybmFtZSI6ICJmem1hbmR5IiwgInJvbGUiOiAwLCAiaXNfYWRtaW4iOiBmYWxzZSwgImV4cCI6IDE3ODI5MjEyMzh9.334eeddb7552e189afbca6466b2b51fb HTTP/1.1" 200
2026-06-01 15:54:02  INFO     uvicorn.access  172.71.215.147:10722 - "GET /api/history/image/fzmandy/1780311951478_1469_0.png?token=eyJpZCI6IDAsICJ1c2VybmFtZSI6ICJmem1hbmR5IiwgInJvbGUiOiAwLCAiaXNfYWRtaW4iOiBmYWxzZSwgImV4cCI6IDE3ODI5MjEyMzh9.334eeddb7552e189afbca6466b2b51fb HTTP/1.1" 404
2026-06-01 15:54:02  INFO     uvicorn.access  162.159.98.201:12608 - "GET /api/history/image/fzmandy/1780311110623_8373_0.png?token=eyJpZCI6IDAsICJ1c2VybmFtZSI6ICJmem1hbmR5IiwgInJvbGUiOiAwLCAiaXNfYWRtaW4iOiBmYWxzZSwgImV4cCI6IDE3ODI5MjEyMzh9.334eeddb7552e189afbca6466b2b51fb HTTP/1.1" 404
2026-06-01 15:54:02  INFO     uvicorn.access  162.158.178.185:11014 - "GET /api/history/image/fzmandy/1780311271546_7723_0.png?token=eyJpZCI6IDAsICJ1c2VybmFtZSI6ICJmem1hbmR5IiwgInJvbGUiOiAwLCAiaXNfYWRtaW4iOiBmYWxzZSwgImV4cCI6IDE3ODI5MjEyMzh9.334eeddb7552e189afbca6466b2b51fb HTTP/1.1" 404
2026-06-01 15:54:02  INFO     uvicorn.access  162.159.98.90:12097 - "GET /api/history/image/fzmandy/1780310934006_5460_0.png?token=eyJpZCI6IDAsICJ1c2VybmFtZSI6ICJmem1hbmR5IiwgInJvbGUiOiAwLCAiaXNfYWRtaW4iOiBmYWxzZSwgImV4cCI6IDE3ODI5MjEyMzh9.334eeddb7552e189afbca6466b2b51fb HTTP/1.1" 404
2026-06-01 15:55:07  INFO     uvicorn.access  172.71.215.37:12807 - "GET /api/proxy/v1/models HTTP/1.1" 200
2026-06-01 15:57:16  WARNING  app.routers.api_proxy  代理上游返回 HTML 错误 [524] https://newapi-cf.qianqianye.com/v1/images/edits: <!DOCTYPE html>
<!--[if lt IE 7]> <html class="no-js ie6 oldie" lang="en-US"> <![endif]-->
<!--[if I
2026-06-01 16:02:43  WARNING  app.routers.api_proxy  代理上游返回 HTML 错误 [524] https://newapi-cf.qianqianye.com/v1/images/generations: <!DOCTYPE html>
<!--[if lt IE 7]> <html class="no-js ie6 oldie" lang="en-US"> <![endif]-->
<!--[if I
2026-06-01 16:22:45  WARNING  uvicorn.error  Invalid HTTP request received.
2026-06-01 16:38:24  INFO     uvicorn.access  162.158.170.239:11535 - "GET / HTTP/1.1" 200
2026-06-01 16:38:25  INFO     uvicorn.access  162.158.88.161:14116 - "GET /static/js/common.js HTTP/1.1" 304
2026-06-01 16:38:25  INFO     uvicorn.access  172.68.164.130:10873 - "GET /static/css/common.css HTTP/1.1" 304
2026-06-01 16:38:25  INFO     uvicorn.access  104.22.66.102:10304 - "GET /static/css/home.css HTTP/1.1" 304
2026-06-01 16:38:25  INFO     uvicorn.access  162.158.170.21:12723 - "GET /api/announcement?page=home HTTP/1.1" 200
2026-06-01 16:38:28  INFO     uvicorn.access  162.158.170.239:11535 - "GET /play HTTP/1.1" 200
2026-06-01 16:38:29  INFO     uvicorn.access  172.71.124.208:12209 - "GET /static/css/play.css?v=1779876137 HTTP/1.1" 200
2026-06-01 16:38:29  INFO     uvicorn.access  172.69.176.80:13701 - "GET /static/js/play.js?v=1779876137 HTTP/1.1" 200
2026-06-01 16:38:29  INFO     uvicorn.access  162.158.170.239:11535 - "GET /api/announcement?page=play HTTP/1.1" 200
2026-06-01 16:38:29  INFO     uvicorn.access  162.158.170.239:11540 - "GET /api/history/usage HTTP/1.1" 200
2026-06-01 16:38:30  INFO     uvicorn.access  162.158.170.238:12135 - "GET /api/history/list HTTP/1.1" 200
2026-06-01 16:38:34  INFO     uvicorn.access  172.71.124.21:10952 - "GET /api/history/image/Yuyuuu/1780310934006_5460_0.png?token=eyJpZCI6IDAsICJ1c2VybmFtZSI6ICJZdXl1dXUiLCAicm9sZSI6IDAsICJpc19hZG1pbiI6IGZhbHNlLCAiZXhwIjogMTc4MjI3MzQ3NH0%3D.76bd3b2bc6a5e76e28464441c3b65728 HTTP/1.1" 404
2026-06-01 16:38:34  INFO     uvicorn.access  172.68.242.70:12129 - "GET /api/history/image/Yuyuuu/1780311110623_8373_0.png?token=eyJpZCI6IDAsICJ1c2VybmFtZSI6ICJZdXl1dXUiLCAicm9sZSI6IDAsICJpc19hZG1pbiI6IGZhbHNlLCAiZXhwIjogMTc4MjI3MzQ3NH0%3D.76bd3b2bc6a5e76e28464441c3b65728 HTTP/1.1" 404
2026-06-01 16:38:34  INFO     uvicorn.access  162.158.163.151:11776 - "GET /api/history/image/Yuyuuu/1780311271546_7723_0.png?token=eyJpZCI6IDAsICJ1c2VybmFtZSI6ICJZdXl1dXUiLCAicm9sZSI6IDAsICJpc19hZG1pbiI6IGZhbHNlLCAiZXhwIjogMTc4MjI3MzQ3NH0%3D.76bd3b2bc6a5e76e28464441c3b65728 HTTP/1.1" 404
2026-06-01 16:38:34  INFO     uvicorn.access  162.158.189.209:9816 - "GET /api/history/image/Yuyuuu/1780327049030_9703_0.png?token=eyJpZCI6IDAsICJ1c2VybmFtZSI6ICJZdXl1dXUiLCAicm9sZSI6IDAsICJpc19hZG1pbiI6IGZhbHNlLCAiZXhwIjogMTc4MjI3MzQ3NH0%3D.76bd3b2bc6a5e76e28464441c3b65728 HTTP/1.1" 404
2026-06-01 16:38:34  INFO     uvicorn.access  172.70.142.65:11279 - "GET /api/history/image/Yuyuuu/1780311951478_1469_0.png?token=eyJpZCI6IDAsICJ1c2VybmFtZSI6ICJZdXl1dXUiLCAicm9sZSI6IDAsICJpc19hZG1pbiI6IGZhbHNlLCAiZXhwIjogMTc4MjI3MzQ3NH0%3D.76bd3b2bc6a5e76e28464441c3b65728 HTTP/1.1" 404
2026-06-01 16:39:04  INFO     uvicorn.access  162.158.170.238:12038 - "GET /api/proxy/v1/models HTTP/1.1" 200
2026-06-01 16:39:19  INFO     uvicorn.access  162.158.170.239:9423 - "GET /gallery HTTP/1.1" 200
2026-06-01 16:39:19  INFO     uvicorn.access  172.70.93.107:13263 - "GET /static/js/gallery.js?v=1779876137 HTTP/1.1" 304
2026-06-01 16:39:19  INFO     uvicorn.access  172.68.164.39:10293 - "GET /static/css/gallery.css?v=1779876137 HTTP/1.1" 304
2026-06-01 16:39:19  INFO     uvicorn.access  162.158.170.239:9423 - "GET /api/announcement?page=gallery HTTP/1.1" 200
2026-06-01 16:39:19  INFO     uvicorn.access  162.158.170.239:9431 - "POST /auth/verify HTTP/1.1" 200
2026-06-01 16:39:20  INFO     uvicorn.access  162.158.170.239:9423 - "GET /api/gallery/liked?fingerprint=2de21da4 HTTP/1.1" 200
2026-06-01 16:39:20  INFO     uvicorn.access  162.158.170.239:9431 - "GET /api/gallery/images?page=1&sort=likes HTTP/1.1" 200
2026-06-01 16:39:21  INFO     uvicorn.access  172.68.164.90:14021 - "GET /api/gallery/avatar/IMG_8559.png HTTP/1.1" 200
2026-06-01 16:39:21  INFO     uvicorn.access  162.158.88.137:11924 - "GET /api/gallery/avatar/IMG_8578.png HTTP/1.1" 200
2026-06-01 16:39:21  INFO     uvicorn.access  172.71.152.75:13896 - "GET /api/gallery/avatar/IMG_8536.png HTTP/1.1" 200
2026-06-01 16:39:21  INFO     uvicorn.access  172.71.82.96:9497 - "GET /api/gallery/avatar/IMG_8531.png HTTP/1.1" 200
2026-06-01 16:39:21  INFO     uvicorn.access  172.69.176.2:11739 - "GET /api/gallery/file/3afbc016ab104c9eb569ca1c3d813b39.png HTTP/1.1" 200
2026-06-01 16:39:21  INFO     uvicorn.access  172.68.164.159:9328 - "GET /api/gallery/file/504cff89cfa0457a983588b56e14224d.png HTTP/1.1" 200
2026-06-01 16:39:21  INFO     uvicorn.access  172.71.124.182:10954 - "GET /api/gallery/file/b9dcee91db814cababe7148f68511586.png HTTP/1.1" 200
2026-06-01 16:39:21  INFO     uvicorn.access  162.158.108.123:14013 - "GET /api/gallery/file/bf8659bfd921477e9b19db3dc33fb5b1.png HTTP/1.1" 200
2026-06-01 16:39:21  INFO     uvicorn.access  172.71.124.216:14054 - "GET /api/gallery/file/5288082c3c2f480ba32bf60a2b7a0a8d.png HTTP/1.1" 200
2026-06-01 16:39:21  INFO     uvicorn.access  104.22.66.17:12573 - "GET /api/gallery/file/4146c931c3244121ae6704675aad583b.png HTTP/1.1" 200
2026-06-01 16:39:21  INFO     uvicorn.access  172.69.176.63:11022 - "GET /api/gallery/file/039985f90d01467c8aa2f27d4b719282.png HTTP/1.1" 200
2026-06-01 16:39:21  INFO     uvicorn.access  172.71.152.35:11240 - "GET /api/gallery/file/03ebfe77ba784cd4967369a9bf682555.png HTTP/1.1" 200
2026-06-01 16:39:26  INFO     uvicorn.access  162.158.170.238:11292 - "GET /play HTTP/1.1" 200
2026-06-01 16:39:28  INFO     uvicorn.access  162.158.170.238:11292 - "GET /play HTTP/1.1" 200
2026-06-01 16:39:30  INFO     uvicorn.access  162.158.170.238:11292 - "GET /play HTTP/1.1" 200
2026-06-01 16:39:31  INFO     uvicorn.access  162.158.170.238:11292 - "GET /docs HTTP/1.1" 200
2026-06-01 16:39:33  INFO     uvicorn.access  162.158.108.59:10852 - "GET /static/css/docs.css?v=1779876137 HTTP/1.1" 200
2026-06-01 16:39:34  INFO     uvicorn.access  162.158.170.238:11292 - "GET /api/announcement?page=docs HTTP/1.1" 200
2026-06-01 16:39:37  INFO     uvicorn.access  162.158.170.238:11292 - "GET /play HTTP/1.1" 200
2026-06-01 16:39:37  INFO     uvicorn.access  162.158.170.238:11292 - "GET /api/announcement?page=play HTTP/1.1" 200
2026-06-01 16:39:37  INFO     uvicorn.access  162.158.170.239:14079 - "GET /api/history/usage HTTP/1.1" 200
2026-06-01 16:39:37  INFO     uvicorn.access  162.158.170.238:14212 - "GET /api/history/list HTTP/1.1" 200
2026-06-01 16:41:12  INFO     uvicorn.access  162.158.170.238:12422 - "GET /play HTTP/1.1" 200
2026-06-01 16:41:12  INFO     uvicorn.access  162.158.170.238:12422 - "GET /api/announcement?page=play HTTP/1.1" 200
2026-06-01 16:41:13  INFO     uvicorn.access  162.158.170.239:12061 - "GET /api/history/list HTTP/1.1" 200
2026-06-01 16:41:13  INFO     uvicorn.access  162.158.170.238:12425 - "GET /api/history/usage HTTP/1.1" 200
2026-06-01 16:41:19  INFO     uvicorn.access  162.158.170.238:13042 - "GET /docs HTTP/1.1" 200
2026-06-01 16:41:19  INFO     uvicorn.access  162.158.170.238:13042 - "GET /api/announcement?page=docs HTTP/1.1" 200
2026-06-01 16:41:28  INFO     uvicorn.access  162.158.170.238:13339 - "GET /api/proxy/v1/models HTTP/1.1" 200
2026-06-01 16:41:37  INFO     uvicorn.access  162.158.170.239:13495 - "GET /api/proxy/v1/models HTTP/1.1" 200
2026-06-01 16:42:33  INFO     uvicorn.access  162.158.170.239:13329 - "GET /play HTTP/1.1" 200
2026-06-01 16:42:33  INFO     uvicorn.access  162.158.170.239:13329 - "GET /api/announcement?page=play HTTP/1.1" 200
2026-06-01 16:42:33  INFO     uvicorn.access  162.158.170.238:13790 - "GET /api/history/usage HTTP/1.1" 200
2026-06-01 16:42:33  INFO     uvicorn.access  162.158.170.239:9838 - "GET /api/history/list HTTP/1.1" 200
2026-06-01 16:42:39  INFO     uvicorn.access  162.158.170.238:13791 - "GET /api/proxy/v1/models HTTP/1.1" 200
2026-06-01 16:44:50  INFO     uvicorn.access  172.68.164.33:13694 - "GET / HTTP/1.1" 200
2026-06-01 16:44:51  INFO     uvicorn.access  172.68.164.71:9960 - "GET /api/announcement?page=home HTTP/1.1" 200
2026-06-01 16:44:53  INFO     uvicorn.access  172.68.164.71:9960 - "GET /play HTTP/1.1" 200
2026-06-01 16:44:54  INFO     uvicorn.access  172.68.164.33:13694 - "GET /api/announcement?page=play HTTP/1.1" 200
2026-06-01 16:44:54  INFO     uvicorn.access  172.68.164.71:9960 - "GET /api/history/usage HTTP/1.1" 200
2026-06-01 16:44:54  INFO     uvicorn.access  172.68.164.33:13694 - "GET /api/history/list HTTP/1.1" 200
2026-06-01 16:45:48  INFO     uvicorn.access  172.68.164.33:12682 - "GET /docs HTTP/1.1" 200
2026-06-01 16:45:48  INFO     uvicorn.access  172.68.164.33:12682 - "GET /api/announcement?page=docs HTTP/1.1" 200
2026-06-01 16:45:52  WARNING  app.routers.api_proxy  代理上游返回 HTML 错误 [524] https://newapi-cf.qianqianye.com/v1/images/generations: <!DOCTYPE html>
<!--[if lt IE 7]> <html class="no-js ie6 oldie" lang="en-US"> <![endif]-->
<!--[if I
2026-06-01 16:46:19  INFO     uvicorn.access  104.23.225.88:10357 - "GET /api/proxy/v1/models HTTP/1.1" 200
2026-06-01 16:46:28  INFO     uvicorn.access  172.68.164.33:12446 - "POST /auth/login HTTP/1.1" 200
2026-06-01 16:46:29  INFO     uvicorn.access  172.68.164.33:12446 - "GET /api/history/usage HTTP/1.1" 200
2026-06-01 16:46:29  INFO     uvicorn.access  172.68.164.33:12452 - "GET /api/history/list HTTP/1.1" 200
2026-06-01 16:46:33  INFO     uvicorn.access  162.158.88.46:12252 - "GET /api/history/image/adongshaln/1780327049030_9703_0.png?token=eyJpZCI6IDAsICJ1c2VybmFtZSI6ICJhZG9uZ3NoYWxuIiwgInJvbGUiOiAwLCAiaXNfYWRtaW4iOiBmYWxzZSwgImV4cCI6IDE3ODI5MjQzODh9.b777d29ba7c8fcea65e2f8819eaf4e77 HTTP/1.1" 404
2026-06-01 16:46:33  INFO     uvicorn.access  172.69.176.86:13981 - "GET /api/history/image/adongshaln/1780311951478_1469_0.png?token=eyJpZCI6IDAsICJ1c2VybmFtZSI6ICJhZG9uZ3NoYWxuIiwgInJvbGUiOiAwLCAiaXNfYWRtaW4iOiBmYWxzZSwgImV4cCI6IDE3ODI5MjQzODh9.b777d29ba7c8fcea65e2f8819eaf4e77 HTTP/1.1" 404
2026-06-01 16:46:33  INFO     uvicorn.access  172.70.93.74:13771 - "GET /api/history/image/adongshaln/1780310934006_5460_0.png?token=eyJpZCI6IDAsICJ1c2VybmFtZSI6ICJhZG9uZ3NoYWxuIiwgInJvbGUiOiAwLCAiaXNfYWRtaW4iOiBmYWxzZSwgImV4cCI6IDE3ODI5MjQzODh9.b777d29ba7c8fcea65e2f8819eaf4e77 HTTP/1.1" 404
2026-06-01 16:46:33  INFO     uvicorn.access  172.71.124.199:14263 - "GET /api/history/image/adongshaln/1780311110623_8373_0.png?token=eyJpZCI6IDAsICJ1c2VybmFtZSI6ICJhZG9uZ3NoYWxuIiwgInJvbGUiOiAwLCAiaXNfYWRtaW4iOiBmYWxzZSwgImV4cCI6IDE3ODI5MjQzODh9.b777d29ba7c8fcea65e2f8819eaf4e77 HTTP/1.1" 404
2026-06-01 16:46:33  INFO     uvicorn.access  104.22.66.189:10806 - "GET /api/history/image/adongshaln/1780311271546_7723_0.png?token=eyJpZCI6IDAsICJ1c2VybmFtZSI6ICJhZG9uZ3NoYWxuIiwgInJvbGUiOiAwLCAiaXNfYWRtaW4iOiBmYWxzZSwgImV4cCI6IDE3ODI5MjQzODh9.b777d29ba7c8fcea65e2f8819eaf4e77 HTTP/1.1" 404
2026-06-01 16:46:53  INFO     uvicorn.access  172.68.164.33:12052 - "GET /api/proxy/v1/models HTTP/1.1" 200
2026-06-01 16:49:28  INFO     uvicorn.access  172.68.164.32:13766 - "GET /api/proxy/v1/models HTTP/1.1" 200
2026-06-01 16:49:46  INFO     uvicorn.access  104.23.172.34:10147 - "GET / HTTP/1.1" 200
2026-06-01 16:49:47  INFO     uvicorn.access  104.23.172.34:10147 - "GET / HTTP/1.1" 200
2026-06-01 16:49:49  INFO     uvicorn.access  104.23.166.66:14167 - "GET /static/css/home.css HTTP/1.1" 200
2026-06-01 16:49:49  INFO     uvicorn.access  162.159.113.64:13801 - "GET /static/css/common.css HTTP/1.1" 304
2026-06-01 16:49:49  INFO     uvicorn.access  172.71.95.117:10863 - "GET /static/js/common.js HTTP/1.1" 304
2026-06-01 16:49:51  INFO     uvicorn.access  172.70.47.159:13955 - "GET /api/announcement?page=home HTTP/1.1" 200
2026-06-01 16:50:03  INFO     uvicorn.access  104.23.172.34:10952 - "GET /play HTTP/1.1" 200
2026-06-01 16:50:03  INFO     uvicorn.access  162.159.113.12:13533 - "GET /static/css/play.css?v=1779876137 HTTP/1.1" 304
2026-06-01 16:50:04  INFO     uvicorn.access  104.23.168.49:11818 - "GET /static/js/play.js?v=1779876137 HTTP/1.1" 304
2026-06-01 16:50:05  INFO     uvicorn.access  172.70.47.160:10529 - "GET /api/announcement?page=play HTTP/1.1" 200
2026-06-01 16:50:57  INFO     uvicorn.access  172.71.95.25:11336 - "GET /api/proxy/v1/models HTTP/1.1" 200
2026-06-01 16:57:34  INFO     uvicorn.access  104.23.251.191:13831 - "GET / HTTP/1.1" 200
2026-06-01 16:57:34  INFO     uvicorn.access  104.23.251.191:13831 - "GET / HTTP/1.1" 200
2026-06-01 16:58:52  INFO     uvicorn.access  141.101.76.55:9602 - "GET / HTTP/1.1" 200
2026-06-01 16:58:55  INFO     uvicorn.access  141.101.76.55:9602 - "GET /api/announcement?page=home HTTP/1.1" 200
2026-06-01 16:58:57  INFO     uvicorn.access  141.101.76.55:9602 - "GET /play HTTP/1.1" 200
2026-06-01 16:58:58  INFO     uvicorn.access  141.101.76.55:9602 - "GET /api/announcement?page=play HTTP/1.1" 200
2026-06-01 16:59:19  INFO     uvicorn.access  141.101.76.54:13661 - "POST /auth/login HTTP/1.1" 200
2026-06-01 16:59:19  INFO     uvicorn.access  141.101.76.54:13661 - "GET /api/history/usage HTTP/1.1" 200
2026-06-01 16:59:19  INFO     uvicorn.access  141.101.76.55:13530 - "GET /api/history/list HTTP/1.1" 200
2026-06-01 17:00:05  INFO     uvicorn.access  141.101.76.54:13391 - "GET /api/proxy/v1/models HTTP/1.1" 200
2026-06-01 17:00:27  INFO     uvicorn.access  104.23.168.90:9295 - "GET /api/history/image/adongshaln/1780311271546_7723_0.png?token=eyJpZCI6IDAsICJ1c2VybmFtZSI6ICJhZG9uZ3NoYWxuIiwgInJvbGUiOiAwLCAiaXNfYWRtaW4iOiBmYWxzZSwgImV4cCI6IDE3ODI5MjUxNTl9.1af495c4720a2ff4090456f725d9ba31 HTTP/1.1" 404
2026-06-01 17:00:27  INFO     uvicorn.access  172.71.98.104:11819 - "GET /api/history/image/adongshaln/1780311951478_1469_0.png?token=eyJpZCI6IDAsICJ1c2VybmFtZSI6ICJhZG9uZ3NoYWxuIiwgInJvbGUiOiAwLCAiaXNfYWRtaW4iOiBmYWxzZSwgImV4cCI6IDE3ODI5MjUxNTl9.1af495c4720a2ff4090456f725d9ba31 HTTP/1.1" 404
2026-06-01 17:00:27  INFO     uvicorn.access  172.71.99.180:11359 - "GET /api/history/image/adongshaln/1780311110623_8373_0.png?token=eyJpZCI6IDAsICJ1c2VybmFtZSI6ICJhZG9uZ3NoYWxuIiwgInJvbGUiOiAwLCAiaXNfYWRtaW4iOiBmYWxzZSwgImV4cCI6IDE3ODI5MjUxNTl9.1af495c4720a2ff4090456f725d9ba31 HTTP/1.1" 404
2026-06-01 17:00:27  INFO     uvicorn.access  104.23.166.135:9286 - "GET /api/history/image/adongshaln/1780310934006_5460_0.png?token=eyJpZCI6IDAsICJ1c2VybmFtZSI6ICJhZG9uZ3NoYWxuIiwgInJvbGUiOiAwLCAiaXNfYWRtaW4iOiBmYWxzZSwgImV4cCI6IDE3ODI5MjUxNTl9.1af495c4720a2ff4090456f725d9ba31 HTTP/1.1" 404
2026-06-01 17:00:27  INFO     uvicorn.access  141.101.76.9:11328 - "GET /api/history/image/adongshaln/1780327049030_9703_0.png?token=eyJpZCI6IDAsICJ1c2VybmFtZSI6ICJhZG9uZ3NoYWxuIiwgInJvbGUiOiAwLCAiaXNfYWRtaW4iOiBmYWxzZSwgImV4cCI6IDE3ODI5MjUxNTl9.1af495c4720a2ff4090456f725d9ba31 HTTP/1.1" 404
2026-06-01 17:01:15  INFO     uvicorn.access  104.23.251.190:10640 - "GET / HTTP/1.1" 200
2026-06-01 17:01:15  INFO     uvicorn.access  104.23.251.190:10640 - "GET / HTTP/1.1" 200
2026-06-01 17:04:48  INFO     uvicorn.access  141.101.76.54:10382 - "GET /api/proxy/v1/models HTTP/1.1" 200
2026-06-01 17:04:52  INFO     uvicorn.access  172.71.95.25:14302 - "GET /api/proxy/v1/models HTTP/1.1" 200
2026-06-01 17:04:58  INFO     uvicorn.access  172.71.95.26:13268 - "GET /api/proxy/v1/models HTTP/1.1" 200
2026-06-01 17:05:40  INFO     uvicorn.access  172.69.176.126:13717 - "GET /api/history/list HTTP/1.1" 200
2026-06-01 17:05:43  INFO     uvicorn.access  172.69.176.126:13717 - "GET /api/proxy/v1/models HTTP/1.1" 200
2026-06-01 17:12:02  WARNING  app.routers.api_proxy  代理上游返回 HTML 错误 [524] https://newapi-cf.qianqianye.com/v1/images/edits: <!DOCTYPE html>
<!--[if lt IE 7]> <html class="no-js ie6 oldie" lang="en-US"> <![endif]-->
<!--[if I
2026-06-01 17:19:15  WARNING  app.routers.api_proxy  代理上游返回 HTML 错误 [524] https://newapi-cf.qianqianye.com/v1/images/edits: <!DOCTYPE html>
<!--[if lt IE 7]> <html class="no-js ie6 oldie" lang="en-US"> <![endif]-->
<!--[if I
2026-06-01 17:19:39  INFO     uvicorn.access  104.22.66.150:13643 - "GET /api/proxy/v1/models HTTP/1.1" 200
2026-06-01 17:21:35  INFO     uvicorn.access  104.22.66.151:13342 - "POST /api/proxy/v1/images/edits HTTP/1.1" 200
2026-06-01 17:21:38  INFO     uvicorn.access  104.22.66.151:13342 - "POST /api/history/save HTTP/1.1" 200
2026-06-01 17:21:38  INFO     uvicorn.access  104.22.66.151:13342 - "GET /api/history/usage HTTP/1.1" 200
2026-06-01 18:38:25  INFO     uvicorn.access  172.70.38.224:12655 - "GET /robots.txt HTTP/1.1" 307
2026-06-01 18:38:25  INFO     uvicorn.access  172.71.223.190:12336 - "GET / HTTP/1.1" 200
2026-06-01 18:38:28  INFO     uvicorn.access  172.70.38.91:11428 - "GET /play HTTP/1.1" 200
2026-06-01 20:44:09  INFO     uvicorn.access  172.69.214.218:11388 - "GET /wp-content/plugins/hellopress/wp_filemanager.php HTTP/1.1" 404
2026-06-01 20:44:10  INFO     uvicorn.access  172.69.214.185:12680 - "GET /ff.php HTTP/1.1" 307
2026-06-01 20:44:10  INFO     uvicorn.access  172.69.214.218:11388 - "GET / HTTP/1.1" 200
2026-06-01 20:44:10  INFO     uvicorn.access  172.69.214.185:12680 - "GET /x.php HTTP/1.1" 307
2026-06-01 20:44:10  INFO     uvicorn.access  172.69.214.218:11388 - "GET / HTTP/1.1" 200
2026-06-01 20:44:11  INFO     uvicorn.access  172.69.214.185:12680 - "GET /tires.php HTTP/1.1" 307
2026-06-01 20:44:11  INFO     uvicorn.access  172.69.214.218:11388 - "GET / HTTP/1.1" 200
2026-06-01 20:44:11  INFO     uvicorn.access  172.69.214.185:12680 - "GET /wp-block.php HTTP/1.1" 307
2026-06-01 20:44:11  INFO     uvicorn.access  172.69.214.218:11388 - "GET / HTTP/1.1" 200
2026-06-01 20:44:11  INFO     uvicorn.access  172.69.214.185:12680 - "GET /wp-der.php HTTP/1.1" 307
2026-06-01 20:44:11  INFO     uvicorn.access  172.69.214.218:11388 - "GET / HTTP/1.1" 200
2026-06-01 20:44:11  INFO     uvicorn.access  172.69.214.185:12680 - "GET /ah25.php HTTP/1.1" 307
2026-06-01 20:44:11  INFO     uvicorn.access  172.69.214.185:12680 - "GET / HTTP/1.1" 200
2026-06-01 20:44:11  INFO     uvicorn.access  172.69.214.218:11388 - "GET /inputs.php HTTP/1.1" 307
2026-06-01 20:44:12  INFO     uvicorn.access  172.69.214.185:12680 - "GET / HTTP/1.1" 200
2026-06-01 20:44:12  INFO     uvicorn.access  172.69.214.218:11388 - "GET /samll.php HTTP/1.1" 307
2026-06-01 20:44:12  INFO     uvicorn.access  172.69.214.185:12680 - "GET / HTTP/1.1" 200
2026-06-01 20:44:13  INFO     uvicorn.access  172.69.214.218:11388 - "GET /wp-admin/css/colors/blue/file.php HTTP/1.1" 404
2026-06-01 20:44:13  INFO     uvicorn.access  172.69.214.185:12680 - "GET /favicon.php HTTP/1.1" 307
2026-06-01 20:44:14  INFO     uvicorn.access  172.69.214.218:11388 - "GET / HTTP/1.1" 200
2026-06-01 20:44:14  INFO     uvicorn.access  172.69.214.218:11388 - "GET /aboutc.php HTTP/1.1" 307
2026-06-01 20:44:14  INFO     uvicorn.access  172.69.214.218:11388 - "GET / HTTP/1.1" 200
2026-06-01 20:44:14  INFO     uvicorn.access  172.69.214.218:11388 - "GET /wp-load.php HTTP/1.1" 307
2026-06-01 20:44:14  INFO     uvicorn.access  172.69.214.218:11388 - "GET / HTTP/1.1" 200
2026-06-01 20:44:14  INFO     uvicorn.access  172.69.214.218:11388 - "GET /aevly.php HTTP/1.1" 307
2026-06-01 20:44:14  INFO     uvicorn.access  172.69.214.218:11388 - "GET / HTTP/1.1" 200
2026-06-01 20:44:14  INFO     uvicorn.access  172.69.214.218:11388 - "GET /atkno.php HTTP/1.1" 307
2026-06-01 20:44:15  INFO     uvicorn.access  172.69.214.218:11388 - "GET / HTTP/1.1" 200
2026-06-01 20:44:15  INFO     uvicorn.access  172.69.214.218:11388 - "GET /mini.php HTTP/1.1" 307
2026-06-01 20:44:15  INFO     uvicorn.access  172.69.214.218:11388 - "GET / HTTP/1.1" 200
2026-06-01 20:44:15  INFO     uvicorn.access  172.69.214.218:11388 - "GET /wp-thi.php HTTP/1.1" 307
2026-06-01 20:44:15  INFO     uvicorn.access  172.69.214.218:11388 - "GET / HTTP/1.1" 200
2026-06-01 20:44:15  INFO     uvicorn.access  172.69.214.218:11388 - "GET /wp-kd4xalrg7m.php HTTP/1.1" 307
2026-06-01 20:44:15  INFO     uvicorn.access  172.69.214.218:11388 - "GET / HTTP/1.1" 200
2026-06-01 20:44:15  INFO     uvicorn.access  172.69.214.218:11388 - "GET /amax.php HTTP/1.1" 307
2026-06-01 20:44:16  INFO     uvicorn.access  172.69.214.218:11388 - "GET / HTTP/1.1" 200
2026-06-01 20:44:16  INFO     uvicorn.access  172.69.214.218:11388 - "GET /wehrman.php HTTP/1.1" 307
2026-06-01 20:44:16  INFO     uvicorn.access  172.69.214.218:11388 - "GET / HTTP/1.1" 200
2026-06-01 20:44:16  INFO     uvicorn.access  172.69.214.218:11388 - "GET /b.php HTTP/1.1" 307
2026-06-01 20:44:16  INFO     uvicorn.access  172.69.214.218:11388 - "GET / HTTP/1.1" 200
2026-06-01 20:44:16  INFO     uvicorn.access  172.69.214.218:11388 - "GET /wp-sing.php HTTP/1.1" 307
2026-06-01 20:44:16  INFO     uvicorn.access  172.69.214.218:11388 - "GET / HTTP/1.1" 200
2026-06-01 20:44:16  INFO     uvicorn.access  172.69.214.218:11388 - "GET /wp-links-opml.php HTTP/1.1" 307
2026-06-01 20:44:16  INFO     uvicorn.access  172.69.214.218:11388 - "GET / HTTP/1.1" 200
2026-06-01 20:44:16  INFO     uvicorn.access  172.69.214.218:11388 - "GET /edit.php HTTP/1.1" 307
2026-06-01 20:44:16  INFO     uvicorn.access  172.69.214.218:11388 - "GET / HTTP/1.1" 200
2026-06-01 20:44:17  INFO     uvicorn.access  172.69.214.218:11388 - "GET /wmore1.php HTTP/1.1" 307
2026-06-01 20:44:17  INFO     uvicorn.access  172.69.214.218:11388 - "GET / HTTP/1.1" 200
2026-06-01 20:44:17  INFO     uvicorn.access  172.69.214.218:11388 - "GET /wp-access.php HTTP/1.1" 307
2026-06-01 20:44:17  INFO     uvicorn.access  172.69.214.218:11388 - "GET / HTTP/1.1" 200
2026-06-01 20:44:17  INFO     uvicorn.access  172.69.214.218:11388 - "GET /1.php HTTP/1.1" 307
2026-06-01 20:44:17  INFO     uvicorn.access  172.69.214.218:11388 - "GET / HTTP/1.1" 200
2026-06-01 20:44:17  INFO     uvicorn.access  172.69.214.218:11388 - "GET /sbhu.php HTTP/1.1" 307
2026-06-01 20:44:17  INFO     uvicorn.access  172.69.214.218:11388 - "GET / HTTP/1.1" 200
2026-06-01 20:44:18  INFO     uvicorn.access  172.69.214.218:11388 - "GET /bgymj.php HTTP/1.1" 307
2026-06-01 20:44:18  INFO     uvicorn.access  172.69.214.218:11388 - "GET / HTTP/1.1" 200
2026-06-01 20:44:18  INFO     uvicorn.access  172.69.214.218:11388 - "GET /file30.php HTTP/1.1" 307
2026-06-01 20:44:18  INFO     uvicorn.access  172.69.214.218:11388 - "GET / HTTP/1.1" 200
2026-06-01 20:44:18  INFO     uvicorn.access  172.69.214.218:11388 - "GET /yellow.php HTTP/1.1" 307
2026-06-01 20:44:18  INFO     uvicorn.access  172.69.214.218:11388 - "GET / HTTP/1.1" 200
2026-06-01 20:44:18  INFO     uvicorn.access  172.69.214.218:11388 - "GET /reze.php HTTP/1.1" 307
2026-06-01 20:44:18  INFO     uvicorn.access  172.69.214.218:11388 - "GET / HTTP/1.1" 200
2026-06-01 20:44:18  INFO     uvicorn.access  172.69.214.218:11388 - "GET /wefile.php HTTP/1.1" 307
2026-06-01 20:44:19  INFO     uvicorn.access  172.69.214.218:11388 - "GET / HTTP/1.1" 200
2026-06-01 20:44:19  INFO     uvicorn.access  172.69.214.218:11388 - "GET /xda.php HTTP/1.1" 307
2026-06-01 20:44:19  INFO     uvicorn.access  172.69.214.218:11388 - "GET / HTTP/1.1" 200
2026-06-01 20:44:19  INFO     uvicorn.access  172.69.214.218:11388 - "GET /revealability.php HTTP/1.1" 307
2026-06-01 20:44:19  INFO     uvicorn.access  172.69.214.218:11388 - "GET / HTTP/1.1" 200
2026-06-01 20:44:19  INFO     uvicorn.access  172.69.214.218:11388 - "GET /forbidals.php HTTP/1.1" 307
2026-06-01 20:44:19  INFO     uvicorn.access  172.69.214.218:11388 - "GET / HTTP/1.1" 200
2026-06-01 20:44:19  INFO     uvicorn.access  172.69.214.218:11388 - "GET /i.php HTTP/1.1" 307
2026-06-01 20:44:19  INFO     uvicorn.access  172.69.214.218:11388 - "GET / HTTP/1.1" 200
2026-06-01 20:44:19  INFO     uvicorn.access  172.69.214.218:11388 - "GET /900.php HTTP/1.1" 307
2026-06-01 20:44:19  INFO     uvicorn.access  172.69.214.218:11388 - "GET / HTTP/1.1" 200
2026-06-01 20:44:20  INFO     uvicorn.access  172.69.214.218:11388 - "GET /kj.php HTTP/1.1" 307
2026-06-01 20:44:20  INFO     uvicorn.access  172.69.214.218:11388 - "GET / HTTP/1.1" 200
2026-06-01 20:44:20  INFO     uvicorn.access  172.69.214.218:11388 - "GET /wuasr.php HTTP/1.1" 307
2026-06-01 20:44:20  INFO     uvicorn.access  172.69.214.218:11388 - "GET / HTTP/1.1" 200
2026-06-01 20:44:20  INFO     uvicorn.access  172.69.214.218:11388 - "GET /t.php HTTP/1.1" 307
2026-06-01 20:44:20  INFO     uvicorn.access  172.69.214.218:11388 - "GET / HTTP/1.1" 200
2026-06-01 20:44:20  INFO     uvicorn.access  172.69.214.218:11388 - "GET /class-t.api.php HTTP/1.1" 307
2026-06-01 20:44:20  INFO     uvicorn.access  172.69.214.218:11388 - "GET / HTTP/1.1" 200
2026-06-01 20:44:21  INFO     uvicorn.access  172.69.214.218:11388 - "GET /wp-slss.php HTTP/1.1" 307
2026-06-01 20:44:21  INFO     uvicorn.access  172.69.214.218:11388 - "GET / HTTP/1.1" 200
2026-06-01 20:44:21  INFO     uvicorn.access  172.69.214.218:11388 - "GET /crgio.php HTTP/1.1" 307
2026-06-01 20:44:21  INFO     uvicorn.access  172.69.214.218:11388 - "GET / HTTP/1.1" 200
2026-06-01 20:44:21  INFO     uvicorn.access  172.69.214.218:11388 - "GET /Okxob.php HTTP/1.1" 307
2026-06-01 20:44:21  INFO     uvicorn.access  172.69.214.218:11388 - "GET / HTTP/1.1" 200
2026-06-01 20:44:21  INFO     uvicorn.access  172.69.214.218:11388 - "GET /mass.php HTTP/1.1" 307
2026-06-01 20:44:21  INFO     uvicorn.access  172.69.214.218:11388 - "GET / HTTP/1.1" 200
2026-06-01 20:44:22  INFO     uvicorn.access  172.69.214.218:11388 - "GET /dropdown.php HTTP/1.1" 307
2026-06-01 20:44:22  INFO     uvicorn.access  172.69.214.218:11388 - "GET / HTTP/1.1" 200
2026-06-01 20:44:22  INFO     uvicorn.access  172.69.214.218:11388 - "GET /wp-good.php HTTP/1.1" 307
2026-06-01 20:44:22  INFO     uvicorn.access  172.69.214.218:11388 - "GET / HTTP/1.1" 200
2026-06-01 20:44:22  INFO     uvicorn.access  172.69.214.218:11388 - "GET /mifta.php HTTP/1.1" 307
2026-06-01 20:44:22  INFO     uvicorn.access  172.69.214.218:11388 - "GET / HTTP/1.1" 200
2026-06-01 20:44:22  INFO     uvicorn.access  172.69.214.218:11388 - "GET /amxloxxr.php HTTP/1.1" 307
2026-06-01 20:44:23  INFO     uvicorn.access  172.69.214.218:11388 - "GET / HTTP/1.1" 200
2026-06-01 20:44:23  INFO     uvicorn.access  172.69.214.218:11388 - "GET /file59.php HTTP/1.1" 307
2026-06-01 20:44:23  INFO     uvicorn.access  172.69.214.218:11388 - "GET / HTTP/1.1" 200
2026-06-01 20:44:23  INFO     uvicorn.access  172.69.214.218:11388 - "GET /asasx.php HTTP/1.1" 307
2026-06-01 20:44:23  INFO     uvicorn.access  172.69.214.218:11388 - "GET / HTTP/1.1" 200
2026-06-01 20:44:23  INFO     uvicorn.access  172.69.214.218:11388 - "GET /wp-admin/network/edit.php HTTP/1.1" 404
2026-06-01 20:44:24  INFO     uvicorn.access  172.69.214.218:11388 - "GET /ms-edit.php HTTP/1.1" 307
2026-06-01 20:44:24  INFO     uvicorn.access  172.69.214.218:11388 - "GET / HTTP/1.1" 200
2026-06-01 20:44:24  INFO     uvicorn.access  172.69.214.218:11388 - "GET /file4.php HTTP/1.1" 307
2026-06-01 20:44:24  INFO     uvicorn.access  172.69.214.218:11388 - "GET / HTTP/1.1" 200
2026-06-01 20:44:24  INFO     uvicorn.access  172.69.214.218:11388 - "GET /hplfuns.php HTTP/1.1" 307
2026-06-01 20:44:24  INFO     uvicorn.access  172.69.214.218:11388 - "GET / HTTP/1.1" 200
2026-06-01 20:44:24  INFO     uvicorn.access  172.69.214.218:11388 - "GET /1index.php HTTP/1.1" 307
2026-06-01 20:44:24  INFO     uvicorn.access  172.69.214.218:11388 - "GET / HTTP/1.1" 200
2026-06-01 20:44:24  INFO     uvicorn.access  172.69.214.218:11388 - "GET /wp-su.php HTTP/1.1" 307
2026-06-01 20:44:25  INFO     uvicorn.access  172.69.214.218:11388 - "GET / HTTP/1.1" 200
2026-06-01 20:44:25  INFO     uvicorn.access  172.69.214.218:11388 - "GET /ccou.php HTTP/1.1" 307
2026-06-01 20:44:26  INFO     uvicorn.access  172.69.214.218:11388 - "GET / HTTP/1.1" 200
2026-06-01 20:44:26  INFO     uvicorn.access  172.69.214.218:11388 - "GET /wp-ver.php HTTP/1.1" 307
2026-06-01 20:44:26  INFO     uvicorn.access  172.69.214.218:11388 - "GET / HTTP/1.1" 200
2026-06-01 20:44:26  INFO     uvicorn.access  172.69.214.218:11388 - "GET /db.php HTTP/1.1" 307
2026-06-01 20:44:26  INFO     uvicorn.access  172.69.214.218:11388 - "GET / HTTP/1.1" 200
2026-06-01 20:44:26  INFO     uvicorn.access  172.69.214.218:11388 - "GET /lib.php HTTP/1.1" 307
2026-06-01 20:44:26  INFO     uvicorn.access  172.69.214.218:11388 - "GET / HTTP/1.1" 200
2026-06-01 20:44:27  INFO     uvicorn.access  172.69.214.218:11388 - "GET /sys.php HTTP/1.1" 307
2026-06-01 20:44:27  INFO     uvicorn.access  172.69.214.218:11388 - "GET / HTTP/1.1" 200
2026-06-01 20:44:27  INFO     uvicorn.access  172.69.214.218:11388 - "GET /lala.php HTTP/1.1" 307
2026-06-01 20:44:27  INFO     uvicorn.access  172.69.214.218:11388 - "GET / HTTP/1.1" 200
2026-06-01 20:44:27  INFO     uvicorn.access  172.69.214.218:11388 - "GET /bthil.php HTTP/1.1" 307
2026-06-01 20:44:27  INFO     uvicorn.access  172.69.214.218:11388 - "GET / HTTP/1.1" 200
2026-06-01 20:44:27  INFO     uvicorn.access  172.69.214.218:11388 - "GET /fun.php HTTP/1.1" 307
2026-06-01 20:44:27  INFO     uvicorn.access  172.69.214.218:11388 - "GET / HTTP/1.1" 200
2026-06-01 20:44:27  INFO     uvicorn.access  172.69.214.218:11388 - "GET /wp-the.php HTTP/1.1" 307
2026-06-01 20:44:27  INFO     uvicorn.access  172.69.214.218:11388 - "GET / HTTP/1.1" 200
2026-06-01 20:44:27  INFO     uvicorn.access  172.69.214.218:11388 - "GET /vx.php HTTP/1.1" 307
2026-06-01 20:44:28  INFO     uvicorn.access  172.69.214.218:11388 - "GET / HTTP/1.1" 200
2026-06-01 20:44:28  INFO     uvicorn.access  172.69.214.218:11388 - "GET /ff1.php HTTP/1.1" 307
2026-06-01 20:44:28  INFO     uvicorn.access  172.69.214.218:11388 - "GET / HTTP/1.1" 200
2026-06-01 20:44:28  INFO     uvicorn.access  172.69.214.218:11388 - "GET /explorer/index_.php HTTP/1.1" 404
2026-06-01 20:44:28  INFO     uvicorn.access  172.69.214.218:11388 - "GET /error.php HTTP/1.1" 307
2026-06-01 20:44:28  INFO     uvicorn.access  172.69.214.218:11388 - "GET / HTTP/1.1" 200
2026-06-01 20:44:28  INFO     uvicorn.access  172.69.214.218:11388 - "GET /333.php HTTP/1.1" 307
2026-06-01 20:44:28  INFO     uvicorn.access  172.69.214.218:11388 - "GET / HTTP/1.1" 200
2026-06-01 20:44:29  INFO     uvicorn.access  172.69.214.218:11388 - "GET /ftde.php HTTP/1.1" 307
2026-06-01 20:44:29  INFO     uvicorn.access  172.69.214.218:11388 - "GET / HTTP/1.1" 200
2026-06-01 20:44:29  INFO     uvicorn.access  172.69.214.218:11388 - "GET /app.php HTTP/1.1" 307
2026-06-01 20:44:29  INFO     uvicorn.access  172.69.214.218:11388 - "GET / HTTP/1.1" 200
2026-06-01 20:44:29  INFO     uvicorn.access  172.69.214.218:11388 - "GET /cilus.php HTTP/1.1" 307
2026-06-01 20:44:31  INFO     uvicorn.access  172.69.214.218:11388 - "GET / HTTP/1.1" 200
2026-06-01 20:44:31  INFO     uvicorn.access  172.69.214.218:11388 - "GET /a5.php HTTP/1.1" 307
2026-06-01 20:44:31  INFO     uvicorn.access  172.69.214.218:11388 - "GET / HTTP/1.1" 200
2026-06-01 20:44:31  INFO     uvicorn.access  172.69.214.218:11388 - "GET //test.php HTTP/1.1" 404
2026-06-01 20:44:31  INFO     uvicorn.access  172.69.214.218:11388 - "GET /aa.php HTTP/1.1" 307
2026-06-01 20:44:32  INFO     uvicorn.access  172.69.214.218:11388 - "GET / HTTP/1.1" 200
2026-06-01 20:44:32  INFO     uvicorn.access  172.69.214.218:11388 - "GET /term.php HTTP/1.1" 307
2026-06-01 20:44:32  INFO     uvicorn.access  172.69.214.218:11388 - "GET / HTTP/1.1" 200
2026-06-01 20:44:32  INFO     uvicorn.access  172.69.214.218:11388 - "GET /file61.php HTTP/1.1" 307
2026-06-01 20:44:32  INFO     uvicorn.access  172.69.214.218:11388 - "GET / HTTP/1.1" 200
2026-06-01 20:44:32  INFO     uvicorn.access  172.69.214.218:11388 - "GET /la.php HTTP/1.1" 307
2026-06-01 20:44:33  INFO     uvicorn.access  172.69.214.218:11388 - "GET / HTTP/1.1" 200
2026-06-01 20:44:33  INFO     uvicorn.access  172.69.214.218:11388 - "GET /first.php HTTP/1.1" 307
2026-06-01 20:44:33  INFO     uvicorn.access  172.69.214.218:11388 - "GET / HTTP/1.1" 200
2026-06-01 20:44:33  INFO     uvicorn.access  172.69.214.218:11388 - "GET /pass4.php HTTP/1.1" 307
2026-06-01 20:44:33  INFO     uvicorn.access  172.69.214.218:11388 - "GET / HTTP/1.1" 200
2026-06-01 20:44:33  INFO     uvicorn.access  172.69.214.218:11388 - "GET /wp-firewall.php HTTP/1.1" 307
2026-06-01 20:44:33  INFO     uvicorn.access  172.69.214.218:11388 - "GET / HTTP/1.1" 200
2026-06-01 20:44:33  INFO     uvicorn.access  172.69.214.218:11388 - "GET /lv.php HTTP/1.1" 307
2026-06-01 20:44:34  INFO     uvicorn.access  172.69.214.218:11388 - "GET / HTTP/1.1" 200
2026-06-01 20:44:34  INFO     uvicorn.access  172.69.214.218:11388 - "GET /yas.php HTTP/1.1" 307
2026-06-01 20:44:34  INFO     uvicorn.access  172.69.214.218:11388 - "GET / HTTP/1.1" 200
2026-06-01 20:44:34  INFO     uvicorn.access  172.69.214.218:11388 - "GET /wp-trackback.php HTTP/1.1" 307
2026-06-01 20:44:34  INFO     uvicorn.access  172.69.214.218:11388 - "GET / HTTP/1.1" 200
2026-06-01 20:44:34  INFO     uvicorn.access  172.69.214.218:11388 - "GET /png.php HTTP/1.1" 307
2026-06-01 20:44:34  INFO     uvicorn.access  172.69.214.218:11388 - "GET / HTTP/1.1" 200
2026-06-01 20:44:35  INFO     uvicorn.access  172.69.214.218:11388 - "GET /wp-at.php HTTP/1.1" 307
2026-06-01 20:44:35  INFO     uvicorn.access  172.69.214.218:11388 - "GET / HTTP/1.1" 200
2026-06-01 20:44:35  INFO     uvicorn.access  172.69.214.218:11388 - "GET /database.php HTTP/1.1" 307
2026-06-01 20:44:35  INFO     uvicorn.access  172.69.214.218:11388 - "GET / HTTP/1.1" 200
2026-06-01 20:44:35  INFO     uvicorn.access  172.69.214.218:11388 - "GET /like.php HTTP/1.1" 307
2026-06-01 20:44:35  INFO     uvicorn.access  172.69.214.218:11388 - "GET / HTTP/1.1" 200
2026-06-01 20:44:35  INFO     uvicorn.access  172.69.214.218:11388 - "GET /xxx.php HTTP/1.1" 307
2026-06-01 20:44:35  INFO     uvicorn.access  172.69.214.218:11388 - "GET / HTTP/1.1" 200
2026-06-01 20:44:35  INFO     uvicorn.access  172.69.214.218:11388 - "GET /new.php HTTP/1.1" 307
2026-06-01 20:44:35  INFO     uvicorn.access  172.69.214.218:11388 - "GET / HTTP/1.1" 200
2026-06-01 20:44:36  INFO     uvicorn.access  172.69.214.218:11388 - "GET /sid3.php HTTP/1.1" 307
2026-06-01 20:44:36  INFO     uvicorn.access  172.69.214.218:11388 - "GET / HTTP/1.1" 200
2026-06-01 20:44:36  INFO     uvicorn.access  172.69.214.218:11388 - "GET /txets.php HTTP/1.1" 307
2026-06-01 20:44:36  INFO     uvicorn.access  172.69.214.218:11388 - "GET / HTTP/1.1" 200
2026-06-01 20:44:36  INFO     uvicorn.access  172.69.214.218:11388 - "GET /shell20211028.php HTTP/1.1" 307
2026-06-01 20:44:36  INFO     uvicorn.access  172.69.214.218:11388 - "GET / HTTP/1.1" 200
2026-06-01 20:44:36  INFO     uvicorn.access  172.69.214.218:11388 - "GET /wp-wz.php HTTP/1.1" 307
2026-06-01 20:44:36  INFO     uvicorn.access  172.69.214.218:11388 - "GET / HTTP/1.1" 200
2026-06-01 20:44:36  INFO     uvicorn.access  172.69.214.218:11388 - "GET /albin.php HTTP/1.1" 307
2026-06-01 20:44:36  INFO     uvicorn.access  172.69.214.218:11388 - "GET / HTTP/1.1" 200
2026-06-01 20:44:36  INFO     uvicorn.access  172.69.214.218:11388 - "GET /ok.php HTTP/1.1" 307
2026-06-01 20:44:37  INFO     uvicorn.access  172.69.214.218:11388 - "GET / HTTP/1.1" 200
2026-06-01 20:44:37  INFO     uvicorn.access  172.69.214.218:11388 - "GET /drykl.php HTTP/1.1" 307
2026-06-01 20:44:37  INFO     uvicorn.access  172.69.214.218:11388 - "GET / HTTP/1.1" 200
2026-06-01 20:44:37  INFO     uvicorn.access  172.69.214.218:11388 - "GET /atomlib.php HTTP/1.1" 307
2026-06-01 20:44:37  INFO     uvicorn.access  172.69.214.218:11388 - "GET / HTTP/1.1" 200
2026-06-01 20:44:37  INFO     uvicorn.access  172.69.214.218:11388 - "GET /z.php HTTP/1.1" 307
2026-06-01 20:44:37  INFO     uvicorn.access  172.69.214.218:11388 - "GET / HTTP/1.1" 200
2026-06-01 20:44:38  INFO     uvicorn.access  172.69.214.218:11388 - "GET /wp-png.php HTTP/1.1" 307
2026-06-01 20:44:38  INFO     uvicorn.access  172.69.214.218:11388 - "GET / HTTP/1.1" 200
2026-06-01 20:44:38  INFO     uvicorn.access  172.69.214.218:11388 - "GET /wp-content/uploads/admin.php HTTP/1.1" 404
2026-06-01 20:44:38  INFO     uvicorn.access  172.69.214.218:11388 - "GET /wp-admin/maint/wp-is.php HTTP/1.1" 404
2026-06-01 20:44:38  INFO     uvicorn.access  172.69.214.218:11388 - "GET /sadcut1.php HTTP/1.1" 307
2026-06-01 20:44:38  INFO     uvicorn.access  172.69.214.218:11388 - "GET / HTTP/1.1" 200
2026-06-01 20:44:38  INFO     uvicorn.access  172.69.214.218:11388 - "GET //wp.php HTTP/1.1" 404
2026-06-01 20:44:38  INFO     uvicorn.access  172.69.214.218:11388 - "GET //x.php HTTP/1.1" 404
2026-06-01 20:44:38  INFO     uvicorn.access  172.69.214.218:11388 - "GET /wp-conflg.php HTTP/1.1" 307
2026-06-01 20:44:38  INFO     uvicorn.access  172.69.214.218:11388 - "GET / HTTP/1.1" 200
2026-06-01 20:44:40  INFO     uvicorn.access  172.69.214.218:11388 - "GET /wp-update.php HTTP/1.1" 307
2026-06-01 20:44:40  INFO     uvicorn.access  172.69.214.218:11388 - "GET / HTTP/1.1" 200
2026-06-01 20:44:41  INFO     uvicorn.access  172.69.214.218:11388 - "GET /hello.php HTTP/1.1" 307
2026-06-01 20:44:41  INFO     uvicorn.access  172.69.214.218:11388 - "GET / HTTP/1.1" 200
2026-06-01 20:44:41  INFO     uvicorn.access  172.69.214.218:11388 - "GET /NewFile.php HTTP/1.1" 307
2026-06-01 20:44:41  INFO     uvicorn.access  172.69.214.218:11388 - "GET / HTTP/1.1" 200
2026-06-01 20:44:41  INFO     uvicorn.access  172.69.214.218:11388 - "GET /bless5.php HTTP/1.1" 307
2026-06-01 20:44:41  INFO     uvicorn.access  172.69.214.218:11388 - "GET / HTTP/1.1" 200
2026-06-01 20:44:41  INFO     uvicorn.access  172.69.214.218:11388 - "GET /v2.php HTTP/1.1" 307
2026-06-01 20:44:42  INFO     uvicorn.access  172.69.214.218:11388 - "GET / HTTP/1.1" 200
2026-06-01 20:44:42  INFO     uvicorn.access  172.69.214.218:11388 - "GET /wp4.php HTTP/1.1" 307
2026-06-01 20:44:42  INFO     uvicorn.access  172.69.214.218:11388 - "GET / HTTP/1.1" 200
2026-06-01 20:44:42  INFO     uvicorn.access  172.69.214.218:11388 - "GET /bless11.php HTTP/1.1" 307
2026-06-01 20:44:42  INFO     uvicorn.access  172.69.214.218:11388 - "GET / HTTP/1.1" 200
2026-06-01 20:44:42  INFO     uvicorn.access  172.69.214.218:11388 - "GET /fileas.php HTTP/1.1" 307
2026-06-01 20:44:42  INFO     uvicorn.access  172.69.214.218:11388 - "GET / HTTP/1.1" 200
2026-06-01 20:44:42  INFO     uvicorn.access  172.69.214.218:11388 - "GET /wp-aothait.php HTTP/1.1" 307
2026-06-01 20:44:43  INFO     uvicorn.access  172.69.214.218:11388 - "GET / HTTP/1.1" 200
2026-06-01 20:44:43  INFO     uvicorn.access  172.69.214.218:11388 - "GET /motu.php HTTP/1.1" 307
2026-06-01 20:44:43  INFO     uvicorn.access  172.69.214.218:11388 - "GET / HTTP/1.1" 200
2026-06-01 20:44:43  INFO     uvicorn.access  172.69.214.218:11388 - "GET /fff.php HTTP/1.1" 307
2026-06-01 20:44:43  INFO     uvicorn.access  172.69.214.218:11388 - "GET / HTTP/1.1" 200
2026-06-01 20:44:43  INFO     uvicorn.access  172.69.214.218:11388 - "GET /wp5.php HTTP/1.1" 307
2026-06-01 20:44:43  INFO     uvicorn.access  172.69.214.218:11388 - "GET / HTTP/1.1" 200
2026-06-01 20:44:43  INFO     uvicorn.access  172.69.214.218:11388 - "GET /wp-act.php HTTP/1.1" 307
2026-06-01 20:44:43  INFO     uvicorn.access  172.69.214.218:11388 - "GET / HTTP/1.1" 200
2026-06-01 20:44:44  INFO     uvicorn.access  172.69.214.218:11388 - "GET /myfile.php HTTP/1.1" 307
2026-06-01 20:44:44  INFO     uvicorn.access  172.69.214.218:11388 - "GET / HTTP/1.1" 200
2026-06-01 20:44:44  INFO     uvicorn.access  172.69.214.218:11388 - "GET /xqq.php HTTP/1.1" 307
2026-06-01 20:44:44  INFO     uvicorn.access  172.69.214.218:11388 - "GET / HTTP/1.1" 200
2026-06-01 20:44:44  INFO     uvicorn.access  172.69.214.218:11388 - "GET /kolda.php HTTP/1.1" 307
2026-06-01 20:44:44  INFO     uvicorn.access  172.69.214.218:11388 - "GET / HTTP/1.1" 200
2026-06-01 20:44:44  INFO     uvicorn.access  172.69.214.218:11388 - "GET /666.php HTTP/1.1" 307
2026-06-01 20:44:44  INFO     uvicorn.access  172.69.214.218:11388 - "GET / HTTP/1.1" 200
2026-06-01 20:44:44  INFO     uvicorn.access  172.69.214.218:11388 - "GET /xoot.php HTTP/1.1" 307
2026-06-01 20:44:44  INFO     uvicorn.access  172.69.214.218:11388 - "GET / HTTP/1.1" 200
2026-06-01 20:44:45  INFO     uvicorn.access  172.69.214.218:11388 - "GET /vgtyu.php HTTP/1.1" 307
2026-06-01 20:44:45  INFO     uvicorn.access  172.69.214.218:11388 - "GET / HTTP/1.1" 200
2026-06-01 20:44:46  INFO     uvicorn.access  172.69.214.218:11388 - "GET /06.php HTTP/1.1" 307
2026-06-01 20:44:46  INFO     uvicorn.access  172.69.214.218:11388 - "GET / HTTP/1.1" 200
2026-06-01 20:44:46  INFO     uvicorn.access  172.69.214.218:11388 - "GET //erty.php HTTP/1.1" 404
2026-06-01 20:44:46  INFO     uvicorn.access  172.69.214.218:11388 - "GET /fs.php HTTP/1.1" 307
2026-06-01 20:44:46  INFO     uvicorn.access  172.69.214.218:11388 - "GET / HTTP/1.1" 200
2026-06-01 20:44:46  INFO     uvicorn.access  172.69.214.218:11388 - "GET /66.php HTTP/1.1" 307
2026-06-01 20:44:47  INFO     uvicorn.access  172.69.214.218:11388 - "GET / HTTP/1.1" 200
2026-06-01 20:44:47  INFO     uvicorn.access  172.69.214.218:11388 - "GET /grsiuk.php HTTP/1.1" 307
2026-06-01 20:44:47  INFO     uvicorn.access  172.69.214.218:11388 - "GET / HTTP/1.1" 200
2026-06-01 20:44:47  INFO     uvicorn.access  172.69.214.218:11388 - "GET /new4.php HTTP/1.1" 307
2026-06-01 20:44:47  INFO     uvicorn.access  172.69.214.218:11388 - "GET / HTTP/1.1" 200
2026-06-01 20:44:47  INFO     uvicorn.access  172.69.214.218:11388 - "GET /pouhg.php HTTP/1.1" 307
2026-06-01 20:44:47  INFO     uvicorn.access  172.69.214.218:11388 - "GET / HTTP/1.1" 200
2026-06-01 20:44:47  INFO     uvicorn.access  172.69.214.218:11388 - "GET /xa.php HTTP/1.1" 307
2026-06-01 20:44:48  INFO     uvicorn.access  172.69.214.218:11388 - "GET / HTTP/1.1" 200
2026-06-01 20:44:48  INFO     uvicorn.access  172.69.214.218:11388 - "GET /ms.php HTTP/1.1" 307
2026-06-01 20:44:48  INFO     uvicorn.access  172.69.214.218:11388 - "GET / HTTP/1.1" 200
2026-06-01 23:30:28  INFO     uvicorn.access  85.217.140.13:44498 - "GET / HTTP/1.1" 200
2026-06-02 00:17:07  INFO     uvicorn.access  162.158.88.53:12174 - "GET / HTTP/1.1" 200
2026-06-02 00:17:08  INFO     uvicorn.access  172.68.164.84:11722 - "GET /favicon.ico HTTP/1.1" 307
2026-06-02 00:17:09  INFO     uvicorn.access  162.158.88.31:13336 - "GET / HTTP/1.1" 200
2026-06-02 00:17:10  INFO     uvicorn.access  162.158.88.53:12174 - "GET / HTTP/1.1" 200
2026-06-02 00:17:10  INFO     uvicorn.access  172.68.164.130:10512 - "GET /static/css/common.css HTTP/1.1" 304
2026-06-02 00:17:10  INFO     uvicorn.access  104.22.66.103:13638 - "GET /static/css/home.css HTTP/1.1" 304
2026-06-02 00:17:10  INFO     uvicorn.access  162.158.88.160:9309 - "GET /static/js/common.js HTTP/1.1" 304
2026-06-02 00:17:11  INFO     uvicorn.access  162.158.88.53:12174 - "GET /api/announcement?page=home HTTP/1.1" 200
2026-06-02 00:17:12  INFO     uvicorn.access  162.158.88.53:12174 - "GET /play HTTP/1.1" 200
2026-06-02 00:17:13  INFO     uvicorn.access  172.71.124.208:11755 - "GET /static/css/play.css?v=1779876137 HTTP/1.1" 304
2026-06-02 00:17:13  INFO     uvicorn.access  172.69.176.81:11156 - "GET /static/js/play.js?v=1779876137 HTTP/1.1" 304
2026-06-02 00:17:13  INFO     uvicorn.access  162.158.88.53:12174 - "GET /api/announcement?page=play HTTP/1.1" 200
2026-06-02 00:17:13  INFO     uvicorn.access  162.158.88.53:12174 - "GET /api/history/usage HTTP/1.1" 401
2026-06-02 00:17:14  INFO     uvicorn.access  162.158.88.53:12174 - "GET /api/history/list HTTP/1.1" 401
2026-06-02 00:17:17  INFO     uvicorn.access  162.158.88.53:12174 - "GET /api/proxy/v1/models HTTP/1.1" 200
2026-06-02 00:19:51  WARNING  app.routers.api_proxy  代理上游返回 HTML 错误 [524] https://newapi-cf.qianqianye.com/v1/images/edits: <!DOCTYPE html>
<!--[if lt IE 7]> <html class="no-js ie6 oldie" lang="en-US"> <![endif]-->
<!--[if I
2026-06-02 00:22:18  WARNING  app.routers.api_proxy  代理上游返回 HTML 错误 [524] https://newapi-cf.qianqianye.com/v1/images/edits: <!DOCTYPE html>
<!--[if lt IE 7]> <html class="no-js ie6 oldie" lang="en-US"> <![endif]-->
<!--[if I
2026-06-02 00:22:38  INFO     uvicorn.access  162.158.88.52:9715 - "GET /play HTTP/1.1" 200
2026-06-02 00:22:38  INFO     uvicorn.access  162.158.88.52:9715 - "GET /api/announcement?page=play HTTP/1.1" 200
2026-06-02 00:22:38  INFO     uvicorn.access  162.158.88.53:11973 - "GET /api/history/usage HTTP/1.1" 401
2026-06-02 00:22:39  INFO     uvicorn.access  162.158.88.52:9715 - "GET /api/history/list HTTP/1.1" 401
2026-06-02 00:22:44  INFO     uvicorn.access  162.158.88.52:10482 - "GET /api/proxy/v1/models HTTP/1.1" 200
2026-06-02 00:26:00  WARNING  app.routers.api_proxy  代理上游返回 HTML 错误 [524] https://newapi-cf.qianqianye.com/v1/images/edits: <!DOCTYPE html>
<!--[if lt IE 7]> <html class="no-js ie6 oldie" lang="en-US"> <![endif]-->
<!--[if I
2026-06-02 00:28:39  WARNING  app.routers.api_proxy  代理上游返回 HTML 错误 [524] https://newapi-cf.qianqianye.com/v1/images/edits: <!DOCTYPE html>
<!--[if lt IE 7]> <html class="no-js ie6 oldie" lang="en-US"> <![endif]-->
<!--[if I
2026-06-02 00:34:32  INFO     uvicorn.access  108.162.237.37:10968 - "GET /robots.txt HTTP/1.1" 307
2026-06-02 00:34:32  INFO     uvicorn.access  104.23.245.191:13458 - "GET / HTTP/1.1" 200
2026-06-02 01:12:10  INFO     uvicorn.access  35.203.210.27:63626 - "GET / HTTP/1.1" 200
2026-06-02 01:56:58  INFO     uvicorn.access  162.158.175.158:13190 - "GET /robots.txt HTTP/1.1" 307
2026-06-02 01:56:58  INFO     uvicorn.access  162.159.116.198:10141 - "GET / HTTP/1.1" 200
2026-06-02 02:03:18  WARNING  uvicorn.error  Invalid HTTP request received.
2026-06-02 02:04:17  INFO     uvicorn.access  162.159.98.205:14172 - "GET / HTTP/1.1" 200
2026-06-02 02:04:17  INFO     uvicorn.access  162.159.98.153:11139 - "GET /static/js/common.js HTTP/1.1" 304
2026-06-02 02:04:17  INFO     uvicorn.access  172.68.211.187:13090 - "GET /static/css/common.css HTTP/1.1" 304
2026-06-02 02:04:17  INFO     uvicorn.access  162.158.193.216:13158 - "GET /static/css/home.css HTTP/1.1" 304
2026-06-02 02:04:17  INFO     uvicorn.access  162.159.98.205:14172 - "GET /api/announcement?page=home HTTP/1.1" 200
2026-06-02 02:04:18  INFO     uvicorn.access  162.159.98.205:14172 - "GET /play HTTP/1.1" 200
2026-06-02 02:04:19  INFO     uvicorn.access  172.68.211.4:12414 - "GET /static/css/play.css?v=1779876137 HTTP/1.1" 304
2026-06-02 02:04:19  INFO     uvicorn.access  162.158.193.100:9957 - "GET /static/js/play.js?v=1779876137 HTTP/1.1" 304
2026-06-02 02:04:19  INFO     uvicorn.access  162.159.98.205:14172 - "GET /api/announcement?page=play HTTP/1.1" 200
2026-06-02 02:04:19  INFO     uvicorn.access  162.159.98.204:10539 - "GET /api/history/usage HTTP/1.1" 401
2026-06-02 02:04:22  INFO     uvicorn.access  162.159.98.205:14172 - "GET /api/history/list HTTP/1.1" 401
2026-06-02 02:04:35  INFO     uvicorn.access  162.159.98.204:9523 - "GET /api/proxy/v1/models HTTP/1.1" 200
2026-06-02 02:37:28  INFO     uvicorn.access  172.70.206.94:10926 - "GET / HTTP/1.1" 200
2026-06-02 02:37:28  INFO     uvicorn.access  172.64.217.136:9856 - "GET /static/js/common.js HTTP/1.1" 304
2026-06-02 02:37:28  INFO     uvicorn.access  162.158.91.115:11855 - "GET /static/css/common.css HTTP/1.1" 304
2026-06-02 02:37:28  INFO     uvicorn.access  162.158.91.170:11814 - "GET /static/css/home.css HTTP/1.1" 304
2026-06-02 02:37:29  INFO     uvicorn.access  172.70.206.94:10926 - "GET /api/announcement?page=home HTTP/1.1" 200
2026-06-02 02:37:33  INFO     uvicorn.access  172.70.206.94:10926 - "GET /play HTTP/1.1" 200
2026-06-02 02:37:33  INFO     uvicorn.access  172.69.33.65:9299 - "GET /static/js/play.js?v=1779876137 HTTP/1.1" 304
2026-06-02 02:37:33  INFO     uvicorn.access  172.70.215.22:11075 - "GET /static/css/play.css?v=1779876137 HTTP/1.1" 304
2026-06-02 02:37:34  INFO     uvicorn.access  172.70.206.94:10926 - "GET /api/announcement?page=play HTTP/1.1" 200
2026-06-02 02:37:37  INFO     uvicorn.access  104.22.20.212:11081 - "GET / HTTP/1.1" 200
2026-06-02 02:37:37  INFO     uvicorn.access  104.22.20.64:10799 - "GET /static/js/common.js HTTP/1.1" 200
2026-06-02 02:37:37  INFO     uvicorn.access  172.69.134.76:12190 - "GET /static/css/home.css HTTP/1.1" 200
2026-06-02 02:37:37  INFO     uvicorn.access  172.69.22.61:12757 - "GET /static/css/common.css HTTP/1.1" 200
2026-06-02 02:37:37  INFO     uvicorn.access  162.158.167.149:13604 - "GET /api/announcement?page=home HTTP/1.1" 200
2026-06-02 02:37:40  INFO     uvicorn.access  162.158.167.149:13604 - "GET /play HTTP/1.1" 200
2026-06-02 02:37:40  INFO     uvicorn.access  162.158.167.104:12576 - "GET /static/css/play.css?v=1779876137 HTTP/1.1" 200
2026-06-02 02:37:40  INFO     uvicorn.access  172.71.155.104:12901 - "GET /static/js/play.js?v=1779876137 HTTP/1.1" 200
2026-06-02 02:37:40  INFO     uvicorn.access  162.158.167.149:13604 - "GET /api/announcement?page=play HTTP/1.1" 200
2026-06-02 02:39:41  INFO     uvicorn.access  172.70.206.95:12698 - "GET /play HTTP/1.1" 200
2026-06-02 02:39:42  INFO     uvicorn.access  172.70.206.95:12698 - "GET /api/announcement?page=play HTTP/1.1" 200
2026-06-02 02:42:51  INFO     uvicorn.access  172.68.211.154:9447 - "POST /api/proxy/v1/images/edits HTTP/1.1" 200
2026-06-02 02:43:03  INFO     uvicorn.access  172.68.211.155:13721 - "POST /api/history/save HTTP/1.1" 401
2026-06-02 02:43:06  INFO     uvicorn.access  104.22.20.213:10431 - "GET /play HTTP/1.1" 200
2026-06-02 02:43:11  INFO     uvicorn.access  172.68.211.155:12244 - "GET /api/history/usage HTTP/1.1" 401
2026-06-02 02:45:09  INFO     uvicorn.access  141.101.84.49:9839 - "GET /gallery HTTP/1.1" 200
2026-06-02 02:45:09  INFO     uvicorn.access  141.101.84.154:14061 - "GET /static/css/gallery.css?v=1779876137 HTTP/1.1" 200
2026-06-02 02:45:09  INFO     uvicorn.access  162.158.139.22:11102 - "GET /static/js/gallery.js?v=1779876137 HTTP/1.1" 200
2026-06-02 02:45:10  INFO     uvicorn.access  141.101.84.49:9839 - "GET /api/gallery/liked?fingerprint=76f70a99 HTTP/1.1" 200
2026-06-02 02:45:10  INFO     uvicorn.access  141.101.85.18:12180 - "GET /api/announcement?page=gallery HTTP/1.1" 200
2026-06-02 02:45:10  INFO     uvicorn.access  141.101.85.18:12180 - "GET /api/gallery/images?page=1&sort=likes HTTP/1.1" 200
2026-06-02 02:45:11  INFO     uvicorn.access  172.71.111.74:9848 - "GET /api/gallery/avatar/IMG_8536.png HTTP/1.1" 200
2026-06-02 02:45:11  INFO     uvicorn.access  162.158.138.207:11750 - "GET /api/gallery/avatar/IMG_8578.png HTTP/1.1" 200
2026-06-02 02:45:11  INFO     uvicorn.access  141.101.84.168:9623 - "GET /api/gallery/avatar/IMG_8531.png HTTP/1.1" 200
2026-06-02 02:45:11  INFO     uvicorn.access  141.101.84.75:13697 - "GET /api/gallery/avatar/IMG_8559.png HTTP/1.1" 200
2026-06-02 02:45:11  INFO     uvicorn.access  172.71.110.246:13499 - "GET /api/gallery/file/4146c931c3244121ae6704675aad583b.png HTTP/1.1" 200
2026-06-02 02:45:11  INFO     uvicorn.access  141.101.85.58:11087 - "GET /api/gallery/file/3afbc016ab104c9eb569ca1c3d813b39.png HTTP/1.1" 200
2026-06-02 02:45:11  INFO     uvicorn.access  162.158.138.155:13246 - "GET /api/gallery/file/b9dcee91db814cababe7148f68511586.png HTTP/1.1" 200
2026-06-02 02:45:11  INFO     uvicorn.access  141.101.84.201:10588 - "GET /api/gallery/file/5288082c3c2f480ba32bf60a2b7a0a8d.png HTTP/1.1" 200
2026-06-02 02:45:11  INFO     uvicorn.access  172.71.110.254:9634 - "GET /api/gallery/file/504cff89cfa0457a983588b56e14224d.png HTTP/1.1" 200
2026-06-02 02:45:11  INFO     uvicorn.access  141.101.84.188:12887 - "GET /api/gallery/file/039985f90d01467c8aa2f27d4b719282.png HTTP/1.1" 200
2026-06-02 02:45:11  INFO     uvicorn.access  162.158.138.135:12556 - "GET /api/gallery/file/bf8659bfd921477e9b19db3dc33fb5b1.png HTTP/1.1" 200
2026-06-02 02:45:11  INFO     uvicorn.access  172.71.111.99:11239 - "GET /api/gallery/file/03ebfe77ba784cd4967369a9bf682555.png HTTP/1.1" 200
2026-06-02 02:45:15  INFO     uvicorn.access  141.101.84.49:9839 - "GET /play HTTP/1.1" 200
2026-06-02 02:47:41  WARNING  app.routers.api_proxy  代理上游返回 HTML 错误 [524] https://newapi-cf.qianqianye.com/v1/images/edits: <!DOCTYPE html>
<!--[if lt IE 7]> <html class="no-js ie6 oldie" lang="en-US"> <![endif]-->
<!--[if I
2026-06-02 02:48:28  INFO     uvicorn.access  162.158.90.237:12194 - "GET /api/proxy/v1/models HTTP/1.1" 200
2026-06-02 02:48:50  INFO     uvicorn.access  172.68.225.118:10463 - "POST /api/proxy/v1/images/edits HTTP/1.1" 200
2026-06-02 02:49:06  INFO     uvicorn.access  172.68.225.119:9581 - "POST /api/history/save HTTP/1.1" 401
2026-06-02 02:49:14  INFO     uvicorn.access  141.101.84.48:11991 - "GET /play HTTP/1.1" 200
2026-06-02 02:49:15  INFO     uvicorn.access  172.68.225.118:11766 - "GET /api/history/usage HTTP/1.1" 401
2026-06-02 02:49:54  INFO     uvicorn.access  141.101.84.48:10492 - "GET /api/proxy/v1/models HTTP/1.1" 200
2026-06-02 02:53:20  INFO     uvicorn.access  104.23.225.89:11318 - "POST /api/proxy/v1/chat/completions HTTP/1.1" 200
2026-06-02 02:53:26  INFO     uvicorn.access  104.23.225.88:13618 - "POST /api/history/save HTTP/1.1" 401
2026-06-02 02:53:27  INFO     uvicorn.access  104.23.225.88:13620 - "GET /api/history/usage HTTP/1.1" 401
2026-06-02 02:56:02  INFO     uvicorn.access  104.23.225.88:13618 - "POST /api/proxy/v1/images/edits HTTP/1.1" 200
2026-06-02 02:56:10  INFO     uvicorn.access  172.68.211.154:13054 - "POST /api/history/save HTTP/1.1" 401
2026-06-02 02:56:15  INFO     uvicorn.access  172.68.211.155:10046 - "GET /api/history/usage HTTP/1.1" 401
2026-06-02 03:00:33  INFO     uvicorn.access  172.64.217.52:10653 - "GET / HTTP/1.1" 200
2026-06-02 03:00:33  INFO     uvicorn.access  172.64.217.52:10653 - "GET /api/announcement?page=home HTTP/1.1" 200
2026-06-02 03:00:35  INFO     uvicorn.access  172.64.217.52:10653 - "GET /play HTTP/1.1" 200
2026-06-02 03:00:35  INFO     uvicorn.access  172.64.217.52:10653 - "GET /api/announcement?page=play HTTP/1.1" 200
2026-06-02 03:00:39  INFO     uvicorn.access  172.64.217.52:10653 - "GET /api/proxy/v1/models HTTP/1.1" 200
2026-06-02 03:02:13  INFO     uvicorn.access  172.64.217.52:10191 - "POST /api/proxy/v1/images/generations HTTP/1.1" 200
2026-06-02 03:07:28  INFO     uvicorn.access  141.101.84.49:11930 - "GET /play HTTP/1.1" 200
2026-06-02 03:07:31  INFO     uvicorn.access  141.101.84.49:11930 - "GET /api/proxy/v1/models HTTP/1.1" 200
2026-06-02 03:07:54  INFO     uvicorn.access  121.43.55.31:45532 - "GET / HTTP/1.1" 200
2026-06-02 03:11:27  WARNING  app.routers.api_proxy  代理上游返回 HTML 错误 [524] https://newapi-cf.qianqianye.com/v1/images/edits: <!DOCTYPE html>
<!--[if lt IE 7]> <html class="no-js ie6 oldie" lang="en-US"> <![endif]-->
<!--[if I
2026-06-02 03:18:24  INFO     uvicorn.access  172.68.225.118:13696 - "POST /api/proxy/v1/images/edits HTTP/1.1" 200
2026-06-02 03:18:33  INFO     uvicorn.access  172.68.225.119:11126 - "POST /api/history/save HTTP/1.1" 401
2026-06-02 03:18:38  INFO     uvicorn.access  172.68.225.119:11130 - "GET /api/history/usage HTTP/1.1" 401
2026-06-02 03:21:43  INFO     uvicorn.access  162.158.138.20:11933 - "POST /api/proxy/v1/images/edits HTTP/1.1" 200
2026-06-02 03:24:02  INFO     uvicorn.access  162.158.193.212:12667 - "POST /api/proxy/v1/images/edits HTTP/1.1" 200
2026-06-02 03:24:13  INFO     uvicorn.access  162.158.193.213:12223 - "POST /api/history/save HTTP/1.1" 401
2026-06-02 03:24:18  INFO     uvicorn.access  162.158.193.212:9749 - "GET /api/history/usage HTTP/1.1" 401
2026-06-02 03:26:44  INFO     uvicorn.access  154.197.56.163:35646 - "GET / HTTP/1.0" 200
2026-06-02 03:26:44  INFO     uvicorn.access  154.197.56.163:35648 - "GET /robots.txt HTTP/1.1" 307
2026-06-02 03:26:44  INFO     uvicorn.access  154.197.56.163:35648 - "GET / HTTP/1.1" 200
2026-06-02 03:26:44  INFO     uvicorn.access  154.197.56.163:35650 - "GET /.well-known/security.txt HTTP/1.1" 404
2026-06-02 03:26:44  INFO     uvicorn.access  154.197.56.163:35652 - "GET /sitemap.xml HTTP/1.1" 307
2026-06-02 03:26:44  INFO     uvicorn.access  154.197.56.163:35652 - "GET / HTTP/1.1" 200
2026-06-02 03:26:44  INFO     uvicorn.access  154.197.56.163:35654 - "GET /llms.txt HTTP/1.1" 307
2026-06-02 03:26:44  INFO     uvicorn.access  154.197.56.163:35654 - "GET / HTTP/1.1" 200
2026-06-02 03:27:15  INFO     uvicorn.access  162.158.193.213:12040 - "POST /api/proxy/v1/images/edits HTTP/1.1" 200
2026-06-02 03:27:25  INFO     uvicorn.access  162.158.193.213:12491 - "POST /api/history/save HTTP/1.1" 401
2026-06-02 03:27:31  INFO     uvicorn.access  162.158.193.212:12551 - "GET /api/history/usage HTTP/1.1" 401
2026-06-02 03:28:17  INFO     uvicorn.access  172.71.110.209:10275 - "POST /api/proxy/v1/images/edits HTTP/1.1" 200
2026-06-02 03:29:12  INFO     uvicorn.access  162.158.193.212:10233 - "POST /api/proxy/v1/images/edits HTTP/1.1" 200
2026-06-02 03:29:22  INFO     uvicorn.access  162.158.193.212:9342 - "POST /api/history/save HTTP/1.1" 401
2026-06-02 03:29:30  INFO     uvicorn.access  162.158.193.213:9229 - "GET /api/history/usage HTTP/1.1" 401
2026-06-02 03:31:04  INFO     uvicorn.access  162.158.193.213:10270 - "POST /api/proxy/v1/images/edits HTTP/1.1" 200
2026-06-02 03:31:14  INFO     uvicorn.access  162.158.193.213:13112 - "POST /api/history/save HTTP/1.1" 401
2026-06-02 03:31:21  INFO     uvicorn.access  162.158.193.213:13696 - "GET /api/history/usage HTTP/1.1" 401
2026-06-02 03:33:51  INFO     uvicorn.access  162.158.193.213:13279 - "POST /api/proxy/v1/images/generations HTTP/1.1" 200
2026-06-02 03:34:02  INFO     uvicorn.access  162.158.193.213:12458 - "POST /api/history/save HTTP/1.1" 401
2026-06-02 03:34:04  INFO     uvicorn.access  162.158.193.212:11958 - "GET /api/history/usage HTTP/1.1" 401
2026-06-02 03:36:45  INFO     uvicorn.access  162.158.193.213:12252 - "POST /api/proxy/v1/images/generations HTTP/1.1" 200
2026-06-02 03:36:55  INFO     uvicorn.access  162.158.193.212:9324 - "POST /api/history/save HTTP/1.1" 401
2026-06-02 03:37:05  INFO     uvicorn.access  162.158.193.212:14098 - "GET /api/history/usage HTTP/1.1" 401
2026-06-02 03:39:56  INFO     uvicorn.access  172.70.206.95:11710 - "GET / HTTP/1.1" 200
2026-06-02 03:39:57  INFO     uvicorn.access  172.64.217.52:11664 - "GET /api/announcement?page=home HTTP/1.1" 200
2026-06-02 03:52:18  INFO     uvicorn.access  172.68.225.119:13378 - "POST /api/proxy/v1/images/edits HTTP/1.1" 200
2026-06-02 03:52:27  INFO     uvicorn.access  172.68.225.118:11432 - "POST /api/history/save HTTP/1.1" 401
2026-06-02 03:52:28  INFO     uvicorn.access  108.162.246.190:9529 - "GET / HTTP/1.1" 200
2026-06-02 03:52:29  INFO     uvicorn.access  108.162.245.66:14041 - "GET /static/js/common.js HTTP/1.1" 200
2026-06-02 03:52:29  INFO     uvicorn.access  108.162.246.224:13991 - "GET /static/css/common.css HTTP/1.1" 200
2026-06-02 03:52:29  INFO     uvicorn.access  108.162.246.15:9311 - "GET /static/css/home.css HTTP/1.1" 200
2026-06-02 03:52:29  INFO     uvicorn.access  108.162.246.190:9529 - "GET /api/announcement?page=home HTTP/1.1" 200
2026-06-02 03:52:30  INFO     uvicorn.access  172.68.225.119:12157 - "GET /api/history/usage HTTP/1.1" 401
2026-06-02 03:52:30  INFO     uvicorn.access  108.162.246.190:9529 - "GET /play HTTP/1.1" 200
2026-06-02 03:52:31  INFO     uvicorn.access  162.159.120.249:10807 - "GET /static/css/play.css?v=1779876137 HTTP/1.1" 200
2026-06-02 03:52:31  INFO     uvicorn.access  108.162.245.142:12331 - "GET /static/js/play.js?v=1779876137 HTTP/1.1" 200
2026-06-02 03:52:32  INFO     uvicorn.access  108.162.246.190:9529 - "GET /api/announcement?page=play HTTP/1.1" 200
2026-06-02 03:52:45  INFO     uvicorn.access  108.162.246.190:10745 - "POST /auth/login HTTP/1.1" 200
2026-06-02 03:52:45  INFO     uvicorn.access  108.162.246.190:10745 - "GET /api/history/list HTTP/1.1" 200
2026-06-02 03:52:45  INFO     uvicorn.access  108.162.246.189:10127 - "GET /api/history/usage HTTP/1.1" 200
2026-06-02 03:53:16  INFO     uvicorn.access  108.162.246.189:13035 - "GET / HTTP/1.1" 200
2026-06-02 03:53:17  INFO     uvicorn.access  108.162.246.189:13035 - "GET /api/announcement?page=home HTTP/1.1" 200
2026-06-02 03:53:18  INFO     uvicorn.access  108.162.246.189:13035 - "GET /play HTTP/1.1" 200
2026-06-02 03:53:18  INFO     uvicorn.access  108.162.246.189:13035 - "GET /api/history/usage HTTP/1.1" 200
2026-06-02 03:53:18  INFO     uvicorn.access  108.162.246.190:13087 - "GET /api/history/list HTTP/1.1" 200
2026-06-02 03:53:22  INFO     uvicorn.access  108.162.246.189:13035 - "GET /api/proxy/v1/models HTTP/1.1" 401
2026-06-02 03:53:29  INFO     uvicorn.access  108.162.246.189:12850 - "GET /api/proxy/v1/models HTTP/1.1" 200
2026-06-02 03:55:04  INFO     uvicorn.access  108.162.246.160:11584 - "GET /api/history/image/napcat/1780334498638_1384_0.png?token=eyJpZCI6IDAsICJ1c2VybmFtZSI6ICJuYXBjYXQiLCAicm9sZSI6IDAsICJpc19hZG1pbiI6IGZhbHNlLCAiZXhwIjogMTc4Mjk2NDM2NX0%3D.67021dc8ecaec6d94afcfdb5113fef23 HTTP/1.1" 404
2026-06-02 03:56:48  INFO     uvicorn.access  108.162.246.190:13894 - "POST /api/proxy/v1/images/edits HTTP/1.1" 200
2026-06-02 03:57:02  INFO     uvicorn.access  108.162.246.190:11745 - "POST /api/history/save HTTP/1.1" 200
2026-06-02 03:57:02  INFO     uvicorn.access  108.162.246.190:11745 - "GET /api/history/usage HTTP/1.1" 200
2026-06-02 03:58:19  INFO     uvicorn.access  172.71.215.38:9235 - "POST /api/proxy/v1/images/edits HTTP/1.1" 200
2026-06-02 03:58:27  INFO     uvicorn.access  172.71.215.37:11745 - "POST /api/history/save HTTP/1.1" 401
2026-06-02 03:58:32  INFO     uvicorn.access  172.71.215.38:11046 - "GET /api/history/usage HTTP/1.1" 401
2026-06-02 04:00:13  INFO     uvicorn.access  172.71.215.37:13140 - "POST /api/proxy/v1/images/edits HTTP/1.1" 200
2026-06-02 04:00:29  INFO     uvicorn.access  172.71.215.38:9670 - "POST /api/history/save HTTP/1.1" 401
2026-06-02 04:00:32  INFO     uvicorn.access  172.71.215.37:9775 - "GET /api/history/usage HTTP/1.1" 401
2026-06-02 04:01:32  INFO     uvicorn.access  162.158.41.180:10893 - "POST /api/proxy/v1/images/edits HTTP/1.1" 200
2026-06-02 04:02:05  INFO     uvicorn.access  172.68.23.40:13747 - "POST /api/proxy/v1/images/edits HTTP/1.1" 200
2026-06-02 04:02:10  INFO     uvicorn.access  172.68.23.40:13747 - "POST /api/history/save HTTP/1.1" 200
2026-06-02 04:02:11  INFO     uvicorn.access  172.68.23.40:13747 - "GET /api/history/usage HTTP/1.1" 200
2026-06-02 04:35:41  INFO     uvicorn.access  172.71.103.137:11660 - "GET / HTTP/1.1" 200
2026-06-02 05:03:17  INFO     uvicorn.access  162.158.178.120:11586 - "POST /api/proxy/v1/images/edits HTTP/1.1" 200
2026-06-02 05:03:24  INFO     uvicorn.access  162.158.178.121:11995 - "POST /api/history/save HTTP/1.1" 401
2026-06-02 05:03:26  INFO     uvicorn.access  162.158.178.120:10770 - "GET /api/history/usage HTTP/1.1" 401
2026-06-02 05:04:45  INFO     uvicorn.access  162.158.178.120:11646 - "POST /api/proxy/v1/images/edits HTTP/1.1" 200
2026-06-02 05:04:53  INFO     uvicorn.access  162.158.178.121:9918 - "POST /api/history/save HTTP/1.1" 401
2026-06-02 05:04:56  INFO     uvicorn.access  162.158.178.120:11868 - "GET /api/history/usage HTTP/1.1" 401
2026-06-02 05:06:08  INFO     uvicorn.access  162.158.178.121:13439 - "POST /api/proxy/v1/images/edits HTTP/1.1" 200
2026-06-02 05:06:24  INFO     uvicorn.access  162.158.178.121:10118 - "POST /api/history/save HTTP/1.1" 401
2026-06-02 05:06:27  INFO     uvicorn.access  162.158.178.120:11290 - "GET /api/history/usage HTTP/1.1" 401
2026-06-02 05:16:58  INFO     uvicorn.access  172.71.215.38:13156 - "POST /api/proxy/v1/images/edits HTTP/1.1" 200
2026-06-02 05:17:08  INFO     uvicorn.access  172.71.215.37:13026 - "POST /api/history/save HTTP/1.1" 401
2026-06-02 05:17:13  INFO     uvicorn.access  172.71.215.38:11306 - "GET /api/history/usage HTTP/1.1" 401
2026-06-02 05:18:33  INFO     uvicorn.access  172.71.215.38:9775 - "POST /api/proxy/v1/images/edits HTTP/1.1" 200
2026-06-02 05:18:44  INFO     uvicorn.access  172.71.215.37:12237 - "POST /api/history/save HTTP/1.1" 401
2026-06-02 05:18:47  INFO     uvicorn.access  172.71.215.38:9713 - "GET /api/history/usage HTTP/1.1" 401
2026-06-02 05:20:36  INFO     uvicorn.access  172.71.215.37:9606 - "POST /api/proxy/v1/images/edits HTTP/1.1" 200
2026-06-02 05:20:46  INFO     uvicorn.access  172.71.215.37:14043 - "POST /api/history/save HTTP/1.1" 401
2026-06-02 05:20:50  INFO     uvicorn.access  172.71.215.38:11219 - "GET /api/history/usage HTTP/1.1" 401
2026-06-02 05:23:07  INFO     uvicorn.access  172.71.215.38:10101 - "POST /api/proxy/v1/images/edits HTTP/1.1" 200
2026-06-02 05:23:21  INFO     uvicorn.access  172.71.215.38:11777 - "POST /api/history/save HTTP/1.1" 401
2026-06-02 05:23:26  INFO     uvicorn.access  172.71.215.38:10692 - "GET /api/history/usage HTTP/1.1" 401
2026-06-02 05:37:43  INFO     uvicorn.access  104.22.20.212:10555 - "GET /play HTTP/1.1" 200
2026-06-02 05:47:39  INFO     uvicorn.access  172.69.135.49:12506 - "GET /api/proxy/v1/models HTTP/1.1" 200
2026-06-02 05:53:02  INFO     uvicorn.access  172.71.110.208:12244 - "GET /play HTTP/1.1" 200
2026-06-02 05:54:23  INFO     uvicorn.access  172.71.110.209:14190 - "GET /api/proxy/v1/models HTTP/1.1" 200
2026-06-02 05:55:18  INFO     uvicorn.access  172.71.110.208:13284 - "POST /api/proxy/v1/images/edits HTTP/1.1" 200
2026-06-02 05:58:27  INFO     uvicorn.access  172.71.110.208:12138 - "POST /api/proxy/v1/images/edits HTTP/1.1" 200
2026-06-02 06:01:59  INFO     uvicorn.access  141.101.84.48:10247 - "POST /api/proxy/v1/images/edits HTTP/1.1" 200
2026-06-02 06:02:39  INFO     uvicorn.access  141.101.84.48:12379 - "POST /api/proxy/v1/images/edits HTTP/1.1" 200
2026-06-02 06:05:56  INFO     uvicorn.access  162.158.138.21:10395 - "POST /api/proxy/v1/images/edits HTTP/1.1" 200
2026-06-02 06:07:30  INFO     uvicorn.access  141.101.84.49:9288 - "POST /api/proxy/v1/images/edits HTTP/1.1" 200
2026-06-02 06:10:26  INFO     uvicorn.access  141.101.84.49:13555 - "GET /play HTTP/1.1" 200
2026-06-02 06:10:38  INFO     uvicorn.access  141.101.84.48:11402 - "GET /api/proxy/v1/models HTTP/1.1" 200
2026-06-02 06:11:19  INFO     uvicorn.access  141.101.84.48:11402 - "POST /api/proxy/v1/images/edits HTTP/1.1" 200
2026-06-02 06:13:32  INFO     uvicorn.access  162.158.193.213:10318 - "POST /api/proxy/v1/images/edits HTTP/1.1" 200
2026-06-02 06:14:26  INFO     uvicorn.access  162.158.193.212:12609 - "POST /api/history/save HTTP/1.1" 401
2026-06-02 06:15:04  INFO     uvicorn.access  172.71.215.38:13545 - "GET /api/history/usage HTTP/1.1" 401
2026-06-02 06:16:24  INFO     uvicorn.access  172.71.110.208:12923 - "POST /api/proxy/v1/images/edits HTTP/1.1" 200
2026-06-02 06:16:31  INFO     uvicorn.access  172.71.110.209:12209 - "GET /play HTTP/1.1" 200
2026-06-02 06:17:13  INFO     uvicorn.access  172.71.110.209:11832 - "GET /api/proxy/v1/models HTTP/1.1" 200
2026-06-02 06:17:31  INFO     uvicorn.access  172.71.215.37:13485 - "POST /api/proxy/v1/images/edits HTTP/1.1" 200
2026-06-02 06:17:55  INFO     uvicorn.access  172.71.215.37:12106 - "POST /api/history/save HTTP/1.1" 401
2026-06-02 06:18:03  INFO     uvicorn.access  172.71.215.38:12582 - "GET /api/history/usage HTTP/1.1" 401
2026-06-02 06:18:23  INFO     uvicorn.access  172.71.110.209:11832 - "POST /api/proxy/v1/images/edits HTTP/1.1" 200
2026-06-02 06:18:48  INFO     uvicorn.access  147.185.133.166:65234 - "GET /metrics HTTP/1.1" 307
2026-06-02 06:18:49  INFO     uvicorn.access  147.185.133.166:65240 - "GET / HTTP/1.1" 200
2026-06-02 06:19:41  INFO     uvicorn.access  162.158.138.20:13445 - "POST /api/proxy/v1/images/edits HTTP/1.1" 200
2026-06-02 06:21:07  INFO     uvicorn.access  172.71.215.38:13656 - "POST /api/proxy/v1/images/edits HTTP/1.1" 200
2026-06-02 06:21:31  INFO     uvicorn.access  172.71.215.38:9221 - "POST /api/history/save HTTP/1.1" 401
2026-06-02 06:21:39  INFO     uvicorn.access  172.71.215.37:11376 - "GET /api/history/usage HTTP/1.1" 401
2026-06-02 06:24:12  INFO     uvicorn.access  162.158.138.21:11312 - "GET /api/proxy/v1/models HTTP/1.1" 200
2026-06-02 06:24:56  INFO     uvicorn.access  172.71.215.38:11159 - "POST /api/proxy/v1/images/edits HTTP/1.1" 200
2026-06-02 06:25:24  INFO     uvicorn.access  172.71.215.37:10598 - "POST /api/history/save HTTP/1.1" 401
2026-06-02 06:25:28  INFO     uvicorn.access  172.71.215.38:10411 - "GET /api/history/usage HTTP/1.1" 401
2026-06-02 06:30:10  INFO     uvicorn.access  172.68.225.119:11142 - "POST /api/proxy/v1/images/edits HTTP/1.1" 200
2026-06-02 06:30:19  INFO     uvicorn.access  141.101.84.48:9770 - "POST /api/proxy/v1/images/edits HTTP/1.1" 200
2026-06-02 06:30:36  INFO     uvicorn.access  172.68.225.119:10996 - "POST /api/history/save HTTP/1.1" 401
2026-06-02 06:30:40  INFO     uvicorn.access  172.68.225.119:10319 - "GET /api/history/usage HTTP/1.1" 401
2026-06-02 06:35:38  INFO     uvicorn.access  162.158.193.212:11214 - "POST /api/proxy/v1/images/edits HTTP/1.1" 200
2026-06-02 06:35:49  INFO     uvicorn.access  162.158.193.213:12443 - "POST /api/history/save HTTP/1.1" 401
2026-06-02 06:35:50  INFO     uvicorn.access  162.158.193.213:12446 - "GET /api/history/usage HTTP/1.1" 401
2026-06-02 06:36:18  INFO     uvicorn.access  172.71.124.81:10530 - "GET /play HTTP/1.1" 200
2026-06-02 06:36:19  INFO     uvicorn.access  172.71.124.209:10598 - "GET /static/css/play.css?v=1779876137 HTTP/1.1" 304
2026-06-02 06:36:19  INFO     uvicorn.access  172.68.164.130:9490 - "GET /static/css/common.css HTTP/1.1" 304
2026-06-02 06:36:19  INFO     uvicorn.access  162.158.88.160:13119 - "GET /static/js/common.js HTTP/1.1" 304
2026-06-02 06:36:19  INFO     uvicorn.access  172.69.176.80:13972 - "GET /static/js/play.js?v=1779876137 HTTP/1.1" 304
2026-06-02 06:36:19  INFO     uvicorn.access  172.71.124.81:10530 - "GET /api/history/usage HTTP/1.1" 200
2026-06-02 06:36:19  INFO     uvicorn.access  172.71.124.62:12928 - "GET /api/announcement?page=play HTTP/1.1" 200
2026-06-02 06:36:19  INFO     uvicorn.access  172.71.124.62:12928 - "GET /api/history/list HTTP/1.1" 200
2026-06-02 06:36:43  INFO     uvicorn.access  162.158.108.32:10474 - "GET /api/history/image/adongshaln/1780372930572_7718_0.png?token=eyJpZCI6IDAsICJ1c2VybmFtZSI6ICJhZG9uZ3NoYWxuIiwgInJvbGUiOiAwLCAiaXNfYWRtaW4iOiBmYWxzZSwgImV4cCI6IDE3ODA2MjMyNDR9.c5d7ef212c0eef9dfc2a1e4493b7a73f HTTP/1.1" 404
2026-06-02 06:36:43  INFO     uvicorn.access  162.158.162.93:10681 - "GET /api/history/image/adongshaln/1780372622070_1328_0.png?token=eyJpZCI6IDAsICJ1c2VybmFtZSI6ICJhZG9uZ3NoYWxuIiwgInJvbGUiOiAwLCAiaXNfYWRtaW4iOiBmYWxzZSwgImV4cCI6IDE3ODA2MjMyNDR9.c5d7ef212c0eef9dfc2a1e4493b7a73f HTTP/1.1" 404
2026-06-02 06:36:43  INFO     uvicorn.access  162.158.108.33:11977 - "GET /api/history/image/adongshaln/1780334498638_1384_0.png?token=eyJpZCI6IDAsICJ1c2VybmFtZSI6ICJhZG9uZ3NoYWxuIiwgInJvbGUiOiAwLCAiaXNfYWRtaW4iOiBmYWxzZSwgImV4cCI6IDE3ODA2MjMyNDR9.c5d7ef212c0eef9dfc2a1e4493b7a73f HTTP/1.1" 200
2026-06-02 06:36:50  INFO     uvicorn.access  172.71.124.44:12156 - "GET /api/history/image/adongshaln/1780327049030_9703_0.png?token=eyJpZCI6IDAsICJ1c2VybmFtZSI6ICJhZG9uZ3NoYWxuIiwgInJvbGUiOiAwLCAiaXNfYWRtaW4iOiBmYWxzZSwgImV4cCI6IDE3ODA2MjMyNDR9.c5d7ef212c0eef9dfc2a1e4493b7a73f HTTP/1.1" 404
2026-06-02 06:36:50  INFO     uvicorn.access  172.71.81.32:13995 - "GET /api/history/image/adongshaln/1780311271546_7723_0.png?token=eyJpZCI6IDAsICJ1c2VybmFtZSI6ICJhZG9uZ3NoYWxuIiwgInJvbGUiOiAwLCAiaXNfYWRtaW4iOiBmYWxzZSwgImV4cCI6IDE3ODA2MjMyNDR9.c5d7ef212c0eef9dfc2a1e4493b7a73f HTTP/1.1" 404
2026-06-02 06:36:50  INFO     uvicorn.access  172.70.189.157:13510 - "GET /api/history/image/adongshaln/1780311951478_1469_0.png?token=eyJpZCI6IDAsICJ1c2VybmFtZSI6ICJhZG9uZ3NoYWxuIiwgInJvbGUiOiAwLCAiaXNfYWRtaW4iOiBmYWxzZSwgImV4cCI6IDE3ODA2MjMyNDR9.c5d7ef212c0eef9dfc2a1e4493b7a73f HTTP/1.1" 404
2026-06-02 06:36:50  INFO     uvicorn.access  162.158.189.179:12260 - "GET /api/history/image/adongshaln/1780311110623_8373_0.png?token=eyJpZCI6IDAsICJ1c2VybmFtZSI6ICJhZG9uZ3NoYWxuIiwgInJvbGUiOiAwLCAiaXNfYWRtaW4iOiBmYWxzZSwgImV4cCI6IDE3ODA2MjMyNDR9.c5d7ef212c0eef9dfc2a1e4493b7a73f HTTP/1.1" 404
2026-06-02 06:36:50  INFO     uvicorn.access  172.70.208.54:13906 - "GET /api/history/image/adongshaln/1780310934006_5460_0.png?token=eyJpZCI6IDAsICJ1c2VybmFtZSI6ICJhZG9uZ3NoYWxuIiwgInJvbGUiOiAwLCAiaXNfYWRtaW4iOiBmYWxzZSwgImV4cCI6IDE3ODA2MjMyNDR9.c5d7ef212c0eef9dfc2a1e4493b7a73f HTTP/1.1" 404
2026-06-02 06:36:56  INFO     uvicorn.access  172.71.124.81:11561 - "GET /api/proxy/v1/models HTTP/1.1" 200
2026-06-02 06:40:01  INFO     uvicorn.access  172.68.211.155:10052 - "POST /api/proxy/v1/images/edits HTTP/1.1" 200
2026-06-02 06:40:15  INFO     uvicorn.access  172.68.211.155:12671 - "POST /api/history/save HTTP/1.1" 401
2026-06-02 06:40:16  INFO     uvicorn.access  172.68.211.155:9220 - "GET /api/history/usage HTTP/1.1" 401
2026-06-02 06:42:25  INFO     uvicorn.access  172.68.211.155:14230 - "POST /api/proxy/v1/images/edits HTTP/1.1" 200
2026-06-02 06:42:40  INFO     uvicorn.access  172.68.211.155:13914 - "POST /api/history/save HTTP/1.1" 401
2026-06-02 06:42:43  INFO     uvicorn.access  172.68.211.154:12070 - "GET /api/history/usage HTTP/1.1" 401
2026-06-02 06:45:05  INFO     uvicorn.access  172.68.211.154:10012 - "POST /api/proxy/v1/images/edits HTTP/1.1" 200
2026-06-02 06:45:25  INFO     uvicorn.access  172.68.211.155:9631 - "POST /api/history/save HTTP/1.1" 401
2026-06-02 06:45:27  INFO     uvicorn.access  172.68.211.155:9628 - "GET /api/history/usage HTTP/1.1" 401
2026-06-02 06:47:22  INFO     uvicorn.access  172.68.211.154:10652 - "POST /api/proxy/v1/images/edits HTTP/1.1" 200
2026-06-02 06:47:42  INFO     uvicorn.access  172.68.211.154:10845 - "POST /api/history/save HTTP/1.1" 401
2026-06-02 06:47:43  INFO     uvicorn.access  172.68.211.155:13617 - "GET /api/history/usage HTTP/1.1" 401
2026-06-02 06:49:58  INFO     uvicorn.access  172.68.211.155:10300 - "POST /api/proxy/v1/images/edits HTTP/1.1" 200
2026-06-02 06:50:20  INFO     uvicorn.access  172.68.211.155:10287 - "POST /api/history/save HTTP/1.1" 401
2026-06-02 06:50:24  INFO     uvicorn.access  172.68.211.155:10290 - "GET /api/history/usage HTTP/1.1" 401
2026-06-02 06:51:53  INFO     uvicorn.access  172.68.211.154:14234 - "POST /api/proxy/v1/images/edits HTTP/1.1" 200
2026-06-02 06:52:10  INFO     uvicorn.access  172.68.211.154:10349 - "POST /api/history/save HTTP/1.1" 401
2026-06-02 06:52:15  INFO     uvicorn.access  172.68.211.155:11440 - "GET /api/history/usage HTTP/1.1" 401
2026-06-02 06:54:20  INFO     uvicorn.access  172.71.110.208:11516 - "GET /api/proxy/v1/models HTTP/1.1" 200
2026-06-02 06:55:57  INFO     uvicorn.access  172.68.225.118:12702 - "POST /api/proxy/v1/images/edits HTTP/1.1" 200
2026-06-02 06:56:08  INFO     uvicorn.access  172.68.225.119:9707 - "POST /api/history/save HTTP/1.1" 401
2026-06-02 06:56:09  INFO     uvicorn.access  172.71.111.38:13442 - "POST /api/proxy/v1/images/edits HTTP/1.1" 200
2026-06-02 06:56:10  INFO     uvicorn.access  172.68.225.119:9709 - "GET /api/history/usage HTTP/1.1" 401
2026-06-02 06:56:48  INFO     uvicorn.access  172.71.110.209:11761 - "GET /api/proxy/v1/models HTTP/1.1" 200
2026-06-02 06:56:58  INFO     uvicorn.access  141.101.84.49:10100 - "POST /api/proxy/v1/images/edits HTTP/1.1" 200
2026-06-02 06:57:58  INFO     uvicorn.access  172.71.110.209:11761 - "POST /api/proxy/v1/images/edits HTTP/1.1" 200
2026-06-02 07:01:00  INFO     uvicorn.access  162.159.98.204:13308 - "POST /api/proxy/v1/images/edits HTTP/1.1" 200
2026-06-02 07:01:14  INFO     uvicorn.access  162.159.98.205:14314 - "POST /api/history/save HTTP/1.1" 401
2026-06-02 07:01:24  INFO     uvicorn.access  162.159.98.205:11803 - "GET /api/history/usage HTTP/1.1" 401
2026-06-02 07:04:16  INFO     uvicorn.access  162.159.98.204:14247 - "POST /api/proxy/v1/images/edits HTTP/1.1" 200
2026-06-02 07:04:33  INFO     uvicorn.access  162.159.98.204:12253 - "POST /api/history/save HTTP/1.1" 401
2026-06-02 07:04:45  INFO     uvicorn.access  162.159.98.204:13813 - "GET /api/history/usage HTTP/1.1" 401
2026-06-02 07:06:10  INFO     uvicorn.access  162.159.98.204:14092 - "POST /api/proxy/v1/images/edits HTTP/1.1" 200
2026-06-02 07:06:40  INFO     uvicorn.access  162.159.98.205:14177 - "POST /api/history/save HTTP/1.1" 401
2026-06-02 07:06:48  INFO     uvicorn.access  162.159.98.204:12429 - "GET /api/history/usage HTTP/1.1" 401
2026-06-02 07:11:39  INFO     uvicorn.access  162.158.193.212:12964 - "POST /api/proxy/v1/images/edits HTTP/1.1" 200
2026-06-02 07:11:59  INFO     uvicorn.access  162.158.193.212:10103 - "POST /api/history/save HTTP/1.1" 401
2026-06-02 07:12:09  INFO     uvicorn.access  162.158.193.213:9835 - "GET /api/history/usage HTTP/1.1" 401
2026-06-02 07:14:21  INFO     uvicorn.access  162.158.193.212:11703 - "POST /api/proxy/v1/images/edits HTTP/1.1" 200
2026-06-02 07:15:12  INFO     uvicorn.access  162.158.193.213:9456 - "POST /api/history/save HTTP/1.1" 401
2026-06-02 07:15:23  INFO     uvicorn.access  162.158.193.213:13223 - "GET /api/history/usage HTTP/1.1" 401
2026-06-02 07:32:50  WARNING  app.routers.api_proxy  代理上游返回 HTML 错误 [524] https://newapi-cf.qianqianye.com/v1/images/edits: <!DOCTYPE html>
<!--[if lt IE 7]> <html class="no-js ie6 oldie" lang="en-US"> <![endif]-->
<!--[if I
2026-06-02 07:34:26  INFO     uvicorn.access  104.23.225.89:10400 - "POST /api/proxy/v1/images/edits HTTP/1.1" 200
2026-06-02 07:34:41  INFO     uvicorn.access  104.23.225.89:11278 - "POST /api/history/save HTTP/1.1" 401
2026-06-02 07:34:50  INFO     uvicorn.access  104.23.225.89:14094 - "GET /api/history/usage HTTP/1.1" 401
2026-06-02 07:36:43  INFO     uvicorn.access  172.68.164.33:13098 - "GET / HTTP/1.1" 200
2026-06-02 07:36:44  INFO     uvicorn.access  104.22.66.102:12707 - "GET /static/css/home.css HTTP/1.1" 304
2026-06-02 07:36:45  INFO     uvicorn.access  172.68.164.70:9963 - "GET /api/announcement?page=home HTTP/1.1" 200
2026-06-02 07:36:49  INFO     uvicorn.access  172.68.164.32:9350 - "GET /play HTTP/1.1" 200
2026-06-02 07:36:50  INFO     uvicorn.access  172.68.164.32:9350 - "GET /api/announcement?page=play HTTP/1.1" 200
2026-06-02 07:37:28  WARNING  app.routers.api_proxy  代理上游返回 HTML 错误 [524] https://newapi-cf.qianqianye.com/v1/images/edits: <!DOCTYPE html>
<!--[if lt IE 7]> <html class="no-js ie6 oldie" lang="en-US"> <![endif]-->
<!--[if I
2026-06-02 07:40:34  INFO     uvicorn.access  162.158.178.121:9364 - "POST /api/proxy/v1/images/edits HTTP/1.1" 200
2026-06-02 07:40:47  INFO     uvicorn.access  162.158.178.121:11796 - "POST /api/history/save HTTP/1.1" 401
2026-06-02 07:40:54  INFO     uvicorn.access  162.158.178.120:12988 - "GET /api/history/usage HTTP/1.1" 401
2026-06-02 07:56:17  INFO     uvicorn.access  162.159.98.204:14280 - "GET / HTTP/1.1" 200
2026-06-02 07:56:18  INFO     uvicorn.access  162.159.98.204:14280 - "GET /play HTTP/1.1" 200
2026-06-02 07:56:18  INFO     uvicorn.access  162.159.98.152:12468 - "GET /static/js/common.js HTTP/1.1" 304
2026-06-02 07:56:18  INFO     uvicorn.access  172.68.211.187:11433 - "GET /static/css/common.css HTTP/1.1" 304
2026-06-02 07:56:18  INFO     uvicorn.access  162.158.193.100:10732 - "GET /static/js/play.js?v=1779876137 HTTP/1.1" 304
2026-06-02 07:56:18  INFO     uvicorn.access  172.68.211.5:13455 - "GET /static/css/play.css?v=1779876137 HTTP/1.1" 304
2026-06-02 07:56:19  INFO     uvicorn.access  162.159.98.204:14280 - "GET /api/announcement?page=play HTTP/1.1" 200
2026-06-02 07:56:19  INFO     uvicorn.access  162.159.98.205:11858 - "GET /api/history/usage HTTP/1.1" 401
2026-06-02 07:56:22  INFO     uvicorn.access  162.159.98.204:14280 - "GET /api/history/list HTTP/1.1" 401
2026-06-02 07:57:24  INFO     uvicorn.access  172.68.225.119:11823 - "GET /play HTTP/1.1" 200
2026-06-02 07:57:24  INFO     uvicorn.access  172.68.225.119:11823 - "GET /api/announcement?page=play HTTP/1.1" 200
2026-06-02 07:57:34  INFO     uvicorn.access  172.68.225.118:11122 - "POST /auth/login HTTP/1.1" 200
2026-06-02 07:57:35  INFO     uvicorn.access  172.68.225.118:11122 - "GET /api/history/usage HTTP/1.1" 200
2026-06-02 07:57:35  INFO     uvicorn.access  172.68.225.118:11125 - "GET /api/history/list HTTP/1.1" 200
2026-06-02 07:58:07  INFO     uvicorn.access  172.68.225.119:12627 - "GET /api/proxy/v1/models HTTP/1.1" 200
2026-06-02 07:58:48  INFO     uvicorn.access  172.68.225.118:13174 - "POST /api/balance/overview HTTP/1.1" 400
2026-06-02 07:58:58  INFO     uvicorn.access  172.68.225.119:11287 - "POST /api/balance/overview HTTP/1.1" 200
2026-06-02 07:59:10  INFO     uvicorn.access  162.158.193.84:13508 - "GET /api/history/image/ichgez/1780334498638_1384_0.png?token=eyJpZCI6IDAsICJ1c2VybmFtZSI6ICJpY2hnZXoiLCAicm9sZSI6IDAsICJpc19hZG1pbiI6IGZhbHNlLCAiZXhwIjogMTc4Mjk3OTA1NH0%3D.ecd6de20bfeaaed12df42abea1e92ac0 HTTP/1.1" 404
2026-06-02 07:59:10  INFO     uvicorn.access  162.158.114.128:13699 - "GET /api/history/image/ichgez/1780372622070_1328_0.png?token=eyJpZCI6IDAsICJ1c2VybmFtZSI6ICJpY2hnZXoiLCAicm9sZSI6IDAsICJpc19hZG1pbiI6IGZhbHNlLCAiZXhwIjogMTc4Mjk3OTA1NH0%3D.ecd6de20bfeaaed12df42abea1e92ac0 HTTP/1.1" 404
2026-06-02 07:59:10  INFO     uvicorn.access  162.158.179.191:10706 - "GET /api/history/image/ichgez/1780372930572_7718_0.png?token=eyJpZCI6IDAsICJ1c2VybmFtZSI6ICJpY2hnZXoiLCAicm9sZSI6IDAsICJpc19hZG1pbiI6IGZhbHNlLCAiZXhwIjogMTc4Mjk3OTA1NH0%3D.ecd6de20bfeaaed12df42abea1e92ac0 HTTP/1.1" 404
2026-06-02 07:59:32  INFO     uvicorn.access  172.68.225.119:9744 - "GET /play HTTP/1.1" 200
2026-06-02 07:59:33  INFO     uvicorn.access  172.68.225.119:9744 - "GET /api/announcement?page=play HTTP/1.1" 200
2026-06-02 07:59:33  INFO     uvicorn.access  172.68.225.118:11362 - "GET /api/history/usage HTTP/1.1" 401
2026-06-02 07:59:34  INFO     uvicorn.access  172.68.225.119:9744 - "GET /api/history/list HTTP/1.1" 401
2026-06-02 07:59:38  INFO     uvicorn.access  172.68.225.119:9744 - "GET /api/proxy/v1/models HTTP/1.1" 200
2026-06-02 07:59:56  INFO     uvicorn.access  172.68.211.86:10905 - "GET /api/history/image/ichgez/1780311110623_8373_0.png?token=eyJpZCI6IDAsICJ1c2VybmFtZSI6ICJpY2hnZXoiLCAicm9sZSI6IDAsICJpc19hZG1pbiI6IGZhbHNlLCAiZXhwIjogMTc4Mjk3OTA1NH0%3D.ecd6de20bfeaaed12df42abea1e92ac0 HTTP/1.1" 404
2026-06-02 07:59:56  INFO     uvicorn.access  162.158.193.121:10072 - "GET /api/history/image/ichgez/1780311951478_1469_0.png?token=eyJpZCI6IDAsICJ1c2VybmFtZSI6ICJpY2hnZXoiLCAicm9sZSI6IDAsICJpc19hZG1pbiI6IGZhbHNlLCAiZXhwIjogMTc4Mjk3OTA1NH0%3D.ecd6de20bfeaaed12df42abea1e92ac0 HTTP/1.1" 404
2026-06-02 07:59:56  INFO     uvicorn.access  172.71.218.145:13182 - "GET /api/history/image/ichgez/1780311271546_7723_0.png?token=eyJpZCI6IDAsICJ1c2VybmFtZSI6ICJpY2hnZXoiLCAicm9sZSI6IDAsICJpc19hZG1pbiI6IGZhbHNlLCAiZXhwIjogMTc4Mjk3OTA1NH0%3D.ecd6de20bfeaaed12df42abea1e92ac0 HTTP/1.1" 404
2026-06-02 07:59:56  INFO     uvicorn.access  162.158.193.200:13085 - "GET /api/history/image/ichgez/1780310934006_5460_0.png?token=eyJpZCI6IDAsICJ1c2VybmFtZSI6ICJpY2hnZXoiLCAicm9sZSI6IDAsICJpc19hZG1pbiI6IGZhbHNlLCAiZXhwIjogMTc4Mjk3OTA1NH0%3D.ecd6de20bfeaaed12df42abea1e92ac0 HTTP/1.1" 404
2026-06-02 07:59:56  INFO     uvicorn.access  162.158.193.146:12685 - "GET /api/history/image/ichgez/1780327049030_9703_0.png?token=eyJpZCI6IDAsICJ1c2VybmFtZSI6ICJpY2hnZXoiLCAicm9sZSI6IDAsICJpc19hZG1pbiI6IGZhbHNlLCAiZXhwIjogMTc4Mjk3OTA1NH0%3D.ecd6de20bfeaaed12df42abea1e92ac0 HTTP/1.1" 404
2026-06-02 07:59:59  INFO     uvicorn.access  172.68.225.119:10939 - "DELETE /api/history/image/mpvh4z42bjykr/0 HTTP/1.1" 200
2026-06-02 07:59:59  INFO     uvicorn.access  172.68.225.119:10939 - "GET /api/history/usage HTTP/1.1" 200
2026-06-02 08:00:00  INFO     uvicorn.access  172.68.225.118:13466 - "DELETE /api/history/batch/mpvh4z42bjykr HTTP/1.1" 200
2026-06-02 08:00:00  INFO     uvicorn.access  172.68.225.119:10939 - "GET /api/history/usage HTTP/1.1" 200
2026-06-02 08:03:20  INFO     uvicorn.access  172.71.215.38:13550 - "POST /api/proxy/v1/images/edits HTTP/1.1" 200
2026-06-02 08:03:39  INFO     uvicorn.access  162.158.193.213:9236 - "POST /api/history/save HTTP/1.1" 200
2026-06-02 08:03:39  INFO     uvicorn.access  162.158.193.213:9236 - "GET /api/history/usage HTTP/1.1" 200
2026-06-02 08:05:46  INFO     uvicorn.access  162.158.193.213:10145 - "POST /api/proxy/v1/images/edits HTTP/1.1" 200
2026-06-02 08:06:08  INFO     uvicorn.access  162.158.193.213:9711 - "POST /api/history/save HTTP/1.1" 200
2026-06-02 08:06:08  INFO     uvicorn.access  162.158.193.213:9711 - "GET /api/history/usage HTTP/1.1" 200
2026-06-02 08:08:21  INFO     uvicorn.access  162.158.193.212:13032 - "POST /api/proxy/v1/images/edits HTTP/1.1" 200
2026-06-02 08:08:42  INFO     uvicorn.access  162.158.193.212:13810 - "POST /api/history/save HTTP/1.1" 200
2026-06-02 08:08:43  INFO     uvicorn.access  162.158.193.212:13810 - "GET /api/history/usage HTTP/1.1" 200
2026-06-02 08:29:03  INFO     uvicorn.access  172.68.211.154:13635 - "GET /play HTTP/1.1" 200
2026-06-02 08:29:03  INFO     uvicorn.access  172.68.211.154:13635 - "GET /api/announcement?page=play HTTP/1.1" 200
2026-06-02 08:29:04  INFO     uvicorn.access  172.68.211.154:13636 - "GET /api/history/usage HTTP/1.1" 200
2026-06-02 08:29:04  INFO     uvicorn.access  172.68.211.154:13643 - "GET /api/history/list HTTP/1.1" 200
2026-06-02 08:29:07  INFO     uvicorn.access  172.68.211.154:13635 - "POST /api/balance/overview HTTP/1.1" 200
2026-06-02 08:29:35  INFO     uvicorn.access  172.68.211.155:10243 - "GET /api/proxy/v1/models HTTP/1.1" 401
2026-06-02 08:29:40  INFO     uvicorn.access  172.68.211.155:10243 - "GET /api/proxy/v1/models HTTP/1.1" 401
2026-06-02 08:29:55  INFO     uvicorn.access  172.68.211.155:11827 - "GET /api/proxy/v1/models HTTP/1.1" 401
2026-06-02 08:29:57  INFO     uvicorn.access  172.68.211.155:11827 - "GET /api/proxy/v1/models HTTP/1.1" 401
2026-06-02 08:30:01  INFO     uvicorn.access  172.68.211.155:11827 - "GET /api/proxy/v1/models HTTP/1.1" 401
2026-06-02 08:30:03  INFO     uvicorn.access  172.68.211.155:11827 - "GET /api/proxy/v1/models HTTP/1.1" 401
2026-06-02 08:30:13  INFO     uvicorn.access  172.68.211.154:14120 - "GET /api/proxy/v1/models HTTP/1.1" 200
2026-06-02 08:32:10  INFO     uvicorn.access  172.68.211.155:9267 - "POST /api/proxy/v1/images/edits HTTP/1.1" 200
2026-06-02 08:32:27  INFO     uvicorn.access  172.68.211.155:11453 - "POST /api/history/save HTTP/1.1" 401
2026-06-02 08:32:31  INFO     uvicorn.access  172.68.211.155:11459 - "GET /api/history/usage HTTP/1.1" 401
2026-06-02 08:36:50  INFO     uvicorn.access  172.68.225.119:11628 - "POST /api/proxy/v1/images/edits HTTP/1.1" 200
2026-06-02 08:37:16  INFO     uvicorn.access  172.68.225.118:10643 - "POST /api/history/save HTTP/1.1" 401
2026-06-02 08:37:26  INFO     uvicorn.access  172.68.225.119:10703 - "GET /api/history/usage HTTP/1.1" 401
2026-06-02 08:38:51  INFO     uvicorn.access  172.68.225.119:10518 - "POST /api/proxy/v1/images/edits HTTP/1.1" 200
2026-06-02 08:39:30  INFO     uvicorn.access  172.68.225.119:10784 - "POST /api/history/save HTTP/1.1" 401
2026-06-02 08:39:50  INFO     uvicorn.access  172.68.225.119:11630 - "GET /api/history/usage HTTP/1.1" 401
2026-06-02 08:40:58  INFO     uvicorn.access  172.68.225.119:11630 - "POST /api/proxy/v1/images/edits HTTP/1.1" 200
2026-06-02 08:41:28  INFO     uvicorn.access  172.68.225.118:13841 - "POST /api/history/save HTTP/1.1" 401
2026-06-02 08:41:38  INFO     uvicorn.access  172.68.225.118:10569 - "GET /api/history/usage HTTP/1.1" 401
2026-06-02 08:55:19  INFO     uvicorn.access  162.159.98.204:9597 - "POST /api/proxy/v1/images/edits HTTP/1.1" 200
2026-06-02 08:55:34  INFO     uvicorn.access  162.159.98.205:13837 - "POST /api/history/save HTTP/1.1" 401
2026-06-02 08:55:36  INFO     uvicorn.access  162.159.98.205:13844 - "GET /api/history/usage HTTP/1.1" 401
2026-06-02 09:00:29  INFO     uvicorn.access  172.71.210.14:10296 - "POST /api/proxy/v1/images/edits HTTP/1.1" 200
2026-06-02 09:00:48  INFO     uvicorn.access  172.71.210.15:9468 - "POST /api/history/save HTTP/1.1" 401
2026-06-02 09:01:02  INFO     uvicorn.access  172.71.210.15:12995 - "GET /api/history/usage HTTP/1.1" 401
2026-06-02 09:11:07  INFO     uvicorn.access  162.159.98.204:9530 - "POST /api/proxy/v1/images/edits HTTP/1.1" 200
2026-06-02 09:11:10  INFO     uvicorn.access  172.68.211.155:9815 - "GET /api/proxy/v1/models HTTP/1.1" 401
2026-06-02 09:11:15  INFO     uvicorn.access  172.68.211.154:12797 - "GET /play HTTP/1.1" 200
2026-06-02 09:11:16  INFO     uvicorn.access  172.68.211.154:12797 - "GET /api/announcement?page=play HTTP/1.1" 200
2026-06-02 09:11:16  INFO     uvicorn.access  172.68.211.155:9821 - "GET /api/history/usage HTTP/1.1" 200
2026-06-02 09:11:16  INFO     uvicorn.access  172.68.211.155:9822 - "GET /api/history/list HTTP/1.1" 200
2026-06-02 09:11:16  INFO     uvicorn.access  172.68.211.154:12797 - "POST /api/balance/overview HTTP/1.1" 200
2026-06-02 09:11:21  INFO     uvicorn.access  172.68.211.155:9821 - "GET /api/proxy/v1/models HTTP/1.1" 401
2026-06-02 09:11:21  INFO     uvicorn.access  162.159.98.204:13384 - "POST /api/history/save HTTP/1.1" 401
2026-06-02 09:11:27  INFO     uvicorn.access  162.159.98.204:13385 - "GET /api/history/usage HTTP/1.1" 401
2026-06-02 09:13:46  INFO     uvicorn.access  162.159.98.204:14071 - "POST /api/proxy/v1/images/edits HTTP/1.1" 200
2026-06-02 09:14:00  INFO     uvicorn.access  162.159.98.205:9989 - "POST /api/history/save HTTP/1.1" 401
2026-06-02 09:14:03  INFO     uvicorn.access  162.159.98.205:9997 - "GET /api/history/usage HTTP/1.1" 401
2026-06-02 09:16:45  INFO     uvicorn.access  162.159.98.205:12130 - "POST /api/proxy/v1/images/edits HTTP/1.1" 200
2026-06-02 09:16:59  INFO     uvicorn.access  162.159.98.204:9914 - "POST /api/history/save HTTP/1.1" 401
2026-06-02 09:17:04  INFO     uvicorn.access  162.159.98.204:9918 - "GET /api/history/usage HTTP/1.1" 401
2026-06-02 09:18:46  INFO     uvicorn.access  162.159.98.204:10751 - "POST /api/proxy/v1/images/edits HTTP/1.1" 200
2026-06-02 09:19:00  INFO     uvicorn.access  162.159.98.205:13819 - "POST /api/history/save HTTP/1.1" 401
2026-06-02 09:19:03  INFO     uvicorn.access  162.159.98.204:12431 - "GET /api/history/usage HTTP/1.1" 401
2026-06-02 09:23:23  INFO     uvicorn.access  162.159.98.204:11950 - "POST /api/proxy/v1/images/edits HTTP/1.1" 200
2026-06-02 09:23:36  INFO     uvicorn.access  162.159.98.205:9330 - "POST /api/history/save HTTP/1.1" 401
2026-06-02 09:23:36  INFO     uvicorn.access  162.159.98.204:9510 - "GET /api/history/usage HTTP/1.1" 401
2026-06-02 09:25:16  INFO     uvicorn.access  162.159.98.205:9330 - "POST /api/proxy/v1/images/edits HTTP/1.1" 200
2026-06-02 09:25:28  INFO     uvicorn.access  162.159.98.205:11683 - "POST /api/history/save HTTP/1.1" 401
2026-06-02 09:25:28  INFO     uvicorn.access  162.159.98.205:11351 - "GET /api/history/usage HTTP/1.1" 401
2026-06-02 09:31:13  INFO     uvicorn.access  162.158.193.212:13276 - "POST /api/proxy/v1/images/edits HTTP/1.1" 200
2026-06-02 09:31:25  INFO     uvicorn.access  162.158.193.213:12051 - "POST /api/history/save HTTP/1.1" 401
2026-06-02 09:31:30  INFO     uvicorn.access  162.158.193.212:13225 - "GET /api/history/usage HTTP/1.1" 401
2026-06-02 09:34:20  INFO     uvicorn.access  162.159.98.205:9994 - "POST /api/proxy/v1/images/edits HTTP/1.1" 200
2026-06-02 09:34:22  INFO     uvicorn.access  172.64.217.53:11317 - "GET / HTTP/1.1" 200
2026-06-02 09:34:23  INFO     uvicorn.access  162.158.91.116:10355 - "GET /static/css/common.css HTTP/1.1" 304
2026-06-02 09:34:23  INFO     uvicorn.access  162.158.91.169:11330 - "GET /static/css/home.css HTTP/1.1" 304
2026-06-02 09:34:23  INFO     uvicorn.access  172.64.217.137:13706 - "GET /static/js/common.js HTTP/1.1" 304
2026-06-02 09:34:23  INFO     uvicorn.access  172.64.217.53:11317 - "GET /api/announcement?page=home HTTP/1.1" 200
2026-06-02 09:34:24  INFO     uvicorn.access  172.64.217.53:11317 - "GET /play HTTP/1.1" 200
2026-06-02 09:34:24  INFO     uvicorn.access  172.69.33.64:9713 - "GET /static/js/play.js?v=1779876137 HTTP/1.1" 304
2026-06-02 09:34:24  INFO     uvicorn.access  172.70.215.21:12491 - "GET /static/css/play.css?v=1779876137 HTTP/1.1" 304
2026-06-02 09:34:25  INFO     uvicorn.access  172.64.217.53:11317 - "GET /api/announcement?page=play HTTP/1.1" 200
2026-06-02 09:34:25  INFO     uvicorn.access  172.64.217.52:9684 - "GET /api/history/usage HTTP/1.1" 200
2026-06-02 09:34:25  INFO     uvicorn.access  172.64.217.53:11317 - "GET /api/history/list HTTP/1.1" 200
2026-06-02 09:34:25  INFO     uvicorn.access  172.64.217.52:9684 - "POST /api/balance/overview HTTP/1.1" 400
2026-06-02 09:34:34  INFO     uvicorn.access  172.64.217.52:14334 - "GET /api/proxy/v1/models HTTP/1.1" 200
2026-06-02 09:34:34  INFO     uvicorn.access  172.64.217.52:14334 - "POST /api/balance/overview HTTP/1.1" 400
2026-06-02 09:34:34  INFO     uvicorn.access  162.159.98.204:11777 - "POST /api/history/save HTTP/1.1" 401
2026-06-02 09:34:39  INFO     uvicorn.access  162.159.98.204:13536 - "GET /api/history/usage HTTP/1.1" 401
2026-06-02 09:36:00  INFO     uvicorn.access  172.70.215.54:12054 - "GET /api/history/image/xiaoan/1780387722621_3504_0.png?token=eyJpZCI6IDAsICJ1c2VybmFtZSI6ICJ4aWFvYW4iLCAicm9sZSI6IDAsICJpc19hZG1pbiI6IGZhbHNlLCAiZXhwIjogMTc4MjIyMzE3NX0%3D.d97c080ac2ae57d6b42057826b9b4499 HTTP/1.1" 404
2026-06-02 09:36:00  INFO     uvicorn.access  172.64.217.148:12476 - "GET /api/history/image/xiaoan/1780372930572_7718_0.png?token=eyJpZCI6IDAsICJ1c2VybmFtZSI6ICJ4aWFvYW4iLCAicm9sZSI6IDAsICJpc19hZG1pbiI6IGZhbHNlLCAiZXhwIjogMTc4MjIyMzE3NX0%3D.d97c080ac2ae57d6b42057826b9b4499 HTTP/1.1" 404
2026-06-02 09:36:00  INFO     uvicorn.access  172.70.214.2:13197 - "GET /api/history/image/xiaoan/1780387568200_5592_0.png?token=eyJpZCI6IDAsICJ1c2VybmFtZSI6ICJ4aWFvYW4iLCAicm9sZSI6IDAsICJpc19hZG1pbiI6IGZhbHNlLCAiZXhwIjogMTc4MjIyMzE3NX0%3D.d97c080ac2ae57d6b42057826b9b4499 HTTP/1.1" 404
2026-06-02 09:36:00  INFO     uvicorn.access  162.158.91.163:10607 - "GET /api/history/image/xiaoan/1780372622070_1328_0.png?token=eyJpZCI6IDAsICJ1c2VybmFtZSI6ICJ4aWFvYW4iLCAicm9sZSI6IDAsICJpc19hZG1pbiI6IGZhbHNlLCAiZXhwIjogMTc4MjIyMzE3NX0%3D.d97c080ac2ae57d6b42057826b9b4499 HTTP/1.1" 404
2026-06-02 09:36:00  INFO     uvicorn.access  172.70.214.32:9539 - "GET /api/history/image/xiaoan/1780387419226_1647_0.png?token=eyJpZCI6IDAsICJ1c2VybmFtZSI6ICJ4aWFvYW4iLCAicm9sZSI6IDAsICJpc19hZG1pbiI6IGZhbHNlLCAiZXhwIjogMTc4MjIyMzE3NX0%3D.d97c080ac2ae57d6b42057826b9b4499 HTTP/1.1" 404
2026-06-02 09:38:06  WARNING  app.routers.api_proxy  代理上游返回 HTML 错误 [524] https://newapi-cf.qianqianye.com/v1/images/edits: <!DOCTYPE html>
<!--[if lt IE 7]> <html class="no-js ie6 oldie" lang="en-US"> <![endif]-->
<!--[if I
2026-06-02 09:38:11  INFO     uvicorn.access  172.70.214.102:12541 - "GET /api/history/image/xiaoan/1780311951478_1469_0.png?token=eyJpZCI6IDAsICJ1c2VybmFtZSI6ICJ4aWFvYW4iLCAicm9sZSI6IDAsICJpc19hZG1pbiI6IGZhbHNlLCAiZXhwIjogMTc4MjIyMzE3NX0%3D.d97c080ac2ae57d6b42057826b9b4499 HTTP/1.1" 404
2026-06-02 09:38:11  INFO     uvicorn.access  172.64.217.118:9298 - "GET /api/history/image/xiaoan/1780311110623_8373_0.png?token=eyJpZCI6IDAsICJ1c2VybmFtZSI6ICJ4aWFvYW4iLCAicm9sZSI6IDAsICJpc19hZG1pbiI6IGZhbHNlLCAiZXhwIjogMTc4MjIyMzE3NX0%3D.d97c080ac2ae57d6b42057826b9b4499 HTTP/1.1" 404
2026-06-02 09:38:11  INFO     uvicorn.access  172.64.217.141:11790 - "GET /api/history/image/xiaoan/1780311271546_7723_0.png?token=eyJpZCI6IDAsICJ1c2VybmFtZSI6ICJ4aWFvYW4iLCAicm9sZSI6IDAsICJpc19hZG1pbiI6IGZhbHNlLCAiZXhwIjogMTc4MjIyMzE3NX0%3D.d97c080ac2ae57d6b42057826b9b4499 HTTP/1.1" 404
2026-06-02 09:38:11  INFO     uvicorn.access  172.64.217.132:9289 - "GET /api/history/image/xiaoan/1780310934006_5460_0.png?token=eyJpZCI6IDAsICJ1c2VybmFtZSI6ICJ4aWFvYW4iLCAicm9sZSI6IDAsICJpc19hZG1pbiI6IGZhbHNlLCAiZXhwIjogMTc4MjIyMzE3NX0%3D.d97c080ac2ae57d6b42057826b9b4499 HTTP/1.1" 404
2026-06-02 09:38:11  INFO     uvicorn.access  172.70.215.10:10230 - "GET /api/history/image/xiaoan/1780327049030_9703_0.png?token=eyJpZCI6IDAsICJ1c2VybmFtZSI6ICJ4aWFvYW4iLCAicm9sZSI6IDAsICJpc19hZG1pbiI6IGZhbHNlLCAiZXhwIjogMTc4MjIyMzE3NX0%3D.d97c080ac2ae57d6b42057826b9b4499 HTTP/1.1" 404
2026-06-02 09:40:00  INFO     uvicorn.access  172.71.210.14:11392 - "POST /api/proxy/v1/images/edits HTTP/1.1" 200
2026-06-02 09:40:25  WARNING  app.routers.api_proxy  代理上游返回 HTML 错误 [524] https://newapi-cf.qianqianye.com/v1/images/edits: <!DOCTYPE html>
<!--[if lt IE 7]> <html class="no-js ie6 oldie" lang="en-US"> <![endif]-->
<!--[if I
2026-06-02 09:40:26  INFO     uvicorn.access  172.71.210.14:10120 - "POST /api/history/save HTTP/1.1" 401
2026-06-02 09:40:36  INFO     uvicorn.access  172.71.210.14:10694 - "GET /api/history/usage HTTP/1.1" 401
2026-06-02 09:42:07  INFO     uvicorn.access  172.71.210.15:13502 - "POST /api/proxy/v1/images/edits HTTP/1.1" 200
2026-06-02 09:42:28  INFO     uvicorn.access  172.71.210.14:13956 - "POST /api/history/save HTTP/1.1" 401
2026-06-02 09:42:34  INFO     uvicorn.access  172.71.210.14:9493 - "GET /api/history/usage HTTP/1.1" 401
2026-06-02 09:44:21  INFO     uvicorn.access  172.71.210.15:13248 - "POST /api/proxy/v1/images/edits HTTP/1.1" 200
2026-06-02 09:44:38  INFO     uvicorn.access  172.71.210.15:13692 - "POST /api/history/save HTTP/1.1" 401
2026-06-02 09:44:46  INFO     uvicorn.access  172.71.210.15:12238 - "GET /api/history/usage HTTP/1.1" 401
2026-06-02 09:47:14  INFO     uvicorn.access  172.71.210.15:13367 - "POST /api/proxy/v1/images/edits HTTP/1.1" 200
2026-06-02 09:47:28  INFO     uvicorn.access  172.71.210.14:14016 - "POST /api/history/save HTTP/1.1" 401
2026-06-02 09:47:37  INFO     uvicorn.access  172.71.210.14:12741 - "GET /api/history/usage HTTP/1.1" 401
2026-06-02 09:50:12  INFO     uvicorn.access  172.71.210.15:10257 - "POST /api/proxy/v1/images/edits HTTP/1.1" 200
2026-06-02 09:50:26  INFO     uvicorn.access  172.71.210.14:10411 - "POST /api/history/save HTTP/1.1" 401
2026-06-02 09:50:36  INFO     uvicorn.access  172.71.210.14:10413 - "GET /api/history/usage HTTP/1.1" 401
2026-06-02 09:52:03  INFO     uvicorn.access  108.162.246.189:12068 - "GET /docs HTTP/1.1" 200
2026-06-02 09:52:13  INFO     uvicorn.access  172.71.210.14:10707 - "POST /api/proxy/v1/images/edits HTTP/1.1" 200
2026-06-02 09:52:27  INFO     uvicorn.access  172.71.210.14:13528 - "POST /api/history/save HTTP/1.1" 401
2026-06-02 09:52:34  INFO     uvicorn.access  172.71.210.14:11602 - "GET /api/history/usage HTTP/1.1" 401
2026-06-02 10:07:17  INFO     uvicorn.access  3.15.176.213:21522 - "GET / HTTP/1.1" 200
2026-06-02 10:08:32  INFO     uvicorn.access  3.15.176.213:27984 - "GET / HTTP/1.1" 200
2026-06-02 10:09:19  WARNING  uvicorn.error  Invalid HTTP request received.
2026-06-02 10:10:02  WARNING  uvicorn.error  Invalid HTTP request received.
2026-06-02 10:31:07  INFO     uvicorn.access  172.71.183.194:10757 - "GET /play HTTP/1.1" 200
2026-06-02 10:31:07  INFO     uvicorn.access  162.159.113.64:13811 - "GET /static/css/common.css HTTP/1.1" 304
2026-06-02 10:31:07  INFO     uvicorn.access  162.159.113.12:12209 - "GET /static/css/play.css?v=1779876137 HTTP/1.1" 304
2026-06-02 10:31:07  INFO     uvicorn.access  172.71.95.118:9922 - "GET /static/js/common.js HTTP/1.1" 304
2026-06-02 10:31:08  INFO     uvicorn.access  104.23.168.49:13899 - "GET /static/js/play.js?v=1779876137 HTTP/1.1" 304
2026-06-02 10:31:09  INFO     uvicorn.access  162.159.113.106:10031 - "GET /api/history/usage HTTP/1.1" 200
2026-06-02 10:31:09  INFO     uvicorn.access  162.159.113.107:13538 - "GET /api/history/list HTTP/1.1" 200
2026-06-02 10:31:09  INFO     uvicorn.access  162.159.113.106:10038 - "GET /api/announcement?page=play HTTP/1.1" 200
2026-06-02 10:31:17  INFO     uvicorn.access  162.159.113.107:11258 - "GET /api/proxy/v1/models HTTP/1.1" 200
2026-06-02 10:32:20  INFO     uvicorn.access  104.23.170.86:11785 - "GET /api/history/image/tzjackz666/1780387419226_1647_0.png?token=eyJpZCI6IDAsICJ1c2VybmFtZSI6ICJ0emphY2t6NjY2IiwgInJvbGUiOiAwLCAiaXNfYWRtaW4iOiBmYWxzZSwgImV4cCI6IDE3ODIyMjIyNjh9.adc7a3ce6872c7fb08ef1ce7bee102ac HTTP/1.1" 404
2026-06-02 10:32:20  INFO     uvicorn.access  104.23.166.112:13455 - "GET /api/history/image/tzjackz666/1780372622070_1328_0.png?token=eyJpZCI6IDAsICJ1c2VybmFtZSI6ICJ0emphY2t6NjY2IiwgInJvbGUiOiAwLCAiaXNfYWRtaW4iOiBmYWxzZSwgImV4cCI6IDE3ODIyMjIyNjh9.adc7a3ce6872c7fb08ef1ce7bee102ac HTTP/1.1" 404
2026-06-02 10:32:20  INFO     uvicorn.access  104.23.168.43:13613 - "GET /api/history/image/tzjackz666/1780387722621_3504_0.png?token=eyJpZCI6IDAsICJ1c2VybmFtZSI6ICJ0emphY2t6NjY2IiwgInJvbGUiOiAwLCAiaXNfYWRtaW4iOiBmYWxzZSwgImV4cCI6IDE3ODIyMjIyNjh9.adc7a3ce6872c7fb08ef1ce7bee102ac HTTP/1.1" 404
2026-06-02 10:32:20  INFO     uvicorn.access  172.71.99.127:12623 - "GET /api/history/image/tzjackz666/1780387568200_5592_0.png?token=eyJpZCI6IDAsICJ1c2VybmFtZSI6ICJ0emphY2t6NjY2IiwgInJvbGUiOiAwLCAiaXNfYWRtaW4iOiBmYWxzZSwgImV4cCI6IDE3ODIyMjIyNjh9.adc7a3ce6872c7fb08ef1ce7bee102ac HTTP/1.1" 404
2026-06-02 10:32:20  INFO     uvicorn.access  172.71.103.142:11204 - "GET /api/history/image/tzjackz666/1780372930572_7718_0.png?token=eyJpZCI6IDAsICJ1c2VybmFtZSI6ICJ0emphY2t6NjY2IiwgInJvbGUiOiAwLCAiaXNfYWRtaW4iOiBmYWxzZSwgImV4cCI6IDE3ODIyMjIyNjh9.adc7a3ce6872c7fb08ef1ce7bee102ac HTTP/1.1" 404
2026-06-02 10:34:26  WARNING  app.routers.api_proxy  代理上游返回 HTML 错误 [524] https://newapi-cf.qianqianye.com/v1/images/edits: <!DOCTYPE html>
<!--[if lt IE 7]> <html class="no-js ie6 oldie" lang="en-US"> <![endif]-->
<!--[if I
2026-06-02 10:34:37  INFO     uvicorn.access  104.23.225.88:12523 - "GET /api/proxy/v1/models HTTP/1.1" 200
2026-06-02 10:35:01  INFO     uvicorn.access  172.70.223.173:12432 - "GET /play HTTP/1.1" 200
2026-06-02 10:35:01  INFO     uvicorn.access  172.70.223.173:12432 - "GET /api/history/usage HTTP/1.1" 200
2026-06-02 10:35:01  INFO     uvicorn.access  172.70.223.173:12435 - "GET /api/history/list HTTP/1.1" 200
2026-06-02 10:35:02  INFO     uvicorn.access  172.70.223.173:12432 - "GET /api/proxy/v1/models HTTP/1.1" 200
2026-06-02 10:37:06  INFO     uvicorn.access  172.64.213.152:9266 - "POST /api/proxy/v1/images/edits HTTP/1.1" 200
2026-06-02 10:38:19  INFO     uvicorn.access  172.71.212.8:13022 - "POST /api/proxy/v1/chat/completions HTTP/1.1" 200
2026-06-02 10:38:22  INFO     uvicorn.access  172.71.212.8:13022 - "POST /api/history/save HTTP/1.1" 200
2026-06-02 10:38:23  INFO     uvicorn.access  172.71.212.8:13022 - "GET /api/history/usage HTTP/1.1" 200
2026-06-02 10:39:06  WARNING  app.routers.api_proxy  代理上游返回 HTML 错误 [524] https://newapi-cf.qianqianye.com/v1/images/edits: <!DOCTYPE html>
<!--[if lt IE 7]> <html class="no-js ie6 oldie" lang="en-US"> <![endif]-->
<!--[if I
2026-06-02 10:39:24  WARNING  uvicorn.error  Invalid HTTP request received.
2026-06-02 10:39:24  INFO     uvicorn.access  172.70.223.173:13589 - "POST /api/proxy/v1/chat/completions HTTP/1.1" 200
2026-06-02 10:39:27  INFO     uvicorn.access  172.70.223.173:13589 - "POST /api/history/save HTTP/1.1" 200
2026-06-02 10:39:27  INFO     uvicorn.access  172.70.223.173:13589 - "GET /api/history/usage HTTP/1.1" 200
2026-06-02 10:39:34  INFO     uvicorn.access  47.74.4.253:23400 - "GET / HTTP/1.1" 200
2026-06-02 10:39:34  INFO     uvicorn.access  47.74.4.253:23402 - "GET / HTTP/1.1" 200
2026-06-02 10:39:44  INFO     uvicorn.access  123.160.223.74:9001 - "GET / HTTP/1.1" 200
2026-06-02 10:40:16  INFO     uvicorn.access  111.7.96.180:59852 - "GET / HTTP/1.1" 200
2026-06-02 10:41:48  INFO     uvicorn.access  172.71.8.129:11753 - "GET /gallery HTTP/1.1" 200
2026-06-02 10:41:49  INFO     uvicorn.access  172.64.215.71:13333 - "GET /static/css/gallery.css?v=1779876137 HTTP/1.1" 200
2026-06-02 10:41:49  INFO     uvicorn.access  172.64.215.103:10988 - "GET /static/js/gallery.js?v=1779876137 HTTP/1.1" 200
2026-06-02 10:41:49  WARNING  app.routers.api_proxy  代理上游返回 HTML 错误 [524] https://newapi-cf.qianqianye.com/v1/images/edits: <!DOCTYPE html>
<!--[if lt IE 7]> <html class="no-js ie6 oldie" lang="en-US"> <![endif]-->
<!--[if I
2026-06-02 10:41:49  INFO     uvicorn.access  172.71.8.129:11753 - "GET /api/announcement?page=gallery HTTP/1.1" 200
2026-06-02 10:41:49  INFO     uvicorn.access  172.71.8.129:11760 - "POST /auth/verify HTTP/1.1" 200
2026-06-02 10:41:49  INFO     uvicorn.access  172.71.8.129:11753 - "GET /api/gallery/liked?fingerprint=152ad454 HTTP/1.1" 200
2026-06-02 10:41:50  INFO     uvicorn.access  172.71.8.129:11760 - "GET /api/gallery/images?page=1&sort=likes HTTP/1.1" 200
2026-06-02 10:41:50  INFO     uvicorn.access  162.159.108.153:10523 - "GET /api/gallery/avatar/IMG_8578.png HTTP/1.1" 200
2026-06-02 10:41:50  INFO     uvicorn.access  172.71.8.108:12868 - "GET /api/gallery/avatar/IMG_8531.png HTTP/1.1" 200
2026-06-02 10:41:50  INFO     uvicorn.access  172.70.49.211:9889 - "GET /api/gallery/avatar/IMG_8536.png HTTP/1.1" 200
2026-06-02 10:41:50  INFO     uvicorn.access  172.71.212.9:9463 - "GET /api/gallery/avatar/IMG_8559.png HTTP/1.1" 200
2026-06-02 10:41:50  INFO     uvicorn.access  172.71.8.119:11665 - "GET /api/gallery/file/4146c931c3244121ae6704675aad583b.png HTTP/1.1" 200
2026-06-02 10:41:50  INFO     uvicorn.access  172.64.213.86:12710 - "GET /api/gallery/file/039985f90d01467c8aa2f27d4b719282.png HTTP/1.1" 200
2026-06-02 10:41:50  INFO     uvicorn.access  162.158.119.175:13393 - "GET /api/gallery/file/b9dcee91db814cababe7148f68511586.png HTTP/1.1" 200
2026-06-02 10:41:50  INFO     uvicorn.access  172.70.223.224:13211 - "GET /api/gallery/file/bf8659bfd921477e9b19db3dc33fb5b1.png HTTP/1.1" 200
2026-06-02 10:41:50  INFO     uvicorn.access  172.64.215.74:11550 - "GET /api/gallery/file/3afbc016ab104c9eb569ca1c3d813b39.png HTTP/1.1" 200
2026-06-02 10:41:50  INFO     uvicorn.access  172.64.213.83:11005 - "GET /api/gallery/file/504cff89cfa0457a983588b56e14224d.png HTTP/1.1" 200
2026-06-02 10:41:50  INFO     uvicorn.access  172.68.119.112:13436 - "GET /api/gallery/file/03ebfe77ba784cd4967369a9bf682555.png HTTP/1.1" 200
2026-06-02 10:41:50  INFO     uvicorn.access  162.159.108.71:9789 - "GET /api/gallery/file/5288082c3c2f480ba32bf60a2b7a0a8d.png HTTP/1.1" 200
2026-06-02 10:41:59  INFO     uvicorn.access  172.71.24.60:13824 - "GET /api/gallery/comments/9?sort=newest HTTP/1.1" 200
2026-06-02 10:41:59  INFO     uvicorn.access  172.71.24.61:9885 - "POST /api/gallery/view/9 HTTP/1.1" 200
2026-06-02 10:42:09  INFO     uvicorn.access  172.71.24.60:10992 - "POST /api/gallery/view/4 HTTP/1.1" 200
2026-06-02 10:42:09  INFO     uvicorn.access  172.71.24.60:10999 - "GET /api/gallery/comments/4?sort=newest HTTP/1.1" 200
2026-06-02 10:42:20  INFO     uvicorn.access  172.71.24.60:10890 - "GET /api/gallery/images?page=1&sort=newest HTTP/1.1" 200
2026-06-02 10:42:22  INFO     uvicorn.access  172.71.24.60:10890 - "POST /api/gallery/view/9 HTTP/1.1" 200
2026-06-02 10:42:22  INFO     uvicorn.access  172.71.24.60:9773 - "GET /api/gallery/comments/9?sort=newest HTTP/1.1" 200
2026-06-02 10:42:31  INFO     uvicorn.access  172.71.24.60:9775 - "GET /play HTTP/1.1" 200
2026-06-02 10:42:32  INFO     uvicorn.access  172.71.24.60:9775 - "GET /api/history/usage HTTP/1.1" 200
2026-06-02 10:42:32  INFO     uvicorn.access  172.71.24.61:13253 - "GET /api/history/list HTTP/1.1" 200
2026-06-02 10:42:42  WARNING  app.routers.api_proxy  代理上游返回 HTML 错误 [524] https://newapi-cf.qianqianye.com/v1/images/edits: <!DOCTYPE html>
<!--[if lt IE 7]> <html class="no-js ie6 oldie" lang="en-US"> <![endif]-->
<!--[if I
2026-06-02 10:43:00  INFO     uvicorn.access  172.64.215.63:12175 - "GET /gallery HTTP/1.1" 200
2026-06-02 10:43:01  INFO     uvicorn.access  172.64.215.63:12175 - "GET /api/announcement?page=gallery HTTP/1.1" 200
2026-06-02 10:43:01  INFO     uvicorn.access  172.64.215.62:9799 - "POST /auth/verify HTTP/1.1" 200
2026-06-02 10:43:01  INFO     uvicorn.access  172.64.215.63:12175 - "GET /api/gallery/liked?fingerprint=152ad454 HTTP/1.1" 200
2026-06-02 10:43:01  INFO     uvicorn.access  172.64.215.62:9799 - "GET /api/gallery/images?page=1&sort=likes HTTP/1.1" 200
2026-06-02 10:43:02  INFO     uvicorn.access  172.64.215.63:12175 - "POST /api/gallery/view/9 HTTP/1.1" 200
2026-06-02 10:43:02  INFO     uvicorn.access  172.64.215.62:9799 - "GET /api/gallery/comments/9?sort=newest HTTP/1.1" 200
2026-06-02 10:43:12  INFO     uvicorn.access  172.64.215.62:12528 - "GET /play HTTP/1.1" 200
2026-06-02 10:43:13  INFO     uvicorn.access  172.64.215.62:12528 - "GET /api/history/usage HTTP/1.1" 200
2026-06-02 10:43:13  INFO     uvicorn.access  172.64.215.62:12528 - "GET /api/history/list HTTP/1.1" 200
2026-06-02 10:43:25  INFO     uvicorn.access  172.64.215.63:9971 - "GET /api/proxy/v1/models HTTP/1.1" 200
2026-06-02 10:45:39  WARNING  app.routers.api_proxy  代理上游返回 HTML 错误 [524] https://newapi-cf.qianqianye.com/v1/images/edits: <!DOCTYPE html>
<!--[if lt IE 7]> <html class="no-js ie6 oldie" lang="en-US"> <![endif]-->
<!--[if I
2026-06-02 10:46:37  WARNING  app.routers.api_proxy  代理上游返回 HTML 错误 [524] https://newapi-cf.qianqianye.com/v1/images/edits: <!DOCTYPE html>
<!--[if lt IE 7]> <html class="no-js ie6 oldie" lang="en-US"> <![endif]-->
<!--[if I
2026-06-02 10:47:59  WARNING  app.routers.api_proxy  代理上游返回 HTML 错误 [524] https://newapi-cf.qianqianye.com/v1/images/edits: <!DOCTYPE html>
<!--[if lt IE 7]> <html class="no-js ie6 oldie" lang="en-US"> <![endif]-->
<!--[if I
2026-06-02 12:18:40  WARNING  uvicorn.error  Invalid HTTP request received.
2026-06-02 12:35:22  INFO     uvicorn.access  104.23.251.191:12205 - "GET / HTTP/1.1" 200
2026-06-02 12:35:22  INFO     uvicorn.access  172.64.217.137:14127 - "GET /static/js/common.js HTTP/1.1" 304
2026-06-02 12:35:22  INFO     uvicorn.access  162.158.91.116:13876 - "GET /static/css/common.css HTTP/1.1" 304
2026-06-02 12:35:22  INFO     uvicorn.access  162.158.91.170:9592 - "GET /static/css/home.css HTTP/1.1" 304
2026-06-02 12:35:22  INFO     uvicorn.access  104.23.251.191:12205 - "GET /api/announcement?page=home HTTP/1.1" 200
2026-06-02 12:35:25  INFO     uvicorn.access  104.23.251.191:12205 - "GET /play HTTP/1.1" 200
2026-06-02 12:35:26  INFO     uvicorn.access  172.69.33.65:10555 - "GET /static/js/play.js?v=1779876137 HTTP/1.1" 304
2026-06-02 12:35:26  INFO     uvicorn.access  172.70.215.22:14011 - "GET /static/css/play.css?v=1779876137 HTTP/1.1" 304
2026-06-02 12:35:27  INFO     uvicorn.access  104.23.251.191:12205 - "GET /api/announcement?page=play HTTP/1.1" 200
2026-06-02 12:35:27  INFO     uvicorn.access  104.23.251.191:12210 - "GET /api/history/usage HTTP/1.1" 200
2026-06-02 12:35:27  INFO     uvicorn.access  104.23.251.190:10094 - "GET /api/history/list HTTP/1.1" 200
2026-06-02 12:35:30  INFO     uvicorn.access  172.70.215.115:11870 - "GET /api/history/image/Noram/1780387722621_3504_0.png?token=eyJpZCI6IDAsICJ1c2VybmFtZSI6ICJOb3JhbSIsICJyb2xlIjogMCwgImlzX2FkbWluIjogZmFsc2UsICJleHAiOiAxNzgyNjMzMzk0fQ%3D%3D.4e2817591cd61e3290b39ba7a32eff56 HTTP/1.1" 404
2026-06-02 12:35:30  INFO     uvicorn.access  104.23.251.92:13661 - "GET /api/history/image/Noram/1780387419226_1647_0.png?token=eyJpZCI6IDAsICJ1c2VybmFtZSI6ICJOb3JhbSIsICJyb2xlIjogMCwgImlzX2FkbWluIjogZmFsc2UsICJleHAiOiAxNzgyNjMzMzk0fQ%3D%3D.4e2817591cd61e3290b39ba7a32eff56 HTTP/1.1" 404
2026-06-02 12:35:30  INFO     uvicorn.access  172.69.33.33:13329 - "GET /api/history/image/Noram/1780372930572_7718_0.png?token=eyJpZCI6IDAsICJ1c2VybmFtZSI6ICJOb3JhbSIsICJyb2xlIjogMCwgImlzX2FkbWluIjogZmFsc2UsICJleHAiOiAxNzgyNjMzMzk0fQ%3D%3D.4e2817591cd61e3290b39ba7a32eff56 HTTP/1.1" 404
2026-06-02 12:35:30  INFO     uvicorn.access  172.70.206.54:14234 - "GET /api/history/image/Noram/1780387568200_5592_0.png?token=eyJpZCI6IDAsICJ1c2VybmFtZSI6ICJOb3JhbSIsICJyb2xlIjogMCwgImlzX2FkbWluIjogZmFsc2UsICJleHAiOiAxNzgyNjMzMzk0fQ%3D%3D.4e2817591cd61e3290b39ba7a32eff56 HTTP/1.1" 404
2026-06-02 12:35:30  INFO     uvicorn.access  172.70.206.151:9740 - "GET /api/history/image/Noram/1780372622070_1328_0.png?token=eyJpZCI6IDAsICJ1c2VybmFtZSI6ICJOb3JhbSIsICJyb2xlIjogMCwgImlzX2FkbWluIjogZmFsc2UsICJleHAiOiAxNzgyNjMzMzk0fQ%3D%3D.4e2817591cd61e3290b39ba7a32eff56 HTTP/1.1" 404
2026-06-02 12:35:44  INFO     uvicorn.access  172.64.217.74:9735 - "GET /api/history/image/Noram/1780327049030_9703_0.png?token=eyJpZCI6IDAsICJ1c2VybmFtZSI6ICJOb3JhbSIsICJyb2xlIjogMCwgImlzX2FkbWluIjogZmFsc2UsICJleHAiOiAxNzgyNjMzMzk0fQ%3D%3D.4e2817591cd61e3290b39ba7a32eff56 HTTP/1.1" 404
2026-06-02 13:18:12  INFO     uvicorn.access  172.70.248.116:12387 - "GET / HTTP/1.1" 200
2026-06-02 13:18:14  INFO     uvicorn.access  172.71.148.170:10660 - "GET /favicon.ico HTTP/1.1" 307
2026-06-02 13:18:16  INFO     uvicorn.access  172.71.148.7:13883 - "GET / HTTP/1.1" 200
2026-06-02 14:03:53  INFO     uvicorn.access  172.70.130.167:11343 - "GET / HTTP/1.1" 200
2026-06-02 14:03:55  INFO     uvicorn.access  108.162.216.103:11315 - "GET /favicon.ico HTTP/1.1" 307
2026-06-02 14:03:56  INFO     uvicorn.access  104.22.64.153:13307 - "GET / HTTP/1.1" 200
2026-06-02 14:13:26  INFO     uvicorn.access  172.70.233.155:9643 - "GET / HTTP/1.1" 200
2026-06-02 14:13:26  INFO     uvicorn.access  172.71.242.156:12447 - "GET /static/css/common.css HTTP/1.1" 200
2026-06-02 14:13:26  INFO     uvicorn.access  172.69.169.154:9883 - "GET /static/css/home.css HTTP/1.1" 200
2026-06-02 14:13:26  INFO     uvicorn.access  172.69.169.183:10197 - "GET /static/js/common.js HTTP/1.1" 200
2026-06-02 14:13:27  INFO     uvicorn.access  172.71.146.224:12062 - "GET /api/announcement?page=home HTTP/1.1" 200
2026-06-02 14:13:28  INFO     uvicorn.access  172.71.146.224:12062 - "GET /play HTTP/1.1" 200
2026-06-02 14:13:28  INFO     uvicorn.access  172.71.146.135:10468 - "GET /static/css/play.css?v=1779876137 HTTP/1.1" 200
2026-06-02 14:13:28  INFO     uvicorn.access  172.71.147.88:11942 - "GET /static/js/play.js?v=1779876137 HTTP/1.1" 200
2026-06-02 14:13:28  INFO     uvicorn.access  172.71.146.224:12062 - "GET /api/announcement?page=play HTTP/1.1" 200
2026-06-02 14:13:29  INFO     uvicorn.access  172.71.146.224:12062 - "GET /api/history/usage HTTP/1.1" 200
2026-06-02 14:13:29  INFO     uvicorn.access  172.71.146.224:12062 - "GET /api/history/list HTTP/1.1" 200
2026-06-02 14:19:13  INFO     uvicorn.access  172.70.233.155:10181 - "GET /api/proxy/v1/models HTTP/1.1" 200
2026-06-02 14:19:26  INFO     uvicorn.access  162.158.167.120:14293 - "GET /api/history/image/napcat/1780387722621_3504_0.png?token=eyJpZCI6IDAsICJ1c2VybmFtZSI6ICJuYXBjYXQiLCAicm9sZSI6IDAsICJpc19hZG1pbiI6IGZhbHNlLCAiZXhwIjogMTc4MjUzNzYyN30%3D.2251ea26e5d27de2137b2d5eeb624eae HTTP/1.1" 404
2026-06-02 14:19:28  INFO     uvicorn.access  172.71.155.105:9658 - "GET /api/history/image/napcat/1780387568200_5592_0.png?token=eyJpZCI6IDAsICJ1c2VybmFtZSI6ICJuYXBjYXQiLCAicm9sZSI6IDAsICJpc19hZG1pbiI6IGZhbHNlLCAiZXhwIjogMTc4MjUzNzYyN30%3D.2251ea26e5d27de2137b2d5eeb624eae HTTP/1.1" 404
2026-06-02 14:19:28  INFO     uvicorn.access  104.22.20.210:11443 - "GET /api/history/image/napcat/1780387419226_1647_0.png?token=eyJpZCI6IDAsICJ1c2VybmFtZSI6ICJuYXBjYXQiLCAicm9sZSI6IDAsICJpc19hZG1pbiI6IGZhbHNlLCAiZXhwIjogMTc4MjUzNzYyN30%3D.2251ea26e5d27de2137b2d5eeb624eae HTTP/1.1" 404
2026-06-02 14:19:28  INFO     uvicorn.access  172.71.154.236:10923 - "GET /api/history/image/napcat/1780372930572_7718_0.png?token=eyJpZCI6IDAsICJ1c2VybmFtZSI6ICJuYXBjYXQiLCAicm9sZSI6IDAsICJpc19hZG1pbiI6IGZhbHNlLCAiZXhwIjogMTc4MjUzNzYyN30%3D.2251ea26e5d27de2137b2d5eeb624eae HTTP/1.1" 200
2026-06-02 14:19:29  INFO     uvicorn.access  104.22.20.128:9726 - "GET /api/history/image/napcat/1780372622070_1328_0.png?token=eyJpZCI6IDAsICJ1c2VybmFtZSI6ICJuYXBjYXQiLCAicm9sZSI6IDAsICJpc19hZG1pbiI6IGZhbHNlLCAiZXhwIjogMTc4MjUzNzYyN30%3D.2251ea26e5d27de2137b2d5eeb624eae HTTP/1.1" 200
2026-06-02 14:21:34  WARNING  app.routers.api_proxy  代理上游返回 HTML 错误 [524] https://newapi-cf.qianqianye.com/v1/images/edits: <!DOCTYPE html>
<!--[if lt IE 7]> <html class="no-js ie6 oldie" lang="en-US"> <![endif]-->
<!--[if I
2026-06-02 14:23:33  INFO     uvicorn.access  108.162.246.190:13917 - "GET /play HTTP/1.1" 200
2026-06-02 14:23:34  INFO     uvicorn.access  108.162.246.190:13917 - "GET /api/history/usage HTTP/1.1" 200
2026-06-02 14:23:34  INFO     uvicorn.access  108.162.246.190:13917 - "GET /api/history/list HTTP/1.1" 200
2026-06-02 14:23:36  INFO     uvicorn.access  162.159.120.236:12769 - "GET /api/history/image/napcat/1780372930572_7718_0.png?token=eyJpZCI6IDAsICJ1c2VybmFtZSI6ICJuYXBjYXQiLCAicm9sZSI6IDAsICJpc19hZG1pbiI6IGZhbHNlLCAiZXhwIjogMTc4MjUzNzYyN30%3D.2251ea26e5d27de2137b2d5eeb624eae HTTP/1.1" 200
2026-06-02 14:24:37  INFO     uvicorn.access  162.158.41.180:10267 - "GET /api/proxy/v1/models HTTP/1.1" 200
2026-06-02 14:25:00  INFO     uvicorn.access  162.158.42.187:9810 - "GET /api/history/image/napcat/1780311271546_7723_0.png?token=eyJpZCI6IDAsICJ1c2VybmFtZSI6ICJuYXBjYXQiLCAicm9sZSI6IDAsICJpc19hZG1pbiI6IGZhbHNlLCAiZXhwIjogMTc4MjUzNzYyN30%3D.2251ea26e5d27de2137b2d5eeb624eae HTTP/1.1" 404
2026-06-02 14:25:00  INFO     uvicorn.access  162.158.42.17:11438 - "GET /api/history/image/napcat/1780327049030_9703_0.png?token=eyJpZCI6IDAsICJ1c2VybmFtZSI6ICJuYXBjYXQiLCAicm9sZSI6IDAsICJpc19hZG1pbiI6IGZhbHNlLCAiZXhwIjogMTc4MjUzNzYyN30%3D.2251ea26e5d27de2137b2d5eeb624eae HTTP/1.1" 404
2026-06-02 14:25:00  INFO     uvicorn.access  162.158.41.123:11883 - "GET /api/history/image/napcat/1780311110623_8373_0.png?token=eyJpZCI6IDAsICJ1c2VybmFtZSI6ICJuYXBjYXQiLCAicm9sZSI6IDAsICJpc19hZG1pbiI6IGZhbHNlLCAiZXhwIjogMTc4MjUzNzYyN30%3D.2251ea26e5d27de2137b2d5eeb624eae HTTP/1.1" 404
2026-06-02 14:25:00  INFO     uvicorn.access  162.158.41.94:10039 - "GET /api/history/image/napcat/1780310934006_5460_0.png?token=eyJpZCI6IDAsICJ1c2VybmFtZSI6ICJuYXBjYXQiLCAicm9sZSI6IDAsICJpc19hZG1pbiI6IGZhbHNlLCAiZXhwIjogMTc4MjUzNzYyN30%3D.2251ea26e5d27de2137b2d5eeb624eae HTTP/1.1" 404
2026-06-02 14:25:00  INFO     uvicorn.access  162.158.41.152:11194 - "GET /api/history/image/napcat/1780311951478_1469_0.png?token=eyJpZCI6IDAsICJ1c2VybmFtZSI6ICJuYXBjYXQiLCAicm9sZSI6IDAsICJpc19hZG1pbiI6IGZhbHNlLCAiZXhwIjogMTc4MjUzNzYyN30%3D.2251ea26e5d27de2137b2d5eeb624eae HTTP/1.1" 404
2026-06-02 14:25:08  INFO     uvicorn.access  162.158.42.106:11894 - "GET /api/history/image/napcat/1780396767092_7732_0.png?token=eyJpZCI6IDAsICJ1c2VybmFtZSI6ICJuYXBjYXQiLCAicm9sZSI6IDAsICJpc19hZG1pbiI6IGZhbHNlLCAiZXhwIjogMTc4MjUzNzYyN30%3D.2251ea26e5d27de2137b2d5eeb624eae HTTP/1.1" 404
2026-06-02 14:25:08  INFO     uvicorn.access  104.22.42.151:12426 - "GET /api/history/image/napcat/1780396702767_6771_0.png?token=eyJpZCI6IDAsICJ1c2VybmFtZSI6ICJuYXBjYXQiLCAicm9sZSI6IDAsICJpc19hZG1pbiI6IGZhbHNlLCAiZXhwIjogMTc4MjUzNzYyN30%3D.2251ea26e5d27de2137b2d5eeb624eae HTTP/1.1" 404
2026-06-02 14:26:57  WARNING  app.routers.api_proxy  代理上游返回 HTML 错误 [524] https://newapi-cf.qianqianye.com/v1/images/edits: <!DOCTYPE html>
<!--[if lt IE 7]> <html class="no-js ie6 oldie" lang="en-US"> <![endif]-->
<!--[if I
2026-06-02 14:30:59  INFO     uvicorn.error  Shutting down
2026-06-02 14:30:59  INFO     uvicorn.error  Waiting for application shutdown.
2026-06-02 14:30:59  INFO     uvicorn.error  Application shutdown complete.
2026-06-02 14:30:59  INFO     uvicorn.error  Finished server process [3653723]
